season,RMSE_mean,RMSE_std,KGE_mean,KGE_std,NSE_mean,n_observations,total_days
wet,0.12528459095528593,0.046860358745136624,-0.45857601283648436,1.8771672699267745,-60.810345656678955,40,13694
dry,0.11857379534223016,0.05368390393427058,-0.31297197895062495,1.9607690224045398,-42.029413063860275,40,17184
