horizon,horizon_days,RMSE_mean,RMSE_std,KGE_mean,KGE_std,NSE_mean,R2_mean,n_observations
0h,0,0.08716858396966523,0.037627488653628034,-5.193902941406836,20.225463241802988,-2640.50830329808,-2640.50830329808,29
24h,1,0.08723237032438749,0.03758877589028125,-5.209354595354211,20.30627298100288,-2650.6439653444763,-2650.6439653444763,29
72h,3,0.08763646548621136,0.03740319807646343,-5.249528319383148,20.497093332804237,-2678.650402241657,-2678.650402241657,29
168h,7,0.08851661853193708,0.03703481809153841,-5.300666495788502,20.708004803390676,-2696.91096344876,-2696.91096344876,29
