season,RMSE_mean,RMSE_std,KGE_mean,KGE_std,NSE_mean,n_observations,total_days
wet,0.08579730318695292,0.04268449154443718,-1.640485579280288,6.808227248732262,-1355.0335017399843,29,5776.0
dry,0.08654917017128966,0.03578311292076382,-21.76408985554217,41.241897889493934,-13559.222142520532,29,7003.0
transition,0.08041564028510094,0.00858422213264673,-12.595967438600141,11.66702494918355,-2472.6390630135043,9,2160.0
