horizon,horizon_days,RMSE_mean,RMSE_std,KGE_mean,KGE_std,NSE_mean,R2_mean,n_observations
0h,0,0.08340133978615352,0.032859230118757216,0.05730597635873608,0.8590652442483447,-31.059716226253318,0.35336560228866176,50
24h,1,0.08302341670298542,0.032970765510474155,0.06378425948368864,0.8599174445027161,-30.989194299063097,0.36334627683355036,50
72h,3,0.08245902997511712,0.03305106771052496,0.07434737820033872,0.8604858170779878,-30.853357871918256,0.38010900788606505,50
168h,7,0.08119813042134263,0.033215496934582416,0.09649955335522943,0.8631729426743655,-30.581885029829227,0.41691018927163803,50
