season,RMSE_mean,RMSE_std,KGE_mean,KGE_std,NSE_mean,n_observations,total_days
wet,0.08530592501711136,0.03314270045923548,-0.2125839950158203,0.5942326300523494,-21.09777186922708,50,12072.0
dry,0.0801980336798046,0.03500484153914624,-0.7977951954434128,2.7833262474515927,-4594.090991695674,50,14629.0
transition,0.07715959883020006,0.022883110604823623,-1.255323714836824,1.577539951996468,-802.1695419087199,14,3360.0
