horizon,horizon_days,RMSE_mean,RMSE_std,KGE_mean,KGE_std,NSE_mean,R2_mean,n_observations
0h,0,0.12608166693113582,0.05261781545992874,-0.26714231244859643,2.139797595964887,-43.40864052028064,-43.40864052028064,40
24h,1,0.12586195003500536,0.05276180288593724,-0.26080461066225646,2.1468307356343,-43.62968948022918,-43.62968948022918,40
72h,3,0.12607958676678926,0.05267348092842678,-0.2687559194260391,2.1565685283299656,-44.07055689949841,-44.07055689949841,40
168h,7,0.12698995412807,0.05215989742084731,-0.29991044833877195,2.171745916410322,-44.940240259508265,-44.940240259508265,40
