season,RMSE_mean,RMSE_std,KGE_mean,KGE_std,NSE_mean,n_observations,total_days
wet,0.13113147685311133,0.05388243457946113,-0.38198572513220225,2.087468549890898,-64.17171304792632,40,13702
dry,0.12242844338486854,0.053545638078247915,-0.2892980467597364,2.1451750733561674,-40.70048004563714,40,18215
