tree
version=v4
num_class=1
num_tree_per_iteration=1
label_index=0
max_feature_idx=73
objective=regression
feature_names=depth_cm precipitation_mm et0_mm temperature_2m relative_humidity_2m physics_prior_surface physics_prior_root physics_prior_deep soil_moisture_lag1d soil_moisture_lag2d soil_moisture_lag3d soil_moisture_lag7d soil_moisture_lag14d physics_prior_surface_lag1d physics_prior_surface_lag2d physics_prior_surface_lag3d physics_prior_surface_lag7d physics_prior_surface_lag14d soil_moisture_roll3d_mean soil_moisture_roll3d_std soil_moisture_roll7d_mean soil_moisture_roll7d_std soil_moisture_roll14d_mean soil_moisture_roll14d_std physics_prior_surface_roll3d_mean physics_prior_surface_roll3d_std physics_prior_surface_roll7d_mean physics_prior_surface_roll7d_std physics_prior_surface_roll14d_mean physics_prior_surface_roll14d_std precipitation_mm_roll3d_mean precipitation_mm_roll3d_std precipitation_mm_roll7d_mean precipitation_mm_roll7d_std precipitation_mm_roll14d_mean precipitation_mm_roll14d_std et0_mm_roll3d_mean et0_mm_roll3d_std et0_mm_roll7d_mean et0_mm_roll7d_std et0_mm_roll14d_mean et0_mm_roll14d_std temperature_2m_roll3d_mean temperature_2m_roll3d_std temperature_2m_roll7d_mean temperature_2m_roll7d_std temperature_2m_roll14d_mean temperature_2m_roll14d_std relative_humidity_2m_roll3d_mean relative_humidity_2m_roll3d_std relative_humidity_2m_roll7d_mean relative_humidity_2m_roll7d_std relative_humidity_2m_roll14d_mean relative_humidity_2m_roll14d_std precip_cum3d precip_cum7d precip_cum14d precip_cum30d et0_cum3d et0_cum7d et0_cum14d p_minus_et_cum7d p_minus_et_cum14d p_minus_et_cum30d days_since_rain_5mm soil_moisture_diff1d soil_moisture_trend7d physics_prior_surface_diff1d physics_prior_surface_trend7d day_of_year_sin day_of_year_cos physics_residual_roll7d physics_residual_roll14d physics_residual_roll30d
feature_infos=[10:120] [0:212.40000000000001] [0.67000000000000004:11.59] [12:35.799999999999997] [5:99] [-4193.3732491842338:-1.4561296017680496] [-87319.191851602503:-1.5747636933952616] [-174598.29674148402:-1.397803698761255] [0.0144166666666666:0.438] [0.0144166666666666:0.438] [0.014125:0.438] [0.0140416666666666:0.438] [0.012999999999999999:0.438] [-4193.3732491842338:-1.4561296017680496] [-4193.3732491842338:-1.4561296017680496] [-4193.3732491842338:-1.4561296017680496] [-4193.3732491842338:-1.4561296017680496] [-4193.3732491842338:-1.4561296017680496] [0.0144305555555555:0.43398333333333333] [0:0.18129039015166412] [0.014315476190476144:0.43055292207792206] [0:0.16784228709801879] [0.014181547619047569:0.42486656200941914] [0:0.14306250299464152] [-3954.2207070249983:-1.5598919927450901] [0:1504.6349674382582] [-3538.8489741745939:-1.7577139472653325] [0:1323.89753599501] [-3064.2435025147902:-1.9265948794422694] [0:1125.1844913150892] [0:118.60000000000001] [0:121.12874693206949] [0:55.328571428571429] [0:80.493327141358222] [0:42.700000000000003] [0:60.416585398454878] [0.77000000000000002:11.59] [0:2.690452254423656] [1.3500000000000001:11.59] [0:2.4908747746237956] [1.3500000000000001:11.59] [0:2.4179552709485121] [12.266666666666666:35.399999999999999] [0:3.9509492530276771] [12.828571428571431:35.399999999999999] [0:2.6726124191242424] [13.257142857142856:35.399999999999999] [0:2.5943726083138521] [5:99] [0:23.713568549109883] [5:96.428571428571431] [0:22.405356502408168] [5:95] [0:19.837249898019731] [0:355.80000000000001] [0:387.30000000000001] [0:597.80000000000007] [0:1087.5] [2.3100000000000001:34.769999999999996] [9.4500000000000011:81.129999999999995] [18.900000000000002:162.25999999999999] [-81.129999999999995:371.54000000000002] [-162.25999999999999:571.62000000000012] [-331.59999999999997:1026.3500000000001] [0:4559] [-0.3140041666666667:0.26150000000000001] [-0.31514722222222219:0.30962499999999998] [-1346.6349915871592:2446.3489563094163] [-1461.4934961298754:2693.3732491842334] [-0.99999073973619013:0.99999073973619013] [-0.99996295911626554:1] [-208.78478516141078:384.76760702631941] [-142.76520109118064:280.5098716078478] [-128.58763189620799:130.15568552137995]
tree_sizes=2967 2996 3026 3019 3026 3035 3014 3039 3047 3036 3047 3035 3025 3056 3039 3045 3027 3022 3050 3021 3040 3048 3028 3057 3049 3034 3056 3038 3045 3048 3055 3038 3053 3054 3051 3039 3051 3020 3087 3041 3047 3088 3036 3079 3064 3059 3059 3049 3068 3017 3059 3067 3060 3079 3058 3039 3063 3057 3051 3065 3062 3053 3046 3058 3073 3064 3072 3067 3058 3064 3087 3084 3086 3097 3078 3059 3066 3036 3041 3074 3057 3041 3028 3088 3071 3061 3064 3057 3084 3071 3084 3079 3077 3080 3062 3062 3077 3056 3056 3068 3015 3087 3084 3074 3072 3028 3050 3054 3045 3057 3051 3057 3053 3040 3092 3027 3072 3065 3034 3042 3092 3079 3051 3067 3081 3030 3040 3050 3067 2999 3041 3048 3043 3058 3088 3039 3048 3057 3067 3077 3054 3014 3047 3079 2959 3057 3068 3083 3044 3066 3083 3089 3088 3087 3041 3057 3052 3079 3055 3085 3043 3036 2967 3055 2938 3024 3027 3045 3032 3061 3068 3011 3031 2977 3053 2986 3069 3009 2990 3045

Tree=0
num_leaves=31
num_cat=0
split_feature=20 20 9 12 11 46 70 7 69 47 12 63 69 63 0 12 18 12 12 0 69 57 59 20 17 69 8 7 16 11
split_gain=262.128 85.2384 18.0672 13.6319 9.97848 7.50954 5.00645 2.75971 2.61265 2.57532 2.29805 1.77406 1.57299 1.40012 1.09243 0.978855 0.907757 0.868115 0.743667 0.711984 0.689919 0.521496 0.495464 0.483709 0.46863 0.51177 0.456211 0.434326 0.480141 0.428048
threshold=0.084139880952380938 0.27468154761904767 0.054720833333333309 0.27660416666666671 0.3490375 22.38571428571429 -0.45973273945210419 -1500.0000000000152 -0.29259762607704992 0.62480766271268895 0.32472916666666668 -127.85999999999999 0.064507852084056461 -55.634999999999991 22.500000000000004 0.054977083333333308 0.3192430555555556 0.19774999999999998 0.29418749999999999 15.000000000000002 0.53436760985011655 45.050000000000011 35.355000000000011 0.04788928571428569 -1500.0000000000016 -0.66484924122790601 0.1857291666666667 -1499.999999999998 -1499.999999999998 0.34390833333333332
decision_type=2 2 2 2 2 2 2 2 2 2 2 2 2 2 2 2 2 2 2 2 2 2 2 2 2 2 2 2 2 2
left_child=2 3 23 5 10 8 7 -7 17 15 16 -6 -8 -10 27 -4 19 -2 21 -3 -12 -5 -18 -1 -17 -26 -20 -11 -29 -28
right_child=1 4 9 18 11 6 12 -9 13 14 20 -13 -14 -15 -16 24 22 -19 26 -21 -22 -23 -24 -25 25 -27 29 28 -30 -31
leaf_value=-0.081904623243440139 -0.076100501031659509 -0.076818310386872951 -0.081309072442787692 -0.074093872592835661 -0.07513075585206043 -0.080925521346304777 -0.07862811863631361 -0.077103035224413766 -0.075993975526676971 -0.078882713734737556 -0.073394816207291644 -0.072627843262135672 -0.077876483064921148 -0.077710961791308389 -0.080668412459073288 -0.080548739164442995 -0.074259174542885706 -0.074530381691911188 -0.075689849083352065 -0.075344784602133855 -0.074793171359526595 -0.076559103755835897 -0.075560542968655081 -0.080975709196466933 -0.081238521545848985 -0.079171657005043569 -0.074861411810124651 -0.078221950756474909 -0.07645024803646619 -0.073271787782093284
leaf_weight=10001 566 363 332 93 282 173 4793 6972 759 150 1102 3855 5271 986 108 349 1049 766 551 1824 486 505 382 583 118 1546 1192 211 382 189
leaf_count=10001 566 363 332 93 282 173 4793 6972 759 150 1102 3855 5271 986 108 349 1049 766 551 1824 486 505 382 583 118 1546 1192 211 382 189
internal_value=-0.0777953 -0.0763118 -0.081257 -0.0773004 -0.0738983 -0.0775596 -0.0778035 -0.0771964 -0.0761948 -0.0792781 -0.0747749 -0.072797 -0.0782348 -0.0769618 -0.0778606 -0.0797909 -0.0751963 -0.0751935 -0.0752243 -0.0755874 -0.0738187 -0.0761652 -0.0746027 -0.081854 -0.0795374 -0.079322 -0.0749356 -0.0774532 -0.0770854 -0.0746386
internal_weight=45939 32159 13780 22816 9343 20286 17209 7145 3077 3196 5206 4137 10064 1745 851 2345 3618 1332 2530 2187 1588 598 1431 10584 2013 1664 1932 743 593 1381
internal_count=45939 32159 13780 22816 9343 20286 17209 7145 3077 3196 5206 4137 10064 1745 851 2345 3618 1332 2530 2187 1588 598 1431 10584 2013 1664 1932 743 593 1381
is_linear=0
shrinkage=1


Tree=1
num_leaves=31
num_cat=0
split_feature=10 20 10 12 11 46 70 7 47 52 12 21 57 11 20 46 7 18 12 12 0 20 46 6 57 15 70 7 70 16
split_gain=247.224 77.5298 21.0153 12.3415 9.38697 6.62685 3.88842 2.47762 2.3574 2.17137 2.16179 1.96609 1.6639 1.48259 1.39692 0.885989 0.861233 0.853778 0.799457 0.699024 0.669437 0.656839 0.499489 0.49774 0.490823 0.478651 0.448656 0.365447 0.360067 0.348441
threshold=0.083472916666666605 0.27468154761904767 0.053758333333333304 0.27660416666666671 0.3490375 22.38571428571429 -0.49749486057528974 -1500.0000000000152 0.62480766271268895 77.678571428571431 0.32472916666666668 0.086065600290692545 3.5000000000000022 0.13117156862745091 0.18813988095238096 17.603571428571431 -1500.0000000000025 0.3192430555555556 0.054977083333333308 0.29418749999999999 15.000000000000002 0.04788928571428569 27.489285714285721 -762.49591643327881 45.050000000000011 -1500.0000000000016 -0.71464691390916035 -3.8627412515473591 -0.2511900638848194 -1499.999999999998
decision_type=2 2 2 2 2 2 2 2 2 2 2 2 2 2 2 2 2 2 2 2 2 2 2 2 2 2 2 2 2 2
left_child=2 3 21 5 10 9 7 -7 13 14 17 -8 -6 18 -2 -11 -10 20 -4 24 -3 -1 28 -19 -5 -20 -21 -14 -12 -18
right_child=1 4 8 19 12 6 11 -9 16 15 22 -13 27 -15 -16 -17 29 23 25 26 -22 -23 -24 -25 -26 -27 -28 -29 -30 -31
leaf_value=-0.0039842074869238945 0.0010910237555436992 0.00095030186748600498 -0.0033776611771327426 0.0035941079212154481 0.0024948844779211711 -0.0030660445045314132 -0.00045873954443077325 0.0006751746675331021 -0.001516604343344637 0.0022324066480389508 0.0044925421378105845 0.0013045271455963247 0.0049277728332605322 0.00026659002492516792 0.0026799482605470793 -9.9074550929247081e-05 -0.00035282395170521403 0.0023911843175775877 -0.0027486488122842271 0.0035651841208475719 0.002379581415113608 -0.0030511116275886217 0.0017731816528098925 0.0035672052781546056 0.001201724953226342 -0.0015311174963658094 0.0024940076649187142 0.0062710295898131029 0.0035025935776404928 0.0011282460984101414
leaf_weight=10003 814 363 312 93 261 162 9184 6625 222 180 743 605 3651 303 1324 763 208 574 359 504 1824 779 104 857 505 1787 1428 225 741 436
leaf_count=10003 814 363 312 93 261 162 9184 6625 222 180 743 605 3651 303 1324 763 208 574 359 504 1824 779 104 857 505 1787 1428 225 741 436
internal_value=2.58094e-06 0.0014904 -0.00325275 0.000524821 0.00378274 0.000270752 3.30556e-05 0.000584994 -0.00127569 0.00154818 0.00293255 -0.000349334 0.00485093 -0.00170395 0.00207719 0.000344674 8.66212e-05 0.00252369 -0.00194809 0.00249675 0.00214426 -0.00391736 0.00386001 0.00309958 0.00158417 -0.00173738 0.0027767 0.00500812 0.00400295 0.000645432
internal_weight=45939 31530 14409 22187 9343 19657 16576 6787 3627 3081 5206 9789 4137 2761 2138 943 866 3618 2458 2530 2187 10782 1588 1431 598 2146 1932 3876 1484 644
internal_count=45939 31530 14409 22187 9343 19657 16576 6787 3627 3081 5206 9789 4137 2761 2138 943 866 3618 2458 2530 2187 10782 1588 1431 598 2146 1932 3876 1484 644
is_linear=0
shrinkage=0.03


Tree=2
num_leaves=31
num_cat=0
split_feature=22 22 10 11 12 44 43 7 17 47 20 17 70 12 70 23 23 47 44 22 70 22 63 18 38 17 70 33 7 15
split_gain=236.032 55.257 49.5503 6.80335 4.59886 5.02944 2.57065 2.40867 2.2427 2.19602 2.13761 2.13009 1.78106 1.5698 1.29913 1.28006 1.07919 0.94614 0.723448 0.690069 0.689918 0.661959 0.624948 0.52965 0.378482 0.364072 0.364921 0.357671 0.344686 0.32916
threshold=0.14961235119047617 0.2750434523809524 0.053758333333333304 0.3490375 0.29418749999999999 22.907142857142862 0.057735026918961117 -1500.0000000000202 -23.568906097032954 0.56684978726173163 0.093492559523809513 -337.89135544163372 -0.47495107206705001 0.32472916666666668 -0.317191288589106 0.0036739130858731562 0.013074023773226031 0.67616403497810684 17.492857142857147 0.050119940476190457 -0.58427653070765284 0.066997470238095228 -145.90499999999997 0.3192430555555556 3.4035714285714294 -4.6710881258345172 -0.18399835165767994 1.2412550918031464 -1499.999999999997 -1500.0000000000016
decision_type=2 2 2 2 2 2 2 2 2 2 2 2 2 2 2 2 2 2 2 2 2 2 2 2 2 2 2 2 2 2
left_child=2 4 19 13 5 8 12 -4 16 10 21 -5 -7 20 -12 29 -2 -8 -10 -1 27 -9 -15 -22 -6 26 -13 -3 -24 -11
right_child=1 3 7 11 24 6 17 9 18 15 14 25 -14 22 -16 -17 -18 -19 -20 -21 23 -23 28 -25 -26 -27 -28 -29 -30 -31
leaf_value=-0.0038815825878330927 0.0033842505420271598 0.0038587584626820107 -0.0036970770613912445 0.0022119148430220855 0.00086401373583992768 0.0013587057905316922 0.00017084657831801411 -0.0024388561754176532 0.0020448337447683852 -0.00029697300891442965 0.00020831557602340534 0.0049957087937886144 0.00037896826518330151 0.00096996755626153289 -0.00099967977110635917 -0.00055265522430371773 0.0018129737956711219 -0.00077731759775529743 0.00059092008870715424 -0.0029732239779335992 0.0019332314722287425 -0.0013983749785276228 0.0029505043965205547 0.0029396081160195904 0.0025939220392873844 0.0056701318818447467 0.004321849754422194 0.0025992636181067508 0.0041096401678434487 0.00099772742481028104
leaf_weight=9890 779 501 258 302 131 3104 3873 883 424 218 1139 2151 3640 73 2669 1986 830 1252 1162 867 1355 1550 324 765 1414 497 1364 398 1284 856
leaf_count=9890 779 501 258 302 131 3104 3873 883 424 218 1139 2151 3640 73 2669 1986 830 1252 1162 867 1355 1550 324 765 1414 497 1364 398 1284 856
internal_value=2.54456e-06 0.00191736 -0.0024123 0.00380843 0.0008907 0.00073044 0.000445618 -0.000840078 0.00178711 -0.000760117 -0.00108291 0.00467046 0.000830483 0.00301574 -0.000637612 -0.000100657 0.0025772 -6.03042e-05 0.000982542 -0.00380893 0.00260146 -0.00177807 0.00375599 0.00229901 0.00244984 0.00485418 0.00473637 0.003308 0.00387993 0.000732107
internal_weight=45939 25623 20316 9014 16609 15064 11869 9559 3195 9301 6241 4314 6744 4700 3808 3060 1609 5125 1586 10757 3019 2433 1681 2120 1545 4012 3515 899 1608 1074
internal_count=45939 25623 20316 9014 16609 15064 11869 9559 3195 9301 6241 4314 6744 4700 3808 3060 1609 5125 1586 10757 3019 2433 1681 2120 1545 4012 3515 899 1608 1074
is_linear=0
shrinkage=0.03


Tree=3
num_leaves=31
num_cat=0
split_feature=22 22 10 11 22 52 53 0 22 64 15 12 70 69 23 23 3 69 69 69 70 70 22 22 69 42 42 7 70 18
split_gain=222.1 51.9968 46.6205 6.40007 4.41907 3.73613 2.63566 2.32316 2.98381 2.03062 1.59986 1.47657 1.44035 1.41415 1.23446 1.17551 1.3531 1.40338 1.15346 1.0764 0.663217 0.648918 0.648405 0.624169 0.597292 0.594832 0.580465 0.500066 0.57734 0.497978
threshold=0.14961235119047617 0.2750434523809524 0.053758333333333304 0.3490375 0.21672499999999997 78.035714285714292 0.53452248382492373 15.000000000000002 0.10880863095238093 222.50000000000003 -1500.0000000000025 0.32472916666666668 -0.14153505243942446 -0.14153898451656977 0.0010001605760311398 0.085571498075236202 21.950000000000003 -0.74981945761428159 0.047320950113892181 -0.17552986495351994 -0.45973273945210419 -0.58427653070765284 0.050119940476190457 0.22965780279503104 0.5772862706790628 25.416666666666668 22.083333333333339 -1499.999999999997 -0.60505606964884906 0.3192430555555556
decision_type=2 2 2 2 2 2 2 2 2 2 2 2 2 2 2 2 2 2 2 2 2 2 2 2 2 2 2 2 2 2
left_child=2 4 22 11 15 13 -7 10 18 -5 -4 21 -8 25 -12 16 19 -18 -9 -2 -20 -3 -1 -15 -13 -6 -16 28 -10 -23
right_child=1 3 7 9 5 6 12 8 27 -11 14 24 -14 23 26 -17 17 -19 20 -21 -22 29 -24 -25 -26 -27 -28 -29 -30 -31
leaf_value=-0.0037651470624699098 0.0021727424863606224 0.003209078420946219 -0.0014499568627317607 0.0046694503865403313 0.0034757766637475533 0.0032055167367234386 0.00099854009806639855 -0.0030647869938874462 0.0016906526424207314 0.0014400517409865526 0.0012300136358207683 0.0039653231224764879 -0.00014705710006150655 0.00089264108517112754 0.0018992263234843983 0.0015322215977764198 -0.00073362901597940353 0.00033403914078751951 -0.0001814486810154778 0.00035093299442253605 -0.0018552039763266878 0.0018752772913235077 -0.0028841300032626965 0.0020036967796438696 0.0025949078057559559 0.0020176265542291927 -0.00035779826847390819 -0.00076722547963320594 -0.0004553407659625205 0.0028515349590359684
leaf_weight=9890 552 899 892 4127 760 383 2915 696 171 187 584 1282 1487 661 105 730 1413 5108 256 629 1410 1355 867 1567 399 404 2882 2239 324 765
leaf_count=9890 552 899 892 4127 760 383 2915 696 171 187 584 1282 1487 661 105 730 1413 5108 256 629 1410 1355 867 1567 399 404 2882 2239 324 765
internal_value=2.51385e-06 0.00185996 -0.00233997 0.0036944 0.000864039 0.00136106 0.000819858 -0.00081493 -0.00125275 0.00453053 -0.000314173 0.0029255 0.000610929 0.00212317 -2.92991e-05 0.000381587 0.000271955 0.000102155 -0.00203406 0.0012061 -0.00160008 0.00252362 -0.00369469 0.00167596 0.00364356 0.00297442 -0.000276846 -0.000576153 0.000281868 0.00223015
internal_weight=45939 25623 20316 9014 16609 8177 4785 9559 5096 4314 4463 4700 4402 3392 3571 8432 7702 6521 2362 1181 1666 3019 10757 2228 1681 1164 2987 2734 495 2120
internal_count=45939 25623 20316 9014 16609 8177 4785 9559 5096 4314 4463 4700 4402 3392 3571 8432 7702 6521 2362 1181 1666 3019 10757 2228 1681 1164 2987 2734 495 2120
is_linear=0
shrinkage=0.03


Tree=4
num_leaves=31
num_cat=0
split_feature=22 22 10 22 12 44 43 0 22 17 70 70 14 64 21 23 35 7 7 44 22 73 53 44 38 7 10 7 70 44
split_gain=208.987 48.929 43.8644 6.73339 3.98943 4.30755 2.1966 2.18623 2.80781 2.08456 1.71732 1.61756 1.50357 1.40194 1.21935 1.00461 0.950447 0.891193 0.736955 0.68237 0.609233 0.532736 0.508388 0.587807 0.512859 0.490614 0.473147 0.470536 0.543449 0.451269
threshold=0.14961235119047617 0.27098110119047619 0.053758333333333304 0.32319642857142866 0.29418749999999999 22.907142857142862 0.057735026918961117 15.000000000000002 0.10880863095238093 -23.568906097032954 -0.72658061058372014 -0.47495107206705001 -1500.0000000000025 222.50000000000003 0.0011467763036694279 0.013074023773226031 6.030219224774247 -12.144571559833576 -1500.0000000000066 17.221428571428579 0.050119940476190457 0.85152194868297226 1.0690449676497273 23.450000000000006 4.7764285714285721 -844.75762544341444 0.063814583333333313 -1499.999999999997 -0.60505606964884906 21.778571428571436
decision_type=2 2 2 2 2 2 2 2 2 2 2 2 2 2 2 2 2 2 2 2 2 2 2 2 2 2 2 2 2 2
left_child=2 4 20 10 5 9 11 12 18 15 -3 -7 26 17 -14 -2 -8 21 -9 -11 -1 -5 24 -24 -12 -20 -4 28 -10 -16
right_child=1 3 7 13 -6 6 16 8 27 19 22 -13 14 -15 29 -17 -18 -19 25 -21 -22 -23 23 -25 -26 -27 -28 -29 -30 -31
leaf_value=-0.0036522040389916611 0.0032018575973877801 0.0035504537555108356 2.1443721307106981e-05 0.0037242803217238506 0.002307945281276287 0.001264256609086129 0.00015314760447120184 -0.0034989272730000689 0.0016402279387450192 0.002010059264846219 0.0038556263799118936 0.00032313261299856077 0.0009242495213618938 0.0016097428545108817 0.0017188509117228563 0.0016649854023591173 -0.00081896826792244497 0.0047353739167876651 -0.0012030828779648088 0.0005045788842941404 -0.0027977057757999752 0.0050561190409092772 0.0023068452278699734 0.0012142206720581398 0.002044773853165989 -0.0021551216564371038 -0.0017358424242224521 -0.00074421898859965228 -0.00044172258295548653 -0.00042540735918880689
leaf_weight=9890 773 1272 166 2076 1454 3054 3899 258 171 357 315 3584 901 180 90 791 1177 2619 827 1159 867 339 1665 628 281 1277 726 2239 324 2580
leaf_count=9890 773 1272 166 2076 1454 3054 3899 258 171 357 315 3584 901 180 90 791 1177 2619 827 1159 867 339 1665 628 281 1277 726 2239 324 2580
internal_value=2.47159e-06 0.00180426 -0.00226981 0.00353009 0.00080812 0.000660364 0.000397462 -0.00079052 -0.00121525 0.00165882 0.00262703 0.0007567 -0.000304719 0.00424956 -2.8524e-05 0.00242806 -7.17883e-05 0.00434302 -0.00197318 0.000862171 -0.00358388 0.00391449 0.00221832 0.00200957 0.00301173 -0.00178309 -0.0014058 -0.000558863 0.000273305 -0.000351389
internal_weight=45939 25623 20316 9375 16248 14794 11714 9559 5096 3080 4161 6638 4463 5214 3571 1564 5076 5034 2362 1516 10757 2415 2889 2293 596 2104 892 2734 495 2670
internal_count=45939 25623 20316 9375 16248 14794 11714 9559 5096 3080 4161 6638 4463 5214 3571 1564 5076 5034 2362 1516 10757 2415 2889 2293 596 2104 892 2734 495 2670
is_linear=0
shrinkage=0.03


Tree=5
num_leaves=31
num_cat=0
split_feature=22 22 10 11 12 46 69 69 0 22 63 5 70 43 57 70 21 69 18 29 70 22 69 46 0 70 53 23 12 28
split_gain=197.244 46.1247 41.3778 5.60347 3.99517 3.81032 2.3253 2.28298 2.09869 2.78587 1.89935 1.46998 1.31474 1.21133 1.20577 1.16007 1.028 1.01501 0.989948 0.769985 0.688923 0.649716 0.455414 0.445148 0.439184 0.659504 0.523282 0.438312 0.420782 0.397085
threshold=0.15119345238095236 0.27711096014492759 0.053758333333333304 0.3490375 0.29418749999999999 22.903571428571432 -0.78297285307474518 -0.30901413279605799 15.000000000000002 0.10880863095238093 -136.84499999999997 -1500.0000000000025 -0.57022117041332299 0.057735026918961117 65.450000000000003 0.012909817866233263 0.0010938213317475665 0.1670500785599974 0.3192430555555556 103.97610055020084 -0.45973273945210419 0.050119940476190457 -0.2760944163666606 24.903571428571432 27.500000000000004 -0.28435918728100346 6.230243308574293 0.0034049948328897764 0.33959166666666668 -345.23479830074331
decision_type=2 2 2 2 2 2 2 2 2 2 2 2 2 2 2 2 2 2 2 2 2 2 2 2 2 2 2 2 2 2
left_child=2 4 21 12 5 7 15 19 11 17 -5 27 28 -8 -9 -7 29 -10 -14 -2 -19 -1 -20 -18 26 -26 -11 -4 -3 -13
right_child=1 3 8 10 -6 6 13 14 9 24 -12 16 18 -15 -16 -17 23 20 22 -21 -22 -23 -24 -25 25 -27 -28 -29 -30 -31
leaf_value=-0.0035384676946727104 0.002293392720132504 0.0030802230723694026 -0.00037753473358755865 0.0018674594526119687 0.0022516893222464425 0.00029488061280722849 0.0009554127646332881 0.0018495777870368667 -0.0028730545602187337 -0.001400947313927156 0.0044462509704038256 0.0012822685260586173 0.0018879398153945038 0.00024369119400674758 0.00030859148957979607 -0.00090344280692925395 0.00066717955800990819 1.5593077602800351e-06 0.0036021415016192588 0.0045267280925403936 -0.0017722523973532033 -0.0026936900994356922 0.0024437639751154283 -0.00046311332334777122 0.00055942292929384138 -0.00065914935691206819 0.00034895170730313573 -0.0018399955357434206 0.0041501419641935058 -9.6325256317602773e-05
leaf_weight=9922 1094 979 272 281 1596 1429 5275 775 742 795 4054 609 1639 3659 1127 1473 357 226 629 164 1377 947 673 2438 579 1274 187 616 567 266
leaf_count=9922 1094 979 272 281 1596 1429 5275 775 742 795 4054 609 1639 3659 1127 1473 357 226 629 164 1377 947 673 2438 579 1274 187 616 567 266
internal_value=-1.18528e-05 0.0017566 -0.00219295 0.00350932 0.000824333 0.000672082 0.000424573 0.00159777 -0.00077221 -0.00118548 0.00428025 -0.000301725 0.00276305 0.000664316 0.000938709 -0.000312434 -3.57445e-05 -0.00195076 0.00238568 0.00259029 -0.00152046 -0.00346539 0.00300802 -0.000317483 -0.000550952 -0.000276672 -0.00106465 -0.00139634 0.00347699 0.00086012
internal_weight=46021 25414 20607 8822 16592 14996 11836 3160 9738 5180 4335 4558 4487 8934 1902 2902 3670 2345 2941 1258 1603 10869 1302 2795 2835 1853 982 888 1546 875
internal_count=46021 25414 20607 8822 16592 14996 11836 3160 9738 5180 4335 4558 4487 8934 1902 2902 3670 2345 2941 1258 1603 10869 1302 2795 2835 1853 982 888 1546 875
is_linear=0
shrinkage=0.03


Tree=6
num_leaves=31
num_cat=0
split_feature=11 18 9 12 11 18 44 29 0 12 70 7 69 18 12 47 64 69 52 64 12 0 12 47 0 7 6 2 11 70
split_gain=182.075 53.9537 14.2763 10.5791 8.36536 4.90011 2.63025 2.02881 2.02228 1.90294 1.88567 1.47905 1.17245 0.987895 0.972272 0.782969 0.771053 0.72891 0.719798 0.707363 0.642035 1.19801 0.638453 0.600484 0.565313 0.434665 0.406422 0.385869 0.37819 0.36419
threshold=0.083354166666666604 0.27294652777777778 0.054720833333333309 0.27660416666666671 0.32552083333333343 0.17771875000000009 22.707142857142863 3.7184179331789928 15.000000000000002 0.072858333333333317 -0.25950218452349683 -13.175498850626445 0.26781182513105634 0.3192430555555556 0.34567500000000001 0.62480766271268895 240.50000000000003 1.0000000180025095e-35 81.964285714285737 199.50000000000003 0.32472916666666668 15.000000000000002 0.054977083333333308 0.10690449676520962 15.000000000000002 -1499.9999999999989 -763.73958641151432 6.3450000000000006 0.31516875 -0.55599684127981919
decision_type=2 2 2 2 2 2 2 2 2 2 2 2 2 2 2 2 2 2 2 2 2 2 2 2 2 2 2 2 2 2
left_child=2 3 24 5 13 9 7 -7 15 -2 -8 16 -11 20 18 27 17 -6 -5 28 21 -3 -10 -20 -1 -17 -15 -4 -16 -24
right_child=1 4 8 14 11 6 10 -9 22 12 -12 -13 -14 26 19 25 -18 -19 23 -21 -22 -23 29 -25 -26 -27 -28 -29 -30 -31
leaf_value=-0.0016990049763854485 -0.0018788448153084375 7.2988657288457426e-05 -0.00057899177995546214 0.0021949335535963268 0.0042830760493556734 0.00053974772393108373 0.00081402785015552231 0.0024430147965102482 -0.002771551212029938 -0.0005174352406845475 -0.00012284283778983283 0.0045024528456339141 0.00017896944995457237 0.0021657530948247122 0.0028416506129998408 -0.00097036931916332945 0.0017805658614064785 0.0031431562844055684 0.0033759425536330255 0.0015672211459258924 0.0028261288308667849 0.0019521355711080515 -0.00041435093552746031 0.00034940499402033229 -0.0033963210420480633 0.00069454633887209324 0.0031656423933573382 -0.0019988659016816012 0.0043654969755614944 -0.0016972740617312604
leaf_weight=190 631 364 519 1280 925 894 4570 1171 488 4398 3342 2583 4296 614 340 185 234 1248 69 221 539 2011 234 400 10380 574 1069 265 305 1682
leaf_count=190 631 364 519 1280 925 894 4570 1171 488 4398 3342 2583 4296 614 340 185 234 1248 69 221 539 2011 234 400 10380 574 1069 265 305 1682
internal_value=-1.14643e-05 0.00126939 -0.00279121 0.000448073 0.00314647 0.00020525 0.000667423 0.00162115 -0.00125002 -0.000288934 0.000417952 0.00399794 -0.000172992 0.00222088 0.0022385 -0.000399546 0.00345364 0.00363152 0.00182522 0.00306663 0.00188214 0.00166555 -0.00179425 0.000807292 -0.00336626 0.000284047 0.00280414 -0.00106468 0.00357252 -0.00154245
internal_weight=46021 31504 14517 21917 9587 19302 9977 2065 3947 9325 7912 4990 8694 4597 2615 1543 2407 2173 1749 866 2914 2375 2404 469 10570 759 1683 784 645 1916
internal_count=46021 31504 14517 21917 9587 19302 9977 2065 3947 9325 7912 4990 8694 4597 2615 1543 2407 2173 1749 866 2914 2375 2404 469 10570 759 1683 784 645 1916
is_linear=0
shrinkage=0.03


Tree=7
num_leaves=31
num_cat=0
split_feature=22 22 10 11 12 44 69 69 7 63 45 22 70 22 6 70 70 22 23 29 22 69 12 60 28 70 69 6 53 41
split_gain=175.026 40.8816 36.5804 4.95678 3.53281 3.42311 2.12833 2.07215 1.81956 1.72166 1.64649 1.77823 1.22792 1.12776 1.10096 1.06385 0.977421 0.775155 0.757712 0.737056 0.569615 0.390515 0.384582 0.381913 0.376134 0.464364 0.348838 0.268166 0.260293 0.250592
threshold=0.15119345238095236 0.27711096014492759 0.053758333333333304 0.3490375 0.29418749999999999 22.907142857142862 -0.78297285307474518 -0.30901413279605799 -1500.0000000000202 -136.84499999999997 0.49135381491199331 0.084125595238095222 -0.55599684127981919 0.21672499999999997 -17.168322920038879 0.012909817866233263 -0.29258949745833546 0.32319642857142866 0.00379896303537827 103.97610055020084 0.050119940476190457 -0.65189295912203338 0.33959166666666668 41.64500000000001 -4.3038811247292683 -0.18399835165767994 -0.22611359161738934 -880.626095266883 8.3613448626454225 0.44786551152077475
decision_type=2 2 2 2 2 2 2 2 2 2 2 2 2 2 2 2 2 2 2 2 2 2 2 2 2 2 2 2 2 2
left_child=2 4 20 12 5 7 15 19 -4 27 11 21 22 -8 -9 -7 -13 23 -12 -2 -1 -10 -3 -14 25 -11 -19 -5 -20 -6
right_child=1 3 8 9 29 6 13 14 10 24 18 16 17 -15 -16 -17 -18 26 28 -21 -22 -23 -24 -25 -26 -27 -28 -29 -30 -31
leaf_value=-0.0033305813754132283 0.0021519646327442486 0.0029076742043131817 -0.003233935773986227 0.00044235920596240769 0.0023218026305235925 0.00027673444224166923 0.00034743008316828327 0.0014225881817577933 -0.0030150035469931487 0.0043831095165839974 0.00064599447173744088 1.7611116897001008e-05 -0.00019175162241309371 0.0010358070871376137 -7.1090016757385896e-05 -0.00087382354254077644 -0.00089102960317040555 0.0036323507996323784 -0.00059460708104875954 0.0043316120792518962 -0.0025385279786070115 -0.0015469377148416975 0.0039210366196571278 0.0019921416598631682 0.0052690987112835987 0.0036692588669639242 0.0023563391033691954 0.00242243910565522 0.00033927514464042241 0.001377522874398735
leaf_weight=9922 1127 1005 254 100 1249 1414 5300 1202 187 2253 960 1535 72 3618 698 1473 3435 424 1353 164 947 1684 576 1998 300 1501 412 181 330 347
leaf_count=9922 1127 1005 254 100 1249 1414 5300 1202 187 2253 960 1535 72 3618 698 1473 3435 424 1353 164 947 1684 576 1998 300 1501 412 181 330 347
internal_value=-1.10831e-05 0.00165479 -0.00206568 0.00330489 0.000777094 0.000633906 0.000397838 0.00150589 -0.000729807 0.00403005 -0.000662091 -0.000907766 0.00260289 0.000627123 0.000872531 -0.000309362 -0.000609842 0.00223193 -2.49611e-05 0.00243431 -0.00326209 -0.0016968 0.00328101 0.00191468 0.0041881 0.00409954 0.00301065 0.00173249 -0.000409619 0.00211937
internal_weight=46021 25414 20607 8822 16592 14996 11805 3191 9738 4335 9484 6841 4487 8918 1900 2887 4970 2906 2643 1291 10869 1871 1581 2070 4054 3754 836 281 1683 1596
internal_count=46021 25414 20607 8822 16592 14996 11805 3191 9738 4335 9484 6841 4487 8918 1900 2887 4970 2906 2643 1291 10869 1871 1581 2070 4054 3754 836 281 1683 1596
is_linear=0
shrinkage=0.03


Tree=8
num_leaves=31
num_cat=0
split_feature=22 22 10 22 22 52 39 0 70 70 7 22 22 23 69 5 69 44 23 63 69 53 46 22 69 22 50 18 70 16
split_gain=164.742 47.0686 22.9379 5.74998 4.77219 2.57137 2.37225 2.31468 1.56391 1.37756 1.27786 1.23877 1.23291 1.14046 1.11019 0.819911 0.807738 1.02455 0.79931 0.591789 0.804128 0.562024 0.59845 0.548693 0.547765 0.544165 0.54065 0.519366 0.510556 0.458156
threshold=0.12360952380952382 0.26945409580498869 0.053758333333333304 0.32319642857142866 0.21597857142857141 78.035714285714292 0.0053452248382485227 15.000000000000002 -0.72658061058372014 -0.15855351192338588 -12.144571559833576 0.15707589285714288 0.066997470238095228 0.0028704794018936789 -0.17552986495351994 -1500.0000000000025 -0.90149333598846371 20.592857142857149 0.085571498075236202 -139.82499999999996 0.012910176522261303 1.0690449676497273 24.603571428571435 0.22965780279503104 0.1670500785599974 0.050119940476190457 65.071428571428584 0.1065208333333333 -0.45973273945210419 -1500.0000000000016
decision_type=2 2 2 2 2 2 2 2 2 2 2 2 2 2 2 2 2 2 2 2 2 2 2 2 2 2 2 2 2 2
left_child=2 4 25 8 11 14 -7 13 -3 -8 19 -2 -9 26 -6 -15 17 -13 -18 -5 -21 -10 -23 -16 27 -1 29 -14 -26 -4
right_child=1 3 7 10 5 6 9 12 21 -11 -12 16 24 15 23 -17 18 -19 -20 20 -22 22 -24 -25 28 -27 -28 -29 -30 -31
leaf_value=-0.0032306740180402774 -0.00029172069071419968 0.0031597541496105716 -0.00027974439222315273 0.001738520988406137 0.002582617497028942 0.0027430843961040443 0.00081853149731344796 -0.0024625821071557882 0.0027047547824827398 -0.00032845119080768059 0.0042433631935212971 0.0024896509892758773 -0.0024370048536821662 -0.0021284151085415996 0.00071052688585889064 -0.00047356450886273612 0.00038721231745117494 -0.00071414766855378974 0.0015888359528774204 0.0040267557120972431 0.00289479494231977 0.0019709749841318592 0.00085954301477222396 0.0017152165204474903 0.00015288301002107219 -0.0024429813897205816 -0.00087116419427833085 -0.0009792105023715698 -0.0010841513973610941 0.0012076317524001199
leaf_weight=9922 3998 1315 258 214 1000 436 2687 823 647 1446 2648 98 458 324 762 1641 5764 944 547 1111 1256 1771 596 1443 384 912 221 445 1309 641
leaf_count=9922 3998 1315 258 214 1000 436 2687 823 647 1446 2648 98 458 324 762 1641 5764 944 547 1111 1256 1771 596 1443 384 912 221 445 1309 641
internal_value=-1.07082e-05 0.00138472 -0.00231935 0.00310373 0.000525345 0.00109798 0.000639753 -0.000910183 0.00229229 0.000416532 0.00377437 0.000132838 -0.00144791 -0.000312988 0.00174988 -0.000748895 0.000364097 -0.000407856 0.000492072 0.00329059 0.00342885 0.00191191 0.00169287 0.00136986 -0.00112426 -0.00316487 0.000449106 -0.0017238 -0.000801876 0.000777606
internal_weight=46021 28683 17338 9558 19125 7774 4569 6504 4329 4133 5229 11351 3419 3085 3205 1965 7353 1042 6311 2581 2367 3014 2367 2205 2596 10834 1120 903 1693 899
internal_count=46021 28683 17338 9558 19125 7774 4569 6504 4329 4133 5229 11351 3419 3085 3205 1965 7353 1042 6311 2581 2367 3014 2367 2205 2596 10834 1120 903 1693 899
is_linear=0
shrinkage=0.03


Tree=9
num_leaves=31
num_cat=0
split_feature=22 22 10 22 22 0 0 52 12 69 23 53 39 22 6 13 47 46 47 64 4 50 13 6 0 69 22 69 18 12
split_gain=155.027 45.2292 20.3384 5.40958 4.75896 2.47854 2.29188 1.42909 1.31055 1.24012 1.08666 1.07853 1.07021 1.04877 1.01113 0.827959 0.820621 0.789677 1.13238 0.628273 0.607343 0.568377 0.565632 0.755661 0.557645 0.501825 0.498016 0.495905 0.446021 0.442384
threshold=0.12087946428571426 0.26945409580498869 0.053758333333333304 0.32319642857142866 0.19193750000000001 15.000000000000002 15.000000000000002 82.178571428571431 0.29418749999999999 -0.17552986495351994 0.0034867742774669524 1.0690449676497273 0.0053452248382485227 0.066997470238095228 -12.493002568192404 -1500.0000000000025 0.51950948970186028 24.553571428571434 0.63440722526833115 240.50000000000003 75.500000000000014 65.071428571428584 -1500.0000000000016 -22.269755271383193 15.000000000000002 0.1670500785599974 0.050119940476190457 0.30081702196488996 0.1065208333333333 0.29164583333333333
decision_type=2 2 2 2 2 2 2 2 2 2 2 2 2 2 2 2 2 2 2 2 2 2 2 2 2 2 2 2 2 2
left_child=2 4 26 11 8 16 10 9 22 -7 21 20 -9 -8 19 -12 29 24 -19 -5 -3 -4 -2 -24 -13 28 -1 -18 -15 -6
right_child=1 3 6 14 5 7 13 12 -10 -11 15 17 -14 25 -16 -17 27 18 -20 -21 -22 -23 23 -25 -26 -27 -28 -29 -30 -31
leaf_value=-0.0031337637225272775 -0.00081186884685059701 0.0019533777734422136 0.00075496041990575128 0.0033484823011191095 0.0004901309904424213 0.0023809749450417615 -0.0023887943204985614 0.0021560814044111732 0.0023877811655402181 0.0012578656553387361 -0.0022513763353453611 0.003478923977654863 0.00043800516709921971 -0.0023790460859258837 0.0040760246763279356 -0.00047895012722317835 -0.00062229247801252755 0.0017099430747963256 -0.0010229319455328264 0.0013680262128236116 0.0034815386491475358 -0.00091787678408251851 0.00019885796283951679 -0.00044258727327958259 0.0020335463843031937 -0.00081512849522822901 -0.0023761236696504058 0.00056390466235518714 -0.00097796212508127951 0.001724012959910023
leaf_weight=9922 869 354 916 2397 2118 1265 823 384 196 3046 283 281 2209 452 2671 1501 1015 604 174 161 797 226 5213 2419 2119 1548 904 458 395 301
leaf_count=9922 869 354 916 2397 2118 1265 823 384 196 3046 283 281 2209 452 2671 1501 1015 604 174 161 797 226 5213 2419 2119 1548 904 458 395 301
internal_value=-1.03634e-05 0.00132034 -0.00228852 0.00301076 0.000491217 0.000911914 -0.000909002 0.00125331 -3.07138e-05 0.0015886 -0.000299909 0.00222365 0.000694326 -0.00146163 0.00366127 -0.000762899 0.000305374 0.00193478 0.00109435 0.00322559 0.00301625 0.00042077 -8.71021e-05 -4.08958e-06 0.0022054 -0.00114091 -0.003071 -0.0002513 -0.00173111 0.000645554
internal_weight=46021 29051 16970 9558 19493 10796 6144 6904 8697 4311 2926 4329 2593 3218 5229 1784 3892 3178 778 2558 1151 1142 8501 7632 2400 2395 10826 1473 847 2419
internal_count=46021 29051 16970 9558 19493 10796 6144 6904 8697 4311 2926 4329 2593 3218 5229 1784 3892 3178 778 2558 1151 1142 8501 7632 2400 2395 10826 1473 847 2419
is_linear=0
shrinkage=0.03


Tree=10
num_leaves=31
num_cat=0
split_feature=22 22 10 22 11 0 0 64 22 23 70 39 22 70 35 18 7 7 23 23 69 44 23 7 69 13 22 70 28 42
split_gain=145.837 41.8554 20.5635 5.14596 4.4759 2.55976 2.16561 1.64737 1.13367 1.0948 1.35255 1.01757 1.00473 1.00041 0.966405 0.746352 0.718139 0.754816 0.694884 0.65237 0.526228 0.660593 0.471842 0.701504 0.454659 0.439472 0.414405 0.410633 0.451154 0.403336
threshold=0.12258333333333331 0.2750434523809524 0.053758333333333304 0.21597857142857141 0.3490375 15.000000000000002 15.000000000000002 247.50000000000003 0.15858898809523808 0.048583450390203904 -0.36572252349726903 0.30724195519589825 0.066997470238095228 -0.55599684127981919 0.87303940472244268 0.32263541666666662 -1500.0000000000152 -27.844611059962542 0.01136798363152333 0.0059336192413062573 0.38168568572378603 28.200000000000006 0.0065749112008590812 -524.68098400272618 0.90880922144842624 -1500.0000000000025 0.045958779761904746 -0.18399835165767994 -4.3038811247292683 25.416666666666668
decision_type=2 2 2 2 2 2 2 2 2 2 2 2 2 2 2 2 2 2 2 2 2 2 2 2 2 2 2 2 2 2
left_child=2 3 26 8 13 14 11 27 22 10 -7 25 -8 -3 -5 29 -10 -18 -16 -13 -14 -22 -2 -24 -21 -4 -1 -6 -29 -15
right_child=1 4 6 5 7 9 12 -9 16 -11 -12 19 20 15 18 -17 17 -19 -20 24 21 -23 23 -25 -26 -27 -28 28 -30 -31
leaf_value=-0.0030445497563714556 0.00051759074099021749 0.0029496237199814332 -0.0018304457973050501 0.0015734711249109489 0.0040678125184546053 0.0017658772247004526 -0.0022761562316531421 0.0006888238368498767 -0.00294069829456887 0.0021795117546632502 0.00066936150308796272 0.00078848016262031396 -0.0015788835668431088 0.0018409731134938832 0.0008146456681309333 0.0026003276837283547 0.00064799279667936702 2.5603976024611395e-05 -0.00026781159618660075 -0.00092348713580865942 -0.00018654920056687443 -0.0014933543247602969 0.00010326800817961714 -0.00072577704900814069 0.00056311854212593533 -0.00055559170926071301 -0.0023851393165763264 0.0032759153275974825 0.0049773879976508142 0.00066769924674283819
leaf_weight=9851 600 1626 328 489 2393 2030 820 162 58 1457 2047 899 1045 1506 816 1216 4043 3115 1534 513 909 570 1549 2235 286 991 1013 1626 166 332
leaf_count=9851 600 1626 328 489 2393 2030 820 162 58 1457 2047 899 1045 1506 816 1216 4043 3115 1534 513 909 570 1549 2235 286 991 1013 1626 166 332
internal_value=-3.92037e-06 0.00129467 -0.00219035 0.000528217 0.00298993 0.001095 -0.000834877 0.00368463 0.000118788 0.00147084 0.00121637 -0.000250758 -0.00136075 0.00234337 0.000361083 0.00201875 0.000350113 0.000377604 0.000106965 0.000233417 -0.00106138 -0.000692882 -0.000261277 -0.000385673 -0.000387572 -0.000876033 -0.00298357 0.00379968 0.00343789 0.00163115
internal_weight=46225 29000 17225 19973 9027 8373 6361 4347 11600 5534 4077 3017 3344 4680 2839 3054 7216 7158 2350 1698 2524 1479 4384 3784 799 1319 10864 4185 1792 1838
internal_count=46225 29000 17225 19973 9027 8373 6361 4347 11600 5534 4077 3017 3344 4680 2839 3054 7216 7158 2350 1698 2524 1479 4384 3784 799 1319 10864 4185 1792 1838
is_linear=0
shrinkage=0.03


Tree=11
num_leaves=31
num_cat=0
split_feature=22 22 22 22 11 23 0 63 50 22 22 5 70 50 23 44 19 0 18 70 46 63 17 16 0 53 42 59 57 7
split_gain=137.306 42.9821 13.9292 6.06357 4.21107 2.81124 2.37185 1.64729 1.22109 1.17396 1.16287 1.05018 0.940978 0.935262 0.899958 0.826576 0.785349 0.738849 0.692839 0.647372 0.563463 0.531466 0.828761 0.47207 0.442283 0.386017 0.37816 0.348048 0.343458 0.328741
threshold=0.11047321428571426 0.2750434523809524 0.055686904761904715 0.20358928571428569 0.3490375 0.0034049948328897764 15.000000000000002 -139.82499999999996 63.642857142857146 0.22965780279503104 0.15707589285714288 -1500.0000000000016 -0.54160775828284857 85.642857142857153 0.085571498075236202 23.207142857142859 0.0042098457128410139 15.000000000000002 0.32263541666666662 -0.18399835165767994 21.296428571428578 -120.41499999999998 -22.343816120545963 -1500.0000000000016 35.000000000000007 3.9945017156143008 25.416666666666668 35.565000000000005 75.950000000000031 -1500.0000000000066
decision_type=2 2 2 2 2 2 2 2 2 2 2 2 2 2 2 2 2 2 2 2 2 2 2 2 2 2 2 2 2 2
left_child=2 3 -1 10 12 8 16 -6 23 15 21 -7 -3 -11 19 -8 20 28 26 -12 -5 -2 -23 -4 -16 -18 -14 -20 -13 -19
right_child=1 4 5 6 7 11 9 -9 -10 13 14 17 18 -15 24 -17 25 29 27 -21 -22 22 -24 -25 -26 -27 -28 -29 -30 -31
leaf_value=-0.0029425450690326927 -0.00069480217268906379 0.0028557624644642001 -0.00023063170650432387 0.0040901379759709991 0.0012682049178949265 -0.0024312148975213269 0.0015933497056828624 0.0037240671668857441 -0.0011002079749935427 0.0019063990465497907 0.00043317553408991829 -0.00083067917930410256 0.0017851194537791579 0.00081096917760479278 0.00062151499527465033 0.00045457072248633379 0.00026431641827793953 -0.0027641298843799405 0.0027506389327976921 -0.00024433967440283126 0.00086402505972988936 0.00028316718960623855 -0.00063343540654529277 0.0012778031555085384 0.0023355258220248646 -0.00060620166747591515 0.00064772842633160378 0.0013486768879904978 0.00049777861645791763 -0.0014137908968974381
leaf_weight=10268 2219 1646 266 51 267 788 851 4080 459 2963 3015 895 1494 936 302 1796 1812 184 1004 2185 994 2093 1538 600 256 612 332 204 214 1901
leaf_count=10268 2219 1646 266 51 267 788 851 4080 459 2963 3015 895 1494 936 302 1796 1812 184 1004 2185 994 2093 1538 600 256 612 332 204 214 1901
internal_value=-3.77905e-06 0.00116169 -0.00229742 0.000435597 0.00290037 -0.00104834 0.000976422 0.00357424 0.00014652 0.00131264 -3.07938e-05 -0.00144662 0.00227318 0.00164447 0.000271554 0.00082228 0.000340921 -0.00120208 0.00195529 0.00014792 0.0010281 -0.000328895 -0.000104324 0.000811281 0.00141601 4.31357e-05 0.00158043 0.00251768 -0.000571411 -0.00153566
internal_weight=46225 30650 15575 21623 9027 5307 10015 4347 1325 6546 11608 3982 4680 3899 5758 2647 3469 3194 3034 5200 1045 5850 3631 866 558 2424 1826 1208 1109 2085
internal_count=46225 30650 15575 21623 9027 5307 10015 4347 1325 6546 11608 3982 4680 3899 5758 2647 3469 3194 3034 5200 1045 5850 3631 866 558 2424 1826 1208 1109 2085
is_linear=0
shrinkage=0.03


Tree=12
num_leaves=31
num_cat=0
split_feature=22 22 10 22 22 0 45 52 12 70 69 39 5 7 53 70 47 10 7 64 69 0 7 63 35 73 62 64 7 19
split_gain=129.228 44.6461 7.25476 6.82533 4.67701 2.13597 1.59058 1.39828 1.30134 1.27072 1.25339 0.989048 0.928192 0.89066 0.754643 0.74051 0.91344 0.642941 0.612137 0.591787 0.67705 0.566828 0.477872 0.459065 0.557732 0.432031 0.426666 0.37405 0.322042 0.289598
threshold=0.084125595238095222 0.26945409580498869 0.053758333333333304 0.1879315476190476 0.32319642857142866 15.000000000000002 0.49135381491199331 82.035714285714292 0.29418749999999999 -0.72658061058372014 -0.24284747324344261 0.0053452248382485227 -1500.0000000000016 -12.144571559833576 7.6832914192396489 -0.14153505243942446 0.80651536275279201 0.083472916666666605 -19.289511074867956 247.50000000000003 0.012910176522261303 22.500000000000004 -1499.999999999998 -162.90499999999997 0.80255393175562395 0.34685704083512819 -82.164999999999978 318.50000000000006 -1499.999999999997 0.086085330762294882
decision_type=2 2 2 2 2 2 2 2 2 2 2 2 2 2 2 2 2 2 2 2 2 2 2 2 2 2 2 2 2 2
left_child=2 3 -1 8 9 15 21 10 12 25 -7 -9 17 19 -14 16 -5 -2 -17 20 -6 -4 -8 26 -25 -3 -11 -21 -24 -10
right_child=1 4 6 5 13 7 22 11 29 23 -12 -13 14 -15 -16 18 -18 -19 -20 27 -22 -23 28 24 -26 -27 -28 -29 -30 -31
leaf_value=-0.0028253254896546398 -0.002746520641014764 0.0029353325097438336 -0.0012225620702626689 0.00080637446736631958 0.0035864807234898734 0.0022709375571890443 -0.0011987311907621916 0.0019854567773627441 0.0011118247019465675 0.001367434085145885 0.0011483569693535496 0.00037670754028153039 -0.00023580335698457174 0.0037455887825542781 0.00067943182127504166 0.00038644905445711099 -0.00086865215109967024 -0.00074976772676168602 -0.00080439997257406709 -0.0017829956789651223 0.002566788492132975 -0.0022701811359043225 0.0024304115674308232 0.0027241177400875987 0.0016008396911125365 0.00056122463289648287 -0.00067346658849945431 0.0018484486693685707 0.00014364297730953501 0.0034913939230060307
leaf_weight=10646 170 1229 1362 2266 1190 1252 239 402 109 305 3242 2420 9293 2620 886 737 334 1044 815 30 1261 730 61 508 2084 77 129 131 565 88
leaf_count=10646 170 1229 1362 2266 1190 1252 239 402 109 305 3242 2420 9293 2620 886 737 334 1044 815 30 1261 730 61 508 2084 77 129 131 565 88
internal_value=-3.63591e-06 0.00102059 -0.00246 0.000305633 0.00274377 0.000824537 -0.00114319 0.00113308 -0.000207577 0.0020121 0.0014622 0.000607562 -0.000249698 0.0033485 -0.000155786 0.000280005 0.000589793 -0.00103388 -0.000237084 0.00294776 0.00306435 -0.00159047 -5.73996e-05 0.00167103 0.00182311 0.00279819 0.000753757 0.00114643 0.000374781 0.0022022
internal_weight=46225 32622 13603 23058 9564 11468 2957 7316 11590 4332 4494 2822 11393 5232 10179 4152 2600 1214 1552 2612 2451 2092 865 3026 2592 1306 434 161 626 197
internal_count=46225 32622 13603 23058 9564 11468 2957 7316 11590 4332 4494 2822 11393 5232 10179 4152 2600 1214 1552 2612 2451 2092 865 3026 2592 1306 434 161 626 197
is_linear=0
shrinkage=0.03


Tree=13
num_leaves=31
num_cat=0
split_feature=22 22 10 22 22 0 0 70 3 69 69 12 23 70 39 35 22 63 70 23 23 28 70 69 44 63 23 69 63 19
split_gain=121.803 34.8348 17.0809 4.32599 3.69784 2.20478 1.86592 1.11465 1.01673 1.26889 1.1013 1.01371 0.951844 1.19634 0.899722 0.89056 0.855429 0.821281 0.773604 0.623006 0.562811 0.504806 0.620041 0.498757 0.607209 0.489314 0.650942 0.419953 0.388557 0.387978
threshold=0.12258333333333331 0.2750434523809524 0.053758333333333304 0.21672499999999997 0.32319642857142866 15.000000000000002 15.000000000000002 -0.72658061058372014 22.050000000000004 -0.70252096857941215 -0.3896268414500369 0.29418749999999999 0.048583450390203904 -0.16705162550211936 0.30724195519589825 0.87303940472244268 0.066997470238095228 -139.82499999999996 0.012909817866233263 0.01136798363152333 0.0059336192413062573 -4.7402661769579639 -0.18399835165767994 0.38168568572378603 28.200000000000006 -161.08999999999995 0.035522234165939887 0.91236630913977512 -11.220000000000001 0.0024559781561812179
decision_type=2 2 2 2 2 2 2 2 2 2 2 2 2 2 2 2 2 2 2 2 2 2 2 2 2 2 2 2 2 2
left_child=2 3 -1 8 7 15 14 -3 10 18 29 -11 13 -7 -4 -5 -8 -6 -10 -17 -16 22 -19 -18 -25 -9 -27 -22 -12 -2
right_child=1 4 6 5 17 12 16 25 9 11 28 -13 -14 -15 20 19 23 21 -20 -21 27 -23 -24 24 -26 26 -28 -29 -30 -31
leaf_value=-0.0027245988980110201 0.0027675478430273202 0.0027995532258134961 -0.00081195882963835085 0.0014947557337574953 0.0014211504394314946 0.0015852065876481129 -0.0020992589440192778 0.00064789482831315763 -3.0579232310340981e-05 0.00013338253259931408 0.00064860568638699489 0.0020758149319253859 0.002033941411455084 0.00052779580203946193 0.00074684664062534759 0.00075767526407321173 -0.0014816066594146651 0.0035318688410448814 -0.0011083832747230784 -0.00027524222440999122 -0.0008550395651722543 0.0042538051779806262 0.0028017990577636756 -0.00013388102077117834 -0.0013865852845002557 0.0015063614812366578 0.0026369056693203224 0.00057830323449341347 -0.00068444282535779573 0.0011893928250073179
leaf_weight=10864 245 1147 1319 487 220 2231 820 372 1162 7685 534 249 1435 1715 899 804 1045 2584 1250 1509 517 506 1922 909 570 1615 661 282 309 358
leaf_count=10864 245 1147 1319 487 220 2231 820 372 1162 7685 534 249 1435 1715 899 804 1045 2584 1250 1509 517 506 1922 909 570 1615 661 282 309 358
internal_value=-3.49412e-06 0.00118327 -0.00200165 0.000484029 0.00272984 0.0010141 -0.000766221 0.00201382 0.000115968 1.14991e-05 0.00086084 0.000194976 0.00136949 0.00112665 -0.000223948 0.000329794 -0.00125436 0.00324814 -0.000590614 8.26762e-05 0.00023126 0.00332743 0.00322182 -0.000977953 -0.000619305 0.00167141 0.00183703 -0.000345313 0.000156193 0.00183909
internal_weight=46225 29000 17225 19973 9027 8181 6361 3795 11792 10346 1446 7934 5381 3946 3017 2800 3344 5232 2412 2313 1698 5012 4506 2524 1479 2648 2276 799 843 603
internal_count=46225 29000 17225 19973 9027 8181 6361 3795 11792 10346 1446 7934 5381 3946 3017 2800 3344 5232 2412 2313 1698 5012 4506 2524 1479 2648 2276 799 843 603
is_linear=0
shrinkage=0.03


Tree=14
num_leaves=31
num_cat=0
split_feature=22 22 22 22 22 23 0 52 70 22 52 22 22 69 23 64 2 44 19 70 69 46 46 6 69 69 17 0 6 23
split_gain=114.649 35.785 11.6244 5.08354 3.47871 2.44013 1.9904 1.10728 1.04829 1.04105 1.08953 1.00285 0.901725 0.919492 0.804685 0.781429 0.777996 0.74947 0.707709 0.585643 0.54482 0.983027 0.526176 0.489216 0.469813 0.468735 0.464154 0.400044 0.39503 0.65354
threshold=0.11047321428571426 0.2750434523809524 0.055686904761904715 0.20358928571428569 0.32319642857142866 0.0036350843898001 15.000000000000002 64.892857142857153 -0.72658061058372014 0.22965780279503104 87.035714285714292 0.15707589285714288 0.065435863095238064 0.38168568572378603 0.085571498075236202 222.50000000000003 5.9450000000000012 23.207142857142859 0.0042098457128410139 -0.18399835165767994 0.38168568572378603 24.860714285714291 21.296428571428578 -8.470215290403198 0.012910176522261303 -0.81403855522663837 -1500.0000000000016 35.000000000000007 -768.02144332965781 0.033023416452456412
decision_type=2 2 2 2 2 2 2 2 2 2 2 2 2 2 2 2 2 2 2 2 2 2 2 2 2 2 2 2 2 2
left_child=2 3 -1 11 8 7 18 26 -3 17 -11 20 -7 -14 19 23 -15 -8 22 -13 21 -2 -5 24 -6 -20 -4 -16 -10 -30
right_child=1 4 5 6 15 12 9 -9 28 10 -12 14 13 16 27 -17 -18 -19 25 -21 -22 -23 -24 -25 -26 -27 -28 -29 29 -31
leaf_value=-0.0026885922312731968 0.00017811575723727786 0.0027156398031430726 -0.00024682505576837836 0.0039231401502441325 0.0033518732314528781 -0.0021569757978919875 0.0014745987718476025 -0.0010771062690477506 0.0010961440822765836 0.001740970061141009 0.00039515960698203865 0.00040722084913458916 -0.0018289862519983045 -0.0002062460784682 0.00057887591425263743 0.0012120273345090607 -0.0014001945824968921 0.00039031055076331527 -0.00059817590103894728 -0.000237175632487654 -2.7588983282806496e-07 -0.00096040277081030237 0.00080570221699054125 0.0037210354778498618 0.0026493409245062667 0.00030699248608144502 0.0012030878987862499 0.0022096315493321602 0.0015091915085552298 0.0028009857775038588
leaf_weight=10268 1018 1147 287 51 2008 927 851 449 890 3241 658 3015 997 1172 302 187 854 1796 740 2185 2788 2044 994 1367 1670 1684 621 256 1251 507
leaf_count=10268 1018 1147 287 51 2008 927 851 449 890 3241 658 3015 997 1172 302 187 854 1796 740 2185 2788 2044 994 1367 1670 1684 621 256 1251 507
internal_value=-3.35521e-06 0.00106162 -0.00209924 0.000399084 0.00264808 -0.000958093 0.000894278 0.000137362 0.00195354 0.00120229 0.00151478 -2.79358e-05 -0.00133513 -0.00108149 0.000252819 0.00315081 -0.000711442 0.000740463 0.00031202 0.00013588 -0.000304784 -0.000580974 0.000964318 0.00322183 0.00303451 2.92924e-05 0.000741733 0.00133502 0.00162139 0.00188483
internal_weight=46225 30650 15575 21623 9027 5307 10015 1357 3795 6546 3899 11608 3950 3023 5758 5232 2026 2647 3469 5200 5850 3062 1045 5045 3678 2424 908 558 2648 1758
internal_count=46225 30650 15575 21623 9027 5307 10015 1357 3795 6546 3899 11608 3950 3023 5758 5232 2026 2647 3469 5200 5850 3062 1045 5045 3678 2424 908 558 2648 1758
is_linear=0
shrinkage=0.03


Tree=15
num_leaves=31
num_cat=0
split_feature=22 22 9 12 11 46 17 43 12 70 63 45 11 35 6 23 53 4 53 70 22 21 19 21 65 70 23 22 17 70
split_gain=108.368 24.4805 22.3022 3.08178 2.87271 2.35284 1.48383 1.4444 1.41972 1.22541 1.1044 0.982339 0.924544 0.875882 0.798266 0.790155 0.579483 0.579338 0.574169 0.560803 0.542241 0.536061 0.50033 0.456657 0.441938 0.33821 0.322538 0.316459 0.293936 0.393843
threshold=0.15262053571428569 0.28162589932712218 0.054720833333333309 0.27660416666666671 0.3490375 23.232142857142865 -20.630830711583489 0.057735026918961117 0.054977083333333308 -0.45205545877835862 -139.82499999999996 0.58797473220735086 0.075437499999999963 6.0994617700882658 -766.21776918586897 0.022957978153601313 7.3768273951318717 87.500000000000014 6.9460242403300123 -0.5488429582847193 0.050119940476190457 0.02255169876223662 0.038191720306893752 0.0022793336969211828 -0.0050000000000000001 0.31717953954346351 0.0038392487317855731 0.24076160714285716 -3.841561002650848 -0.10737736916418625
decision_type=2 2 2 2 2 2 2 2 2 2 2 2 2 2 2 2 2 2 2 2 2 2 2 2 2 2 2 2 2 2
left_child=2 3 20 5 14 6 15 9 22 -7 -6 12 26 -9 25 -2 21 24 -8 -14 -1 -16 -4 -13 -5 -3 -10 -26 29 -12
right_child=1 4 8 17 10 7 18 13 11 -11 28 23 19 -15 16 -17 -18 -19 -20 -21 -22 -23 -24 -25 27 -27 -28 -29 -30 -31
leaf_value=-0.0026132661265721026 0.0024343117005189278 0.0019553083504631912 -0.0022341466505484721 0.00082029759096232421 0.0012606093910529869 0.0010382788572496093 0.00015994052039324143 0.00012442402197188692 -0.00049071517165764423 0.00021015264977146958 0.0034664877962660282 0.00063047223519167178 0.00014831574868171869 -0.000826414513884244 0.0018659681040404897 0.0010156993018855956 0.0032257872289786693 8.9962997897618532e-05 0.0015124415643195269 -0.00060000419340958068 -0.0018527570327703357 0.0028559035180019117 3.2789121123750021e-05 -0.00028017362763496629 0.001502264821714277 0.00078420775239561704 -0.0014277189105465697 0.0023041538906833003 0.0042577972751959804 0.0028052445143517853
leaf_weight=9849 943 397 583 380 261 2960 1015 3805 443 3546 2361 855 1139 1129 2054 583 519 205 394 4206 967 677 100 1172 824 537 1461 1076 296 1398
leaf_count=9849 943 397 583 380 261 2960 1015 3805 443 3546 2361 855 1139 1129 2054 583 519 205 394 4206 967 677 100 1172 824 537 1461 1076 296 1398
internal_value=3.79953e-06 0.00131983 -0.00160252 0.000657704 0.00263259 0.000488699 0.00124662 0.000293896 -0.000577684 0.000587484 0.00317726 -0.000479929 -0.000643219 -9.26627e-05 0.00206939 0.00189532 0.00229292 0.00163355 0.000541074 -0.000439981 -0.00254573 0.00211342 -0.00189829 0.000102584 0.00177092 0.00128676 -0.00121165 0.00195894 0.00329954 0.00322218
internal_weight=46135 25360 20775 16860 8500 14375 2935 11440 9959 6506 4316 9276 7249 4934 4184 1526 3250 2485 1409 5345 10816 2731 683 2027 2280 934 1904 1900 4055 3759
internal_count=46135 25360 20775 16860 8500 14375 2935 11440 9959 6506 4316 9276 7249 4934 4184 1526 3250 2485 1409 5345 10816 2731 683 2027 2280 934 1904 1900 4055 3759
is_linear=0
shrinkage=0.03


Tree=16
num_leaves=31
num_cat=0
split_feature=22 22 10 22 22 63 39 23 22 44 69 69 70 23 69 46 6 19 6 50 73 70 6 64 63 23 70 57 16 10
split_gain=101.972 23.0358 21.6722 2.64785 2.53298 2.2657 1.4132 1.11671 1.88506 1.11564 1.65049 1.13796 0.992566 0.928767 0.831649 0.942043 0.708953 0.693417 0.658892 0.621222 0.571613 0.554878 0.426317 0.42203 0.416867 0.412778 0.409482 0.502883 0.389598 0.387071
threshold=0.15262053571428569 0.28162589932712218 0.053758333333333304 0.2308220238095238 0.32319642857142866 -14.52 0.0053452248382485227 0.0045324141204306501 0.070414705086580084 22.407142857142862 -0.8779519545588893 -0.24284747324344261 -0.72658061058372014 0.085571498075236202 0.38168568572378603 24.453571428571433 -17.513071325443082 9.6225044864956593e-05 -12.493002568192404 31.071428571428573 0.85152194868297226 -0.33346877891818688 -937.6562523005565 763.50000000000011 -116.85999999999997 0.035522234165939887 -0.26781430516217447 44.250000000000014 -425.25999071138614 0.26735087719298251
decision_type=2 2 2 2 2 2 2 2 2 2 2 2 2 2 2 2 2 2 2 2 2 2 2 2 2 2 2 2 2 2
left_child=2 3 -1 9 12 26 -7 19 23 11 29 28 -3 -12 15 -10 -13 -8 20 -4 21 -6 -14 -9 -16 -24 27 -5 -2 -11
right_child=1 4 7 5 18 6 17 8 14 10 13 16 22 -15 24 -17 -18 -19 -20 -21 -22 -23 25 -25 -26 -27 -28 -29 -30 -31
leaf_value=-0.0024875822421438591 0.004309717356274694 0.0026774215193425387 0.0010310395416414401 0.0028928652171811716 0.003005671223859066 0.0024986264018742278 0.0027609493357701859 -0.0020928120086501959 0.00014558504225561789 -0.00085821477933671001 0.00027298060394412521 0.00093038390982596024 0.00036993550973063775 0.0014106225024878663 -0.00054206244780804157 -0.001206290309237108 -0.00072614345234255464 0.00032067094144504243 0.0033053628203316954 -0.00021074374501053839 0.003743261600609807 0.0020267351714978355 0.0013964153528369199 -0.00022396902123000473 8.3892642703968065e-05 0.0023515713955738291 0.00145894491246081 0.0015678072995530478 0.0017141250803845544 0.0011844729273156687
leaf_weight=10779 58 1017 450 515 921 320 108 962 582 1336 6537 709 256 718 1986 2210 343 3046 2631 1845 362 1317 1393 127 1834 603 1844 557 682 87
leaf_count=10779 58 1017 450 515 921 320 108 962 582 1336 6537 709 256 718 1986 2210 343 3046 2631 1845 362 1317 1393 127 1834 603 1844 557 682 87
internal_value=3.72859e-06 0.00128034 -0.00155447 0.000638039 0.00255377 0.00111945 0.000600313 -0.000547809 -0.000720905 0.000343863 0.000202648 0.00102554 0.001895 0.000386161 -0.000529618 -0.000923463 0.000387255 0.000406031 0.00296445 3.17796e-05 0.00261717 0.0024321 0.00153929 -0.00187802 -0.00024081 0.00168751 0.00173648 0.00220928 0.00192715 -0.000730477
internal_weight=46135 25360 20775 16860 8500 6390 3474 9996 7701 10470 8678 1792 3269 7255 6612 2792 1052 3154 5231 2295 2600 2238 2252 1089 3820 1996 2916 1072 740 1423
internal_count=46135 25360 20775 16860 8500 6390 3474 9996 7701 10470 8678 1792 3269 7255 6612 2792 1052 3154 5231 2295 2600 2238 2252 1089 3820 1996 2916 1072 740 1423
is_linear=0
shrinkage=0.03


Tree=17
num_leaves=31
num_cat=0
split_feature=22 22 9 12 11 46 69 69 12 63 51 63 7 6 11 69 28 47 23 53 22 4 46 19 65 47 22 17 69 69
split_gain=95.9888 20.8638 20.7338 2.65965 2.582 1.94956 1.65831 1.44296 1.29846 1.0045 0.906134 0.853221 0.763721 0.717058 0.673451 0.813392 0.666567 0.622179 0.620924 0.544378 0.5301 0.526343 0.519616 0.456771 0.40555 0.376002 0.284222 0.271987 0.27702 0.265003
threshold=0.15707589285714288 0.28162589932712218 0.054720833333333309 0.27660416666666671 0.3490375 23.232142857142865 -0.34156760613242332 -0.81403855522663837 0.054977083333333308 -139.82499999999996 7.0050983275385761 -55.634999999999991 -1500.0000000000152 -765.34864871198056 0.076341666666666655 0.38168568572378603 -394.01205757982603 0.62480766271268895 0.010541217828540865 7.3768273951318717 0.063566517857142804 87.500000000000014 19.167857142857148 0.038191720306893752 -0.0050000000000000001 0.42199161493681253 0.24076160714285716 -3.841561002650848 0.44437406304545285 0.4749466738948262
decision_type=2 2 2 2 2 2 2 2 2 2 2 2 2 2 2 2 2 2 2 2 2 2 2 2 2 2 2 2 2 2
left_child=2 3 20 5 13 6 16 18 23 -6 14 -8 -9 -3 17 -16 -2 -10 -7 22 -1 24 -15 -4 -5 -12 -26 28 -11 -21
right_child=1 4 8 21 9 7 11 12 10 27 25 -13 -14 19 15 -17 -18 -19 -20 29 -22 -23 -24 -25 26 -27 -28 -29 -30 -31
leaf_value=-0.0024434710508318114 0.0043864627164952891 0.0012047967303238044 -0.0021072039793006694 0.00076835106865605568 0.0011653972410291206 0.0005131197294927708 0.0014042100206911894 -0.0028789491288363934 -0.0012257397678320926 0.003197344448000503 -0.0011248182022605699 2.3622652521273981e-05 0.00051114581543814719 0.0013261565938004279 -0.000702725500370186 -2.962999975618661e-05 0.0018149227314799951 -7.812837806275094e-05 -0.00059307344928932618 0.0036358066734205031 -0.0014709148871987821 7.2824065456530298e-05 0.0022512774816862767 5.7404800585014645e-05 0.0014254780482360365 0.00067926417149655422 0.0021868107529431011 0.0040320238171032427 0.002582971431906062 0.0021765696694071818
leaf_weight=10267 101 941 584 380 261 595 669 59 1834 2762 117 1022 8383 798 3254 3228 1079 561 1925 310 553 204 1927 100 822 822 1076 296 997 208
leaf_count=10267 101 941 584 380 261 595 669 59 1834 2762 117 1022 8383 798 3254 3228 1079 561 1925 310 553 204 1927 100 822 822 1076 296 997 208
internal_value=3.66554e-06 0.0012721 -0.00147255 0.000643897 0.0024773 0.000481263 0.00117741 0.000298574 -0.000522407 0.00299373 -0.000433827 0.000572096 0.000486759 0.00194328 -0.00052773 -0.000368047 0.0020411 -0.000958322 -0.000330599 0.0021562 -0.00239418 0.00154854 0.00198205 -0.00178674 0.00167929 0.000450325 0.00185959 0.00311035 0.00303592 0.00306096
internal_weight=46135 24815 21320 16315 8500 13833 2871 10962 10500 4316 9816 1691 8442 4184 8877 6482 1180 2395 2520 3243 10820 2482 2725 684 2278 939 1898 4055 3759 518
internal_count=46135 24815 21320 16315 8500 13833 2871 10962 10500 4316 9816 1691 8442 4184 8877 6482 1180 2395 2520 3243 10820 2482 2725 684 2278 939 1898 4055 3759 518
is_linear=0
shrinkage=0.03


Tree=18
num_leaves=31
num_cat=0
split_feature=22 10 22 12 11 46 69 70 23 47 7 63 47 22 57 21 6 29 50 12 70 23 17 65 7 70 22 69 17 70
split_gain=90.3246 20.1631 19.6328 2.50297 2.42881 1.83506 1.56042 1.3686 1.88006 1.25566 1.23288 0.944536 0.863166 1.086 0.821013 0.78341 0.674664 0.590769 0.482285 0.449876 0.448223 0.435841 0.418814 0.336161 0.333062 0.30948 0.302726 0.300736 0.255507 0.35514
threshold=0.15707589285714288 0.053758333333333304 0.28162589932712218 0.27660416666666671 0.3490375 23.232142857142865 -0.34156760613242332 -0.15855351192338588 0.084486852739744947 0.63440722526833115 -1500.0000000000202 -139.82499999999996 0.52857885352664746 0.10880863095238093 65.450000000000003 0.0032605871513316231 -766.21776918586897 135.1155472106951 87.071428571428584 0.32118750000000001 -0.30081980763566762 0.022083440559893776 -1500.0000000000025 -0.008579166666666636 -226.78158628794168 0.31717953954346351 0.035659374999999986 0.50495637864894027 -3.841561002650848 -0.10737736916418625
decision_type=2 2 2 2 2 2 2 2 2 2 2 2 2 2 2 2 2 2 2 2 2 2 2 2 2 2 2 2 2 2
left_child=1 26 3 5 16 6 17 9 -9 -7 -3 -6 13 22 -8 -14 25 -2 23 21 -15 -18 -12 -5 -17 -4 -1 -21 29 -13
right_child=2 10 4 18 11 7 14 8 -10 -11 12 28 15 20 -16 24 19 -19 -20 27 -22 -23 -24 -25 -26 -27 -28 -29 -30 -31
leaf_value=-0.0024506384014021951 0.0017335528912173859 -0.00254976799982647 0.0018043563759395204 0.0005114560799096184 0.0011305687637956998 0.00078628714284853236 0.0013835071117819125 -0.00039009615809038897 0.0012521706106150782 -0.00022984852605007392 -0.0019691268749724871 0.0031767494228188264 0.00049040337436249645 0.00012639451890148051 2.4862068932987682e-05 -0.00013929336737397385 0.0013943810634075972 0.0038872085008069979 4.1645542634023746e-05 0.0027625080600869774 -0.0005571514631776504 0.0023845995666861432 -0.00095089801177138773 0.0017451088201769441 -0.00087963073847551604 0.00068455216444894193 -0.0020952708963135054 0.0017776330319095529 0.0039114703978929246 0.0025492476639778663
leaf_weight=7426 1048 256 397 229 261 5095 657 3726 753 1388 448 2361 1371 1267 1034 1522 1124 132 192 1052 2665 654 2145 2061 864 537 3356 420 296 1398
leaf_count=7426 1048 256 397 229 261 5095 657 3726 753 1388 448 2361 1371 1267 1034 1522 1124 132 192 1052 2665 654 2145 2061 864 537 3356 420 296 1398
internal_value=3.58993e-06 -0.00142841 0.00123403 0.000624637 0.00240314 0.000466856 0.00114226 0.000289602 -0.000113114 0.00056827 -0.000494766 0.00290405 -0.000443067 -0.00065168 0.000555012 -7.98805e-05 0.00188514 0.0019801 0.00150225 0.00209071 -0.000336155 0.00176143 -0.00112867 0.00162333 -0.000408892 0.00116516 -0.00234051 0.00248493 0.00301716 0.00294491
internal_weight=46135 21320 24815 16315 8500 13833 2871 10962 4479 6483 10538 4316 10282 6525 1691 3757 4184 1180 2482 3250 3932 1778 2593 2290 2386 934 10782 1472 4055 3759
internal_count=46135 21320 24815 16315 8500 13833 2871 10962 4479 6483 10538 4316 10282 6525 1691 3757 4184 1180 2482 3250 3932 1778 2593 2290 2386 934 10782 1472 4055 3759
is_linear=0
shrinkage=0.03


Tree=19
num_leaves=31
num_cat=0
split_feature=20 20 11 12 46 11 70 69 7 23 69 12 17 57 57 69 17 17 29 53 52 26 69 60 12 2 7 70 10 18
split_gain=83.9442 27.0434 6.15703 5.8212 2.88861 2.4623 2.45423 1.64785 1.57413 1.28008 1.12323 0.712337 0.660032 0.581043 0.569356 0.563712 0.575291 0.546498 0.535998 0.467282 0.729211 0.437931 0.338724 0.306484 0.273434 0.260234 0.240354 0.2669 0.237186 0.228458
threshold=0.087998511904761892 0.28503869047619051 0.053758333333333304 0.27660416666666671 22.38571428571429 0.3490375 -0.33346877891818688 -0.29259762607704992 -1500.0000000000152 0.0029243242592021865 0.064507852084056461 0.32839583333333339 -16.475007974649145 6.0000000000000036 1.4000000000000006 -0.69016699705532225 -1500.0000000000016 -1500.0000000000016 103.97610055020084 1.0690449676497273 81.964285714285737 -28.76117865912434 0.5772862706790628 56.535000000000011 0.3176811594202899 7.285000000000001 -3.8627412515473591 -0.18399835165767994 0.15814583333333332 0.32263541666666662
decision_type=2 2 2 2 2 2 2 2 2 2 2 2 2 2 2 2 2 2 2 2 2 2 2 2 2 2 2 2 2 2
left_child=2 3 28 4 7 11 8 18 -6 14 -8 29 -9 -7 17 -11 -17 -4 -2 21 25 -5 -13 -18 -22 -21 27 -15 -1 -3
right_child=1 5 9 19 6 13 10 12 -10 15 -12 22 -14 26 -16 16 23 -19 -20 20 24 -23 -24 -25 -26 -27 -28 -29 -30 -31
leaf_value=-0.002301781759921886 0.0015025226697775356 0.0013212394130799146 -0.00030358263235012826 0.0014510403857665491 -0.0025243128169918569 0.0014824678287137863 -0.00067861309032607551 0.00092698297980757212 0.00044343287726716479 -0.0023000845807612104 -1.6752162291084144e-05 0.0027040483928114853 -0.00020424801328446511 0.0030954955146399927 -0.00077548843801484918 -0.0020308731772213963 -0.0023433824954492625 0.001582079986882761 0.0031753810466752879 0.001706599838067711 -2.6194386211656301e-05 0.0026693853279125481 0.0015639910036450728 -0.00071913697550126808 0.0014249891034298343 -0.0013349867883324623 0.003933012142614766 0.0025418695508669944 -0.00037508196931559636 0.0018538077190264611
leaf_weight=10377 1166 1708 255 563 163 277 4479 969 7767 366 4779 953 883 2126 406 428 112 295 208 1335 419 542 338 1897 159 24 228 1462 62 1389
leaf_count=10377 1166 1708 255 563 163 277 4479 969 7767 366 4779 953 883 2126 406 428 112 295 208 1335 419 542 338 1897 159 24 228 1462 62 1389
internal_value=3.51561e-06 0.000856812 -0.0019156 0.000331694 0.00014906 0.00230857 -5.39081e-06 0.000972642 0.000381742 -0.000872911 -0.000337322 0.00181218 0.000386194 0.00283944 7.2053e-05 -0.00119618 -0.00102829 0.000703409 0.00176007 0.00155587 0.00126968 0.00205322 0.00240933 -0.000812301 0.000369597 0.00164974 0.00293674 0.00287152 -0.00229066 0.00156159
internal_weight=46135 31937 14198 23456 20414 8481 17188 3226 7930 3759 9258 4388 1852 4093 956 2803 2437 550 1374 3042 1937 1105 1291 2009 578 1359 3816 3588 10439 3097
internal_count=46135 31937 14198 23456 20414 8481 17188 3226 7930 3759 9258 4388 1852 4093 956 2803 2437 550 1374 3042 1937 1105 1291 2009 578 1359 3816 3588 10439 3097
is_linear=0
shrinkage=0.03


Tree=20
num_leaves=31
num_cat=0
split_feature=22 22 22 22 11 50 53 23 22 7 70 57 7 6 53 69 46 42 47 22 69 60 23 44 47 70 57 53 39 70
split_gain=80.9352 18.6663 15.2129 2.65455 1.95958 1.63177 1.63776 1.21541 1.3692 1.10895 1.05108 0.887545 0.781414 0.669005 0.654335 0.56597 0.642098 0.547997 0.547642 0.49414 0.482345 0.448445 0.381373 0.686109 0.374453 0.355207 0.449609 0.336718 0.328046 0.29396
threshold=0.14797470238095237 0.28655927795031055 0.055686904761904715 0.2308220238095238 0.34390833333333332 81.071428571428584 1.0377490433255463 0.0045324141204306501 0.1034188988095238 -27.844611059962542 -0.25950218452349683 6.0000000000000036 -1500.0000000000152 -769.15380122576937 9.241866040583318 0.38168568572378603 24.603571428571435 22.416666666666675 0.42199161493681253 0.065435863095238064 0.38168568572378603 47.155000000000008 0.01748800568665641 24.200000000000006 0.64264648527564394 -0.2093068927635835 51.149999999999999 5.8056905322756771 1.0000000180025095e-35 0.47493347945961001
decision_type=2 2 2 2 2 2 2 2 2 2 2 2 2 2 2 2 2 2 2 2 2 2 2 2 2 2 2 2 2 2
left_child=2 3 -1 9 13 25 21 18 19 12 14 -6 -2 29 -11 16 -10 -14 -4 -9 -21 -7 23 -15 -8 26 -5 -12 -17 -3
right_child=1 4 7 5 11 6 24 8 15 10 27 -13 17 22 -16 28 -18 -19 -20 20 -22 -23 -24 -25 -26 -27 -28 -29 -30 -31
leaf_value=-0.0022439856464400595 -0.0027295413734821435 0.0015051194113171659 -0.00060205838953655225 0.0025255550053996261 0.0013628040427951524 0.00081904511135596808 0.0004917443854277338 -0.0018303179002597462 0.0001187781910449975 0.00025814992585882401 -0.00075014779887739777 0.0028511382268404492 0.0011953496484821201 0.0017472714964010536 0.0041794420159780065 -0.00072622137981568995 -0.0010897413384115477 0.00044384720321481139 0.00037036565513738921 -0.0016184135376571991 -0.00071583578799951596 0.002764393003365076 0.0023382334314682291 -0.0019926422394191227 -0.00030644660874758884 0.0012651792221003927 0.0013663024472040746 0.00037799381533033815 0.00011426472424325444 0.00025752049977676225
leaf_weight=10144 64 374 815 593 407 163 2227 900 528 2622 1718 4127 1055 1441 38 550 1526 5276 1441 791 1711 345 1404 44 688 2017 658 272 1717 324
leaf_count=10144 64 374 815 593 407 163 2227 900 528 2622 1718 4127 1055 1441 38 550 1526 5276 1441 791 1711 345 1404 44 688 2017 658 272 1717 324
internal_value=8.41398e-07 0.00111125 -0.00142581 0.000565532 0.00230248 0.0010372 0.000577765 -0.000593654 -0.000772586 0.000279455 -7.24976e-05 0.00271853 0.000535812 0.00177515 0.000316845 -0.000416946 -0.000777714 0.000569721 1.76285e-05 -0.00122316 -0.00100291 0.00214893 0.00197755 0.00163317 0.000302286 0.00151719 0.00191979 -0.00059433 -8.85543e-05 0.000931493
internal_weight=45980 25857 20123 17736 8121 6691 3423 9979 7723 11045 4650 4534 6395 3587 2660 4321 2054 6331 2256 3402 2502 508 2889 1485 2915 3268 1251 1990 2267 698
internal_count=45980 25857 20123 17736 8121 6691 3423 9979 7723 11045 4650 4534 6395 3587 2660 4321 2054 6331 2256 3402 2502 508 2889 1485 2915 3268 1251 1990 2267 698
is_linear=0
shrinkage=0.03


Tree=21
num_leaves=31
num_cat=0
split_feature=22 22 22 12 44 22 49 0 22 17 14 22 6 23 35 53 44 21 23 4 7 0 39 63 7 65 26 17 60 53
split_gain=76.1575 17.5633 14.313 2.50185 1.68342 1.65101 1.38735 1.22715 1.23099 1.16308 1.00242 0.90978 0.853821 0.911856 0.837522 0.606732 0.584733 0.57382 0.56454 0.506903 0.454696 0.392676 0.41254 0.392168 0.343545 0.334138 0.306035 0.283504 0.273889 0.261681
threshold=0.14797470238095237 0.28655927795031055 0.055686904761904715 0.27660416666666671 22.707142857142863 0.33476190476190476 1.0000000180025095e-35 15.000000000000002 0.10567321428571429 -23.568906097032954 -1500.0000000000025 0.23410773809523808 -777.20254331174272 0.025789690840775668 6.030219224774247 6.9460242403300123 26.492857142857151 0.0011467763036694279 0.021231564258676689 87.500000000000014 -12.750760336312473 27.500000000000004 1.0000000180025095e-35 -116.85999999999997 -3.3861430242529615 -0.0075833333333332953 -57.493250737121748 -1500.0000000000016 56.335000000000015 6.230243308574293
decision_type=2 2 2 2 2 2 2 2 2 2 2 2 2 2 2 2 2 2 2 2 2 2 2 2 2 2 2 2 2 2
left_child=2 3 -1 4 9 12 11 10 27 18 -4 -6 -3 20 -8 -11 24 26 -2 25 -14 29 -23 -19 -7 -5 -12 -9 -29 -10
right_child=1 5 7 19 6 16 14 8 21 15 17 -13 13 -15 -16 -17 -18 23 -20 -21 -22 22 -24 -25 -26 -27 -28 28 -30 -31
leaf_value=-0.0021766728000374332 0.0021203483737713695 0.00086762657087387175 -0.0010951766312602702 0.00055608792976635107 0.00030471049362334286 0.0026285773208315393 7.1954281201475038e-05 -0.0019845036485481009 -0.0011338786547752586 5.3878529438086879e-05 0.00089230746306980446 0.0010805950154245639 0.0018760081158584602 0.002568645200591736 -0.00084246287815842324 0.0013468363656550786 0.00044005383853171318 -0.0006013721961088391 0.00091485214163217307 2.244613165621066e-06 0.00081001628126032687 -0.0010459070889517548 5.9859299504135127e-05 0.00013088923800595731 0.0039405926495350053 0.0016459493509617634 -0.00082863637786179491 -0.0019653686035373476 -0.0010320342988427915 0.00013628566607959416
leaf_weight=10144 877 762 902 298 5056 4007 3931 501 827 1073 779 1870 1087 1393 1167 472 110 1186 604 221 560 382 1446 1466 202 2167 103 346 1869 172
leaf_count=10144 877 762 902 298 5056 4007 3931 501 827 1073 779 1870 1087 1393 1167 472 110 1186 604 221 560 382 1446 1466 202 2167 103 346 1869 172
internal_value=8.39458e-07 0.00107797 -0.00138306 0.000548621 0.000397762 0.00223348 0.000238224 -0.00057588 -0.00087362 0.00103042 -0.000203051 0.000514756 0.00177418 0.00200007 -0.000136904 0.000451435 0.0026366 2.40473e-05 0.00163168 0.00139233 0.00151609 -0.000433607 -0.00017002 -0.000195558 0.00269318 0.00151569 0.000687227 -0.00133018 -0.00118 -0.000912274
internal_weight=45980 25857 20123 17736 15050 8121 12024 9979 5543 3026 4436 6926 3802 3040 5098 1545 4319 3534 1481 2686 1647 2827 1828 2652 4209 2465 882 2716 2215 999
internal_count=45980 25857 20123 17736 15050 8121 12024 9979 5543 3026 4436 6926 3802 3040 5098 1545 4319 3534 1481 2686 1647 2827 1828 2652 4209 2465 882 2716 2215 999
is_linear=0
shrinkage=0.03


Tree=22
num_leaves=31
num_cat=0
split_feature=20 20 12 12 70 11 46 7 20 7 23 17 57 12 41 57 17 0 17 4 70 60 18 8 7 7 0 70 46 10
split_gain=70.4268 22.9424 4.90055 4.80594 2.44638 1.96709 1.47134 1.43766 0.998168 0.982723 0.933057 0.617169 0.576998 0.509997 0.464224 0.461623 0.446713 0.445836 0.443341 0.397372 0.325331 0.295697 0.257406 0.253457 0.232466 0.215754 0.206878 0.205252 0.201438 0.198131
threshold=0.087998511904761892 0.28503869047619051 0.054977083333333308 0.27660416666666671 -0.33346877891818688 0.3490375 23.703571428571433 -1500.0000000000152 0.18813988095238096 -89.275897234064203 0.0024550416975379027 -16.933121811112688 6.0000000000000036 0.33193095238095244 0.1690633537536213 1.4000000000000006 -1500.0000000000016 22.500000000000004 -1500.0000000000016 87.500000000000014 -0.78295110140207613 56.535000000000011 0.32263541666666662 0.18352083333333338 -3.8627412515473591 -13.281024253674095 15.000000000000002 -0.18399835165767994 26.446428571428577 0.11281666666666666
decision_type=2 2 2 2 2 2 2 2 2 2 2 2 2 2 2 2 2 2 2 2 2 2 2 2 2 2 2 2 2 2
left_child=2 3 29 4 7 13 11 -2 -9 -8 15 -6 28 22 23 18 -12 21 -4 20 -16 -18 25 -5 27 -3 -24 -14 -7 -1
right_child=1 5 10 14 6 12 9 8 -10 -11 16 -13 24 -15 19 -17 17 -19 -20 -21 -22 -23 26 -25 -26 -27 -28 -29 -30 -31
leaf_value=-0.0020991924935640244 -0.0023547408293671667 0.0014604393085411178 -0.00030818169928870212 0.0011788425434604724 0.0011168212299001519 0.0018626889229962074 -4.8479526441019454e-05 0.00018022529197680187 0.00081262620803882629 -0.00067680900457108971 -0.0019335205107107287 3.680047072061786e-05 0.0028207419849933272 0.0022309983212145446 0.0018623534071015788 -0.00078250059826805412 -0.0021578821138079677 -0.0016273561723064631 0.0013991225843763343 -0.00010018352090871575 0.00096662549170835387 -0.00054881396727926514 0.0033759580933665104 0.002185704279989268 0.0036594311418011783 0.00073474489685384516 0.0016898728057185778 0.0023300321832054223 0.00014635375554411157 -3.4529453564217591e-05
leaf_weight=10440 156 1195 261 340 965 172 4986 3995 5175 4084 476 951 2155 1131 566 387 111 587 281 210 1119 1555 73 806 231 568 1424 1433 102 45
leaf_count=10440 156 1195 261 340 965 172 4986 3995 5175 4084 476 951 2155 1131 566 387 111 587 281 210 1119 1555 73 806 231 568 1424 1433 102 45
internal_value=8.40201e-07 0.000783451 -0.0017606 0.000297862 0.000131147 0.00211953 -0.00017199 0.000488543 0.000537491 -0.000331775 -0.000813505 0.00058262 0.00259431 0.0016758 0.00141002 4.51477e-06 -0.00109297 -0.000913275 0.000572392 0.00111679 0.00127021 -0.000659051 0.00148165 0.00189089 0.00269052 0.00122889 0.00177629 0.0026263 0.00123753 -0.00209062
internal_weight=45980 31837 14143 23353 20312 8484 10986 9326 9170 9070 3658 1916 4093 4391 3041 929 2729 2253 542 1895 1685 1666 3260 1146 3819 1763 1497 3588 274 10485
internal_count=45980 31837 14143 23353 20312 8484 10986 9326 9170 9070 3658 1916 4093 4391 3041 929 2729 2253 542 1895 1685 1666 3260 1146 3819 1763 1497 3588 274 10485
is_linear=0
shrinkage=0.03


Tree=23
num_leaves=31
num_cat=0
split_feature=22 22 10 22 22 52 39 0 22 13 70 70 69 7 73 7 7 69 7 44 0 70 44 63 22 18 0 70 70 42
split_gain=67.6581 15.5602 13.0137 2.19591 1.64412 1.52118 1.67915 0.923195 0.977546 0.940732 0.913759 0.785919 0.744907 0.723729 0.623215 0.618158 0.638245 0.532849 0.462076 0.440965 0.401429 0.401358 0.395183 0.379319 0.378068 0.376484 0.363838 0.423272 0.36167 0.338374
threshold=0.14797470238095237 0.27098110119047619 0.053758333333333304 0.32319642857142866 0.21597857142857141 79.392857142857153 2.8639209648229232e-08 15.000000000000002 0.10567321428571429 -1500.0000000000025 -0.15855351192338588 -0.72658061058372014 -0.24284747324344261 -12.144571559833576 0.85152194868297226 -24.58305435776278 -1500.0000000000152 0.1670500785599974 -1499.9999999999989 17.221428571428579 15.000000000000002 -0.47495107206705001 21.778571428571436 -7.4900000000000029 0.22965780279503104 0.33673611111111118 27.500000000000004 -0.62538740722492581 -0.45973273945210419 25.216666666666672
decision_type=2 2 2 2 2 2 2 2 2 2 2 2 2 2 2 2 2 2 2 2 2 2 2 2 2 2 2 2 2 2
left_child=2 4 -1 11 15 12 -7 9 17 -4 -8 -3 29 14 19 16 -2 -9 -11 -5 -18 23 -20 -17 -14 -13 -10 -28 -19 -6
right_child=1 3 7 13 5 6 10 8 26 18 -12 25 24 -15 -16 21 20 28 22 -21 -22 -23 -24 -25 -26 -27 27 -29 -30 -31
leaf_value=-0.0020164692602858878 -0.0025722000835033568 0.0020982541200733227 -0.0010412981467496634 -6.4603828928792975e-05 0.0023394518399944227 0.0022075168863118413 0.00053167368694275255 -0.0019086230237332646 -0.00084851262016991829 -0.00050541653782597631 -0.00043075075959767164 0.0010489168863921101 0.00043889494764556581 0.0027559132531356878 0.0032643147080964698 0.00078187948334045357 0.00010982570002814942 0.00020585529701057313 0.0022844549170065237 0.0019442529275184887 0.00064671001619175258 -0.00048372880439784358 0.00019850771227109221 -0.00015223016572341996 0.0012141959218425003 0.0020068766025793739 0.00095335072828659222 -0.00032318214008982807 -0.0010937106232496304 0.0011923200725291211
leaf_weight=10743 64 1280 879 100 643 414 2571 710 970 951 1352 2444 875 2643 332 599 2234 220 84 2135 2901 1630 2430 1114 1690 447 275 1508 1353 389
leaf_count=10743 64 1280 879 100 643 414 2571 710 970 951 1352 2444 875 2643 332 599 2234 220 84 2135 2901 1630 2430 1114 1690 447 275 1508 1353 389
internal_value=8.38083e-07 0.00101609 -0.00130355 0.00199143 0.000460491 0.000771527 0.000392065 -0.000486583 -0.00076313 -0.000165189 0.0001992 0.00147592 0.00122798 0.0024032 0.00203793 0.000171187 0.000375965 -0.0012226 5.64323e-05 0.00185304 0.000413788 -0.000146403 0.000270279 0.000172924 0.00095116 0.00119871 -0.000380705 -0.000124191 -0.000910032 0.00191153
internal_weight=45980 25857 20123 9381 16476 7934 4337 9380 5036 4344 3923 4171 3597 5210 2567 8542 5199 2283 3465 2235 5135 3343 2514 1713 2565 2891 2753 1783 1573 1032
internal_count=45980 25857 20123 9381 16476 7934 4337 9380 5036 4344 3923 4171 3597 5210 2567 8542 5199 2283 3465 2235 5135 3343 2514 1713 2565 2891 2753 1783 1573 1032
is_linear=0
shrinkage=0.03


Tree=24
num_leaves=31
num_cat=0
split_feature=22 22 10 22 23 44 70 51 52 0 22 13 46 70 7 73 23 7 23 44 0 0 47 44 8 42 0 70 7 7
split_gain=63.6634 14.6413 12.2442 2.06566 1.69766 2.00567 1.8404 1.43545 1.25095 0.868729 0.92048 0.885254 0.784339 0.73916 0.680432 0.58626 0.551337 0.509225 0.462372 0.415283 0.399181 0.640972 0.46404 0.389693 0.362654 0.386101 0.350392 0.388665 0.303899 0.322675
threshold=0.14797470238095237 0.27098110119047619 0.053758333333333304 0.32319642857142866 0.085571498075236202 22.707142857142863 -0.081676395330422633 2.1380899352995502 75.035714285714292 15.000000000000002 0.10880863095238093 -1500.0000000000025 17.725000000000005 -0.72658061058372014 -12.144571559833576 0.85152194868297226 0.034342051722548443 -55.877552811890354 0.0010001605760311398 17.221428571428579 35.000000000000007 57.500000000000007 0.19889806323962486 21.778571428571436 0.32839583333333339 25.416666666666668 27.500000000000004 -0.62538740722492581 -1500.0000000000066 -51.174743845091911
decision_type=2 2 2 2 2 2 2 2 2 2 2 2 2 2 2 2 2 2 2 2 2 2 2 2 2 2 2 2 2 2
left_child=2 4 -1 13 5 8 7 -7 16 11 28 -4 -10 -3 15 19 -2 -8 -13 -5 -6 -22 -23 -20 25 -15 -12 -28 -11 -30
right_child=1 3 9 14 20 6 17 -9 12 10 26 18 -14 24 -16 -17 -18 -19 23 -21 21 22 -24 -25 -26 -27 27 -29 29 -31
leaf_value=-0.0019559808016677387 0.0018287189361897039 0.0020353556361609815 -0.0010100946936939263 -6.2684884592245264e-05 0.00069521078909338594 0.00074616518848434935 7.272106958879973e-07 -0.00011324869601681192 0.0014666921780469497 -0.0021584711565614434 -0.00082753426095556878 0.00082824781098571624 -0.00011921952096272005 0.0011799717958746515 0.002673267109520826 0.0031666793278607259 0.00063108819047533356 -0.00069073661512273038 0.0017771363989522798 0.0018859526488479207 0.0024166308892583383 0.0016005704829297816 3.5694228728180345e-05 -0.00016518730421740267 0.0017957524313121432 0.00019982347289520885 0.00092485383723080465 -0.00030070524606981298 -0.00082833970199871338 -0.0016927390683927871
leaf_weight=10743 1338 1280 879 100 704 4637 1709 2799 386 257 935 579 1011 1782 2643 332 480 2157 95 2135 514 466 275 2791 645 464 275 1473 1562 534
leaf_count=10743 1338 1280 879 100 704 4637 1709 2799 386 257 935 579 1011 1782 2643 332 480 2157 95 2135 514 466 275 2791 645 464 275 1473 1562 534
internal_value=8.34332e-07 0.000985663 -0.00126446 0.00193177 0.000446709 0.00033451 0.00014609 0.000422296 0.000995699 -0.000472001 -0.000740272 -0.000160207 0.000317568 0.00143172 0.00233116 0.00197686 0.00151468 -0.000384372 5.47565e-05 0.00179743 0.00127602 0.00159863 0.00102469 -9.96182e-05 0.00116282 0.000978998 -0.000358626 -0.000105763 -0.00117383 -0.0010507
internal_weight=45980 25857 20123 9381 16476 14517 11302 7436 3215 9380 5036 4344 1397 4171 5210 2567 1818 3866 3465 2235 1959 1255 741 2886 2891 2246 2683 1748 2353 2096
internal_count=45980 25857 20123 9381 16476 14517 11302 7436 3215 9380 5036 4344 1397 4171 5210 2567 1818 3866 3465 2235 1959 1255 741 2886 2891 2246 2683 1748 2353 2096
is_linear=0
shrinkage=0.03


Tree=25
num_leaves=31
num_cat=0
split_feature=22 22 10 22 11 0 0 64 7 23 7 7 63 14 33 23 35 53 69 52 3 22 44 12 43 63 7 10 3 52
split_gain=58.6976 16.9703 8.04548 2.15864 2.00626 1.36795 1.1581 0.841355 0.711213 0.607561 0.595349 0.589799 0.626577 0.589136 0.580476 0.555359 0.552004 0.497259 0.571028 0.489603 0.44511 0.426551 0.386655 0.378569 0.52042 0.433346 0.34463 0.327676 0.321573 0.30779
threshold=0.12258333333333331 0.26945409580498869 0.053758333333333304 0.21597857142857141 0.3490375 15.000000000000002 15.000000000000002 222.50000000000003 -15.474509670269157 0.011022268196560504 -1500.0000000000152 -24.58305435776278 -112.20499999999998 -1500.0000000000025 1.0229722968702381e-07 0.0010001605760311398 0.8239712117609379 7.6832914192396489 -0.15855791680139872 28.035714285714288 25.350000000000005 0.065435863095238064 21.592857142857149 0.32118750000000001 3.5992584838799049e-08 -157.54999999999998 -93.200435937161885 0.063814583333333313 22.550000000000004 41.178571428571438
decision_type=2 2 2 2 2 2 2 2 2 2 2 2 2 2 2 2 2 2 2 2 2 2 2 2 2 2 2 2 2 2
left_child=2 3 -1 10 17 9 13 -6 19 28 -2 12 -12 27 -10 29 -11 23 -19 -7 -13 -8 -17 24 -3 -25 -20 -4 -5 -15
right_child=1 4 6 5 7 8 21 -9 14 16 11 20 -14 15 -16 22 -18 18 26 -21 -22 -23 -24 25 -26 -27 -28 -29 -30 -31
leaf_value=-0.001897155268772779 -0.0023084972212385193 0.0016506833855092051 6.6177934711489022e-05 0.0036481432033436639 0.0024344817255850682 0.00036305931784472498 -0.0015780135071733984 0.00047601246833801268 0.0019071988035631302 0.00091007887453695927 -9.1113509082480984e-05 -2.4107136667412791e-05 0.00046671843853988374 0.0014011249958840104 0.00024377799456264723 0.00277464539428743 -0.00042133909257037927 0.0034232473462468306 0.00088949121005533344 0.0013734596124516552 -0.00073175948392374733 -0.00075298671063435548 -0.00023936197755288697 -0.0007607208972796797 0.00080722115829467988 0.0018147024728963589 0.0024043344558362469 -0.0014691862565060229 0.00068305365599488025 -1.0301537797204219e-05
leaf_weight=10707 94 1071 177 34 4108 515 736 212 218 345 3088 3035 4358 372 1428 38 1459 232 291 3000 1090 2585 1847 59 1783 1499 270 397 806 215
leaf_count=10707 94 1071 177 34 4108 515 736 212 218 345 3088 3035 4358 372 1428 38 1459 232 291 3000 1090 2585 1847 59 1783 1499 270 397 806 215
internal_value=4.74758e-07 0.000822269 -0.00139488 0.000314411 0.00185992 0.000700585 -0.000549609 0.0023392 0.000984914 0.000144288 5.57286e-05 7.53921e-05 0.000234991 -0.000125924 0.000466931 7.41062e-05 -0.000164691 0.00146119 0.00215985 0.00122642 -0.000211958 -0.000937152 -0.000175573 0.00133447 0.00112526 0.00171482 0.00162688 -0.000991229 0.000810832 0.000879923
internal_weight=46069 28995 17074 19470 9525 7805 6367 4320 5161 2644 11665 11571 7446 3046 1646 2472 1804 5205 793 3515 4125 3321 1885 4412 2854 1558 561 574 840 587
internal_count=46069 28995 17074 19470 9525 7805 6367 4320 5161 2644 11665 11571 7446 3046 1646 2472 1804 5205 793 3515 4125 3321 1885 4412 2854 1558 561 574 840 587
is_linear=0
shrinkage=0.03


Tree=26
num_leaves=31
num_cat=0
split_feature=22 10 22 11 23 70 29 46 64 69 23 22 39 69 46 50 40 70 69 46 69 18 69 18 7 9 6 52 47 18
split_gain=55.3308 12.4703 12.1385 1.81373 1.38192 1.85872 1.1886 1.18619 1.02644 1.00374 0.828236 1.21189 0.760475 0.635925 0.755086 0.478356 0.470588 0.427717 0.426486 0.400872 0.386227 0.519561 0.372445 0.327069 0.354734 0.31257 0.341695 0.272854 0.497906 0.251417
threshold=0.15707589285714288 0.053758333333333304 0.27098110119047619 0.33670833333333333 0.085571498075236202 -0.14153505243942446 85.040469442652764 23.767857142857149 222.50000000000003 -0.5123666674339783 0.005096050722339371 0.065435863095238064 0.59898326531561419 0.38168568572378603 23.403571428571432 31.071428571428573 5.323214285714287 -0.55599684127981919 -0.5416228050394748 24.453571428571433 0.44437406304545285 0.37383819444444449 0.20088869483109786 0.32263541666666662 -12.888408870400841 0.12002083333333331 -22.269755271383193 76.321428571428598 0.83575653698207231 0.13464236111111111
decision_type=2 2 2 2 2 2 2 2 2 2 2 2 2 2 2 2 2 2 2 2 2 2 2 2 2 2 2 2 2 2
left_child=1 -1 4 17 5 6 12 9 20 -7 15 -12 -2 14 -13 -3 -15 27 -9 -6 -5 -22 -8 24 -19 -17 -27 -4 -29 -21
right_child=2 10 3 8 19 7 22 18 -10 -11 11 13 -14 16 -16 25 -18 23 -20 29 21 -23 -24 -25 -26 26 -28 28 -30 -31
leaf_value=-0.0018405005468482788 0.00072626021539423614 0.00095235001339544667 0.0025791667391630692 0.0025111534183012425 -0.00019280063840794139 0.0016235221226845804 0.0030266520879110438 -0.00071633488116323299 0.00066953571302735295 5.9304880840709623e-05 -0.0016820682380077065 0.00084219775146736613 3.1139268135462226e-05 0.00012314319002400576 -0.00088585154624918087 -0.00031609152618497608 -0.0005106189690718756 0.0012107696631282262 -7.1915153175695467e-05 0.00065397473609537116 0.001262306420530978 0.0024637446367077984 -0.00058824460896929462 0.0015723655959085558 0.00031851446782927726 0.00097725011558629513 -0.00096967955927175357 0.0016730828079813778 -0.0016619810450186089 0.0015285469652563826
leaf_weight=10743 5971 467 313 3274 166 547 230 1832 367 1145 754 245 1869 2213 2819 1568 2003 1130 1888 398 643 694 27 1028 639 377 101 1217 40 1361
leaf_count=10743 5971 467 313 3274 166 547 230 1832 367 1145 754 245 1869 2213 2819 1568 2003 1130 1888 398 643 694 27 1028 639 377 101 1217 40 1361
internal_value=4.83605e-07 -0.00112107 0.000964241 0.00181761 0.000447264 0.000339741 0.000627456 -9.01969e-05 0.00221021 0.000567427 -0.000387872 -0.000536593 0.000560956 -0.000417328 -0.000746467 8.64143e-05 -0.000177292 0.00136898 -0.000390188 0.0011997 0.00233202 0.00188956 0.00263444 0.00114267 0.000890525 -0.000110139 0.000558441 0.00176928 0.00156333 0.00133285
internal_weight=46069 21290 24779 9345 15434 13509 8097 5412 4978 1692 10547 8034 7840 7280 3064 2513 4216 4367 3720 1925 4611 1337 257 2797 1769 2046 478 1570 1257 1759
internal_count=46069 21290 24779 9345 15434 13509 8097 5412 4978 1692 10547 8034 7840 7280 3064 2513 4216 4367 3720 1925 4611 1337 257 2797 1769 2046 478 1570 1257 1759
is_linear=0
shrinkage=0.03


Tree=27
num_leaves=31
num_cat=0
split_feature=22 22 10 22 11 0 0 64 52 22 7 70 12 7 23 14 7 47 47 70 7 53 70 52 47 46 10 70 28 18
split_gain=52.065 15.0149 7.08787 1.95732 1.77534 1.28663 1.10725 0.969233 0.671382 0.593093 0.557724 0.656136 0.827951 0.719408 0.554678 0.551796 0.523044 0.505262 0.429944 0.429554 0.410105 0.371893 0.354001 0.309724 0.568836 0.288341 0.282396 0.276957 0.296306 0.273168
threshold=0.12258333333333331 0.26945409580498869 0.048870833333333308 0.21672499999999997 0.33670833333333333 15.000000000000002 15.000000000000002 222.50000000000003 87.035714285714292 0.24312500000000001 -1500.0000000000152 -0.47495107206705001 0.28902291666666668 -1500.0000000000066 0.011022268196560504 -1500.0000000000025 -1500.0000000000025 0.21649048909359223 0.53703500203121057 -0.55599684127981919 -1500.0000000000152 7.3768273951318717 0.34963450400049079 76.321428571428598 0.79816065560509586 23.232142857142865 0.063814583333333313 -0.18399835165767994 -4.3038811247292683 0.3192430555555556
decision_type=2 2 2 2 2 2 2 2 2 2 2 2 2 2 2 2 2 2 2 2 2 2 2 2 2 2 2 2 2 2
left_child=2 3 -1 10 19 14 15 27 9 -7 -2 13 -13 -12 25 26 -17 -16 -18 23 -8 29 -23 -3 -25 -5 -4 -6 -29 -21
right_child=1 4 6 5 7 8 20 -9 -10 -11 11 12 -14 -15 17 16 18 -19 -20 21 -22 22 -24 24 -26 -27 -28 28 -30 -31
leaf_value=-0.0017956171417308753 -0.0022328852165637439 0.0025517102172562416 6.4728926144712392e-06 0.0034596340062362806 0.0024687736341655513 0.00081328233265710675 -0.0019854782988275987 0.00066192809167377501 0.00014836229707555133 0.001546318909881775 0.0014384356333107685 -0.00017711886228837846 0.0014871095265777381 0.00022058135594948269 0.00089598837987639424 -0.0007073203484812161 -0.0001747933016188992 -0.00040774316013603569 0.00073006362364950203 0.00065141104791783795 -0.00080286986693301485 0.002611440981328129 0.001116290232061052 0.0016242714475541091 -0.00158678404088406 0.00064941352316630948 -0.0014012189424110004 0.0018650839313017703 0.0032318583986975925 0.0013278428738776231
leaf_weight=10530 94 328 183 34 2641 2544 292 375 793 1668 487 6724 279 4276 326 586 862 1453 1033 1397 3191 259 346 1247 50 792 397 1809 164 909
leaf_count=10530 94 328 183 34 2641 2544 292 375 793 1668 487 6724 279 4276 326 586 862 1453 1033 1397 3191 259 346 1247 50 792 397 1809 164 909
internal_value=4.94737e-07 0.000774472 -0.00131366 0.000296756 0.00175052 0.000672265 -0.000537534 0.00214217 0.000953737 0.00110458 5.55202e-05 7.42457e-05 -0.000110185 0.000346008 0.000130162 -0.000120069 7.36673e-05 -0.000166781 0.000317004 0.00131872 -0.000903417 0.00109696 0.00176457 0.00171321 0.00149705 0.00077276 -0.000952658 0.00226166 0.00198179 0.000919813
internal_weight=46069 28995 17074 19470 9525 7610 6544 4989 5005 4212 11860 11766 7003 4763 2605 3061 2481 1779 1895 4536 3483 2911 605 1625 1297 826 580 4614 1973 2306
internal_count=46069 28995 17074 19470 9525 7610 6544 4989 5005 4212 11860 11766 7003 4763 2605 3061 2481 1779 1895 4536 3483 2911 605 1625 1297 826 580 4614 1973 2306
is_linear=0
shrinkage=0.03


Tree=28
num_leaves=31
num_cat=0
split_feature=11 20 20 12 12 11 44 17 70 45 70 69 44 47 12 46 23 12 46 69 18 0 70 47 58 69 70 39 0 70
split_gain=48.3128 15.9182 3.76121 3.35777 1.38737 1.32249 1.23751 1.07872 0.963648 0.793738 0.614901 0.673421 0.930659 0.640294 0.513498 0.481757 0.431781 0.411347 0.377575 0.288141 0.263073 0.255433 0.249378 0.231687 0.226448 0.336308 0.267704 0.232615 0.2204 0.218944
threshold=0.083354166666666604 0.28503869047619051 0.052153571428571403 0.20868115942028984 0.29418749999999999 0.3490375 22.907142857142862 -18.219983822091152 0.012909817866233263 0.50638771327943743 -0.23449138957041016 0.081675638985454754 22.707142857142863 0.74586773714827181 0.10217916666666661 26.003571428571437 0.0010001605760311398 0.33959166666666668 24.453571428571433 0.5772862706790628 0.32263541666666662 15.000000000000002 0.72064045540576316 0.41084207281049628 17.855000000000004 0.13301347478292308 -0.45973273945210419 0.014638501094227725 15.000000000000002 -0.66483077113278999
decision_type=2 2 2 2 2 2 2 2 2 2 2 2 2 2 2 2 2 2 2 2 2 2 2 2 2 2 2 2 2 2
left_child=2 3 -1 10 6 17 7 -5 -8 24 13 12 -12 14 -2 -7 -13 20 -15 -19 -3 29 23 -6 25 27 -27 -4 -21 -11
right_child=1 5 9 4 22 15 8 -9 -10 21 11 16 -14 18 -16 -17 -18 19 -20 28 -22 -23 -24 -25 -26 26 -28 -29 -30 -31
leaf_value=-0.0017587494485178433 -0.00044663384442444079 0.00099181211363513181 -0.0019839543951554344 0.0016573559909304745 0.0017181090870584236 0.0022321618059464345 0.00049084534735580976 0.00033541500446011418 -0.00036858393362460787 -0.0013126295050201208 0.00077800015263104197 0.0011388073526814363 -0.00079371921472964381 0.00053091255046952448 0.0004345348575132519 0.00061694273461706064 -8.6277424260537008e-05 0.002254854239027966 -0.00074912194541450878 0.003047895992527137 0.0015253605891425643 -0.0008319723722827032 0.00069724045326532947 0.00097923349241485144 -0.0011773912925524908 0.0004279666458683003 -0.00064000714108962257 -0.00077332117483247022 0.00044763518884722859 0.00044909762035118814
leaf_weight=10060 690 1775 230 1237 1206 3888 3817 1021 1691 68 386 277 2654 263 4177 180 3771 727 933 36 1680 236 492 602 1650 293 729 417 166 717
leaf_count=10060 690 1775 230 1237 1206 3888 3817 1021 1691 68 386 277 2654 263 4177 180 3771 727 933 36 1680 236 492 602 1650 293 729 417 166 717
internal_value=5.11316e-07 0.000655681 -0.0014401 0.000249687 0.000662062 0.0017704 0.00046968 0.00106135 0.00022643 -0.000700552 -6.57501e-05 -0.00025562 -0.000592975 0.000155729 0.000308928 0.0021616 -1.4448e-06 0.00140631 -0.000464928 0.00197318 0.00125249 2.80853e-05 0.00130985 0.00147443 -0.000925541 -0.000674206 -0.000330775 -0.00121071 0.000938558 0.000291197
internal_weight=46069 31669 14400 23217 10066 8452 7766 2258 5508 4340 13151 7088 3040 6063 4867 4068 4048 4384 1196 929 3455 1021 2300 1808 3319 1669 1022 647 202 785
internal_count=46069 31669 14400 23217 10066 8452 7766 2258 5508 4340 13151 7088 3040 6063 4867 4068 4048 4384 1196 929 3455 1021 2300 1808 3319 1669 1022 647 202 785
is_linear=0
shrinkage=0.03


Tree=29
num_leaves=31
num_cat=0
split_feature=10 20 12 12 19 10 12 69 70 40 64 12 70 53 12 0 23 69 10 45 41 36 21 69 21 52 0 29 17 65
split_gain=45.5259 14.9614 3.94722 3.22799 1.33006 1.16397 0.960472 0.606627 0.605709 0.621205 0.604807 0.56567 0.55882 0.661031 0.634797 0.686909 0.607904 0.572769 0.539487 0.44393 0.405318 0.437793 0.349233 0.32469 0.303917 0.266475 0.24255 0.23956 0.238545 0.210918
threshold=0.083472916666666605 0.28503869047619051 0.054977083333333308 0.20868115942028984 0.0044167295593006417 0.35085416666666669 0.31141666666666673 -0.2595093939220976 0.16704543776228128 3.3789285714285722 270.50000000000006 0.34847083333333334 -0.25950218452349683 6.4641870552850103 0.097241666666666657 27.500000000000004 0.084486852739744947 0.41327478071396911 0.11142572463768112 0.59080252119271126 0.021380899352994122 5.8916666666666666 0.0026459515963491247 0.60505046667002438 0.063336459979212598 84.750000000000014 15.000000000000002 93.134989317082997 -5.1036563607966121 -0.0038535714285714176
decision_type=2 2 2 2 2 2 2 2 2 2 2 2 2 2 2 2 2 2 2 2 2 2 2 2 2 2 2 2 2 2
left_child=2 3 -1 12 8 11 18 25 9 -5 28 27 14 16 17 -16 -14 -2 -6 20 -9 -22 -15 -13 -10 -4 -25 29 -7 -3
right_child=1 5 7 4 6 10 -8 19 24 -11 -12 23 13 22 15 -17 -18 -19 -20 -21 21 -23 -24 26 -26 -27 -28 -29 -30 -31
leaf_value=-0.0017010097415586943 -0.0019360840931736132 0.00076544342655247572 -0.0016373696388691499 0.00063952908794529439 0.0017930065719205339 0.0020343850608520292 0.0014877800960659126 0.00022672597789362572 0.00022141552830365363 0.0015779357520920854 0.00026501939748694377 0.0023393902033388043 -0.00044299588248535769 0.0012856725430030246 2.7402373026439313e-05 0.00076334731161360183 0.0010376625640443166 -0.0001302150487228074 0.00014889291540571688 0.0002694679987385965 -0.00032608795332420568 -0.0011925391226454375 0.00010121993640878532 0.0027414343695238447 0.0011991933164713173 9.234581828435088e-05 -0.00022931147543280277 0.0026186194940610737 0.0026806934803966075 0.0013004091321891498
leaf_weight=10490 221 987 584 942 186 3431 592 444 963 2045 165 678 5662 290 3481 1704 259 564 4883 675 1054 1071 1005 33 413 89 85 105 662 2306
leaf_count=10490 221 987 584 942 186 3431 592 444 963 2045 165 678 5662 290 3481 1704 259 564 4883 675 1054 1071 1005 33 413 89 85 105 662 2306
internal_value=5.14087e-07 0.000636734 -0.00139743 0.000243022 0.000648796 0.00171739 0.000344532 -0.000583441 0.00104272 0.00128331 0.0020684 0.00135991 -6.52457e-05 -0.000243028 0.000149144 0.000269943 -0.000377557 -0.000644252 0.000210155 -0.000411825 -0.000592036 -0.000764546 0.000369566 0.00208524 0.000517727 -0.00140438 0.000592336 0.00118855 0.00214028 0.00114126
internal_weight=46069 31662 14407 23210 10024 8452 5661 3917 4363 2987 4258 4194 13186 7216 5970 5185 5921 785 5069 3244 2569 2125 1295 796 1376 673 118 3398 4093 3293
internal_count=46069 31662 14407 23210 10024 8452 5661 3917 4363 2987 4258 4194 13186 7216 5970 5185 5921 785 5069 3244 2569 2125 1295 796 1376 673 118 3398 4093 3293
is_linear=0
shrinkage=0.03


Tree=30
num_leaves=31
num_cat=0
split_feature=22 22 22 22 11 0 0 63 39 25 70 7 70 7 7 23 69 41 23 44 23 53 69 22 69 70 70 52 51 18
split_gain=44.4793 12.6016 5.90335 1.68845 1.54788 1.16756 0.939793 0.688681 0.528503 0.523289 0.514939 0.512169 0.557605 0.626446 0.498344 0.495015 0.491689 0.445212 0.438779 0.35631 0.372281 0.353819 0.467902 0.341302 0.437184 0.521936 0.3169 0.301546 0.28311 0.258446
threshold=0.12360952380952382 0.26945409580498869 0.055686904761904715 0.21672499999999997 0.34390833333333332 15.000000000000002 15.000000000000002 -138.24499999999998 0.22315913604422002 0.8367918798444175 -0.54160775828284857 -1500.0000000000152 -0.44437817810461328 -1500.0000000000066 -27.844611059962542 0.010715769223046512 0.73248728852523659 0.45755081384618512 0.040522871836650078 21.592857142857149 0.0010001605760311398 7.3768273951318717 -0.20931270765420754 0.10880863095238093 -0.49750868180287638 -0.45973273945210419 -0.45973273945210419 76.321428571428598 1.133893419027683 0.3192430555555556
decision_type=2 2 2 2 2 2 2 2 2 2 2 2 2 2 2 2 2 2 2 2 2 2 2 2 2 2 2 2 2 2
left_child=2 3 -1 11 10 15 8 -6 26 18 27 -2 13 -13 -14 -5 -11 -17 -7 -10 -21 29 -23 24 -8 -26 -4 -3 -29 -12
right_child=1 4 6 5 7 9 23 -9 19 16 21 12 14 -15 -16 17 -18 -19 -20 20 -22 22 -24 -25 25 -27 -28 28 -30 -31
leaf_value=-0.0016606429031014486 -0.002170497361386167 0.0024220476062425098 0.00066249843894933844 0.00075154433305303799 0.00077572859549440265 0.00040501951118216756 -0.001771707907422549 0.0021247621315017332 0.0028158037730081137 0.0015893473452225375 0.00058676313213486926 0.0013373970252106096 8.5648010015482683e-05 0.00020602997716124104 -0.00045703439716319539 0.00041226664975416182 0.00061705190341505682 -0.00054324805569372413 0.0012430255192295598 0.00060211015805796938 -0.00023077914966489072 0.0029211513351619163 0.0011196654097935278 -0.00039926092971241916 0.0003341584633603678 -0.001008171662794786 -0.00091068382658852085 0.0018585258470234858 0.0010005391713804846 0.0012105826519022065
leaf_weight=10162 91 377 129 771 380 2086 566 4218 42 1400 1464 491 4433 4354 2314 735 724 1080 780 735 1400 186 467 1131 296 1982 907 748 695 1052
leaf_count=10162 91 377 129 771 380 2086 566 4218 42 1400 1464 491 4433 4354 2314 735 724 1080 780 735 1400 186 467 1131 296 1982 907 748 695 1052
internal_value=5.08276e-06 0.000727087 -0.00119512 0.000284465 0.00161582 0.000633296 -0.000536423 0.00201412 -0.000153661 0.000901446 0.00124781 5.79684e-05 7.59069e-05 0.000321556 -0.00010007 0.000114561 0.00125978 -0.000154638 0.000634489 0.000110611 5.46964e-05 0.00101376 0.00164107 -0.00084494 -0.00102092 -0.000832365 -0.000711452 0.00165291 0.00144835 0.000849166
internal_weight=46196 28846 17350 19259 9587 7576 7188 4598 3213 4990 4989 11683 11592 4845 6747 2586 2124 1815 2866 2177 2135 3169 653 3975 2844 2278 1036 1820 1443 2516
internal_count=46196 28846 17350 19259 9587 7576 7188 4598 3213 4990 4989 11683 11592 4845 6747 2586 2124 1815 2866 2177 2135 3169 653 3975 2844 2278 1036 1820 1443 2516
is_linear=0
shrinkage=0.03


Tree=31
num_leaves=31
num_cat=0
split_feature=22 22 10 11 0 7 47 53 70 11 51 22 7 64 21 7 70 70 22 53 70 41 46 52 47 7 21 40 70 47
split_gain=41.952 9.10814 9.04558 1.45555 1.22737 1.11417 0.815796 0.792066 0.776079 0.754133 0.732279 0.678072 0.67261 0.656235 0.637263 0.590011 0.484335 0.430192 0.378777 0.332946 0.321248 0.297506 0.283999 0.283447 0.446538 0.27963 0.264903 0.254264 0.25115 0.249126
threshold=0.15707589285714288 0.26945409580498869 0.053758333333333304 0.34390833333333332 15.000000000000002 -27.844611059962542 0.52857885352664746 7.3768273951318717 -0.14153505243942446 0.19873125000000003 7.2044959507770931 0.23299972826086954 -1500.0000000000152 222.50000000000003 0.050202064436219655 -1500.0000000000066 -0.54160775828284857 -0.021515300460958474 0.068951041666666643 7.3768273951318717 -0.9523422988233432 0.68530132892739526 31.403571428571432 76.321428571428598 0.79816065560509586 -26.852192054312329 0.0802055268695301 2.9532142857142865 0.31717953954346351 0.7940714391976712
decision_type=2 2 2 2 2 2 2 2 2 2 2 2 2 2 2 2 2 2 2 2 2 2 2 2 2 2 2 2 2 2
left_child=2 4 -1 16 6 9 8 11 -2 14 12 -7 -4 -5 -6 22 23 -9 -17 27 29 -21 -14 -3 -25 -22 -11 -18 -15 -8
right_child=1 3 10 13 5 7 20 17 -10 26 -12 -13 15 28 -16 18 19 -19 -20 21 25 -23 -24 24 -26 -27 -28 -29 -30 -31
leaf_value=-0.0015807060399656615 0.00070287133067021678 0.0023495783914940331 -0.0017395738987837635 0.002048022972721567 0.00017435752276907332 -0.00018295899263191524 -0.00038581398349251457 0.0033008829804513458 -0.00019139686931981905 0.0010822780827279966 0.00046087657990951178 0.00065431908220322621 0.0020057202952174359 0.0029658571792500355 0.0013585707297108858 -0.00088331604475794603 -0.00057266248263503332 0.00083531182404937381 -0.00033101531351654388 0.0024676963518625063 0.00014100700280957144 0.0011011031330777795 -0.0001649674486111978 0.0015267862938919291 -0.0008617293075339434 -0.00062722521730182435 0.0019927111948999732 0.00088844176355307235 0.00023865225465663712 -0.0017619885180639215
leaf_weight=10803 2045 377 337 4302 1721 2490 240 103 1516 2820 922 1335 135 34 539 1317 109 179 7739 231 905 422 86 1371 72 797 332 2407 262 248
leaf_count=10803 2045 377 337 4302 1721 2490 240 103 1516 2820 922 1335 135 34 539 1317 109 179 7739 231 905 422 86 1371 72 797 332 2407 262 248
internal_value=4.964e-06 0.000842654 -0.000970683 0.00156746 0.000387326 0.000596389 4.07225e-05 0.000222753 0.000321372 0.000879282 -0.000344826 0.000108578 -0.000422446 0.00195373 0.00045859 -0.000374094 0.00121055 0.00175494 -0.000411755 0.000983485 -0.00041419 0.00159216 0.00115057 0.00160351 0.00140502 -0.000217131 0.00117973 0.000823748 0.000570945 -0.00109349
internal_weight=46196 24857 21339 9587 15270 9519 5751 4107 3561 5412 10536 3825 9614 4598 2260 9277 4989 282 9056 3169 2190 653 221 1820 1443 1702 3152 2516 296 488
internal_count=46196 24857 21339 9587 15270 9519 5751 4107 3561 5412 10536 3825 9614 4598 2260 9277 4989 282 9056 3169 2190 653 221 1820 1443 1702 3152 2516 296 488
is_linear=0
shrinkage=0.03


Tree=32
num_leaves=31
num_cat=0
split_feature=22 22 10 11 0 22 6 47 70 23 22 21 70 52 6 52 53 53 70 70 6 70 17 52 47 65 6 72 6 9
split_gain=39.4756 8.57048 8.51071 1.37016 1.15533 1.00921 0.776607 0.767711 0.730299 0.689596 0.963274 0.611391 0.600426 0.589461 0.509859 0.434744 0.385984 0.375769 0.379719 0.324777 0.30943 0.30244 0.293067 0.274464 0.456048 0.249033 0.247218 0.245271 0.24286 0.318733
threshold=0.15707589285714288 0.26945409580498869 0.053758333333333304 0.35402155797101448 15.000000000000002 0.23654847308488611 -22.269755271383193 0.52857885352664746 -0.14153505243942446 0.0045324141204306501 0.070414705086580084 0.08845226656646131 -0.54160775828284857 75.035714285714292 -880.626095266883 87.035714285714292 5.7381024332117514 7.3768273951318717 0.44436171794418394 0.92589048012183106 -282.98210243542155 -0.9523422988233432 -1500.0000000000016 78.178571428571431 0.79816065560509586 -0.0043333333333333271 -252.12604830863526 0.45483267311219594 -23.314908134091599 0.12210416666666667
decision_type=2 2 2 2 2 2 2 2 2 2 2 2 2 2 2 2 2 2 2 2 2 2 2 2 2 2 2 2 2 2
left_child=2 4 -1 12 7 6 11 8 -2 16 -11 -6 23 -8 -5 25 28 -14 -19 20 -12 27 -18 -3 -25 -7 -23 -9 29 -4
right_child=1 3 9 14 5 15 13 21 -10 10 19 -13 17 -15 -16 -17 22 18 -20 -21 -22 26 -24 24 -26 -27 -28 -29 -30 -31
leaf_value=-0.0015332892367233523 0.00068179549835890093 0.0022199980303984714 -0.00021611476692692959 8.5416198606581834e-05 0.00054603302742590348 0.00059067884066361096 0.002055801089640289 -0.00055306467174639606 -0.0001856587478915933 -0.0012927523688063 -0.00011221772476956568 0.0022135994758456946 0.00081713146427921611 -0.00013251039767807183 0.0020058465149329885 0.0002671891708437502 -0.00042164302379431491 0.0023021011908763551 0.00091350397646578917 -0.00086482621887841893 -0.00057045451249837335 0.00021416728751320706 0.00099671916728301976 0.0015288071451112454 -0.00093293041094605399 0.00139151735164214 -0.0005167641233001887 -0.0019848048233329077 -0.0011570109086067222 0.00097220119295880292
leaf_weight=10803 2045 541 1164 132 3942 452 115 318 1516 1096 4235 209 2824 2443 3892 522 165 352 381 914 1946 709 584 1396 69 1836 993 170 187 245
leaf_count=10803 2045 541 1164 132 3942 452 115 318 1516 1096 4235 209 2824 2443 3892 522 165 352 381 914 1946 709 584 1396 69 1836 993 170 187 245
internal_value=4.83782e-06 0.00081743 -0.000941574 0.00152053 0.000375738 0.000578573 0.000377866 3.94428e-05 0.00031171 -0.000334491 -0.000464416 0.000631229 0.00121364 -3.21932e-05 0.00194363 0.0010564 0.000118055 0.000976952 0.00158665 -0.000335872 -0.000257041 -0.000401841 0.000680117 0.00163113 0.00141026 0.00123495 -0.000210572 -0.001061 -0.000144102 -6.81717e-06
internal_weight=46196 24857 21339 9587 15270 9519 6709 5751 3561 10536 8191 4151 5563 2558 4024 2810 2345 3557 733 7095 6181 2190 749 2006 1465 2288 1702 488 1596 1409
internal_count=46196 24857 21339 9587 15270 9519 6709 5751 3561 10536 8191 4151 5563 2558 4024 2810 2345 3557 733 7095 6181 2190 749 2006 1465 2288 1702 488 1596 1409
is_linear=0
shrinkage=0.03


Tree=33
num_leaves=31
num_cat=0
split_feature=22 22 22 22 11 0 45 64 47 70 25 69 65 70 21 70 63 21 46 23 23 69 22 53 50 69 22 44 53 28
split_gain=37.1626 10.4759 4.92833 1.42981 1.3024 0.969696 0.832712 0.666613 0.561305 0.555949 0.467701 0.467092 0.428482 0.495951 0.45677 0.409805 0.3852 0.542156 0.508516 0.383939 0.357124 0.354012 0.341875 0.290961 0.28914 0.284824 0.485696 0.254509 0.253629 0.229564
threshold=0.12360952380952382 0.26945409580498869 0.055686904761904715 0.21672499999999997 0.33670833333333333 15.000000000000002 0.54116276928198392 222.50000000000003 0.70340615563146147 -0.65187484896379921 0.8367918798444175 0.73248728852523659 -0.0028645833333333487 -0.45973273945210419 0.08845226656646131 -0.14153505243942446 -162.90499999999997 0.02255169876223662 25.017857142857149 0.040522871836650078 0.0045324141204306501 0.45972848220565493 0.07553110119047618 9.7924897844572829 30.071428571428573 0.44437406304545285 0.37556458333333337 24.392857142857149 7.6832914192396489 -1065.7989238087114
decision_type=2 2 2 2 2 2 2 2 2 2 2 2 2 2 2 2 2 2 2 2 2 2 2 2 2 2 2 2 2 2
left_child=2 3 -1 12 16 8 9 25 15 21 19 -12 -2 28 -15 -5 -3 18 -18 -7 24 29 -22 -8 -11 -6 -27 -10 -14 -4
right_child=1 4 6 5 7 10 23 -9 27 20 11 -13 13 14 -16 -17 17 -19 -20 -21 22 -23 -24 -25 -26 26 -28 -29 -30 -31
leaf_value=-0.0015177049725031756 -0.00025368723368275034 3.5390806249503431e-05 0.0018058852236717939 0.00065530733475638206 0.0020635131611881925 0.00035930086622812813 -0.00012821136202708145 0.0005865098022022529 7.6207454297665849e-05 0.0012897079682851345 0.0014863275698057329 0.0005390384798279786 0.00038989857987542048 -0.00011963104714570586 0.00085887315314352695 -0.00020389749190688253 0.0011222280195934342 0.0017869816146429372 -4.1590762865130922e-05 0.0011432917040925001 -0.0012741915666115936 0.00092330623105814412 -0.00068636591680769007 0.00080717242102319785 -0.00043039399980192977 0.0009378543665079851 0.0020858346370278167 -0.0013273935271427035 0.0019788775949149415 -0.0011502568373223767
leaf_weight=10162 3034 289 26 1291 3279 2086 1426 379 180 96 1400 724 3453 4631 472 807 2886 1016 377 780 1433 301 2478 377 887 660 701 308 93 164
leaf_count=10162 3034 289 26 1291 3279 2086 1426 379 180 96 1400 724 3453 4631 472 807 2886 1016 377 780 1433 301 2478 377 887 660 701 308 93 164
internal_value=4.70264e-06 0.000664662 -0.00109234 0.000261078 0.00147498 0.000582085 -0.000490447 0.00180964 0.000109214 -0.000677307 0.000826472 0.00116525 5.26275e-05 0.000160444 -2.83864e-05 0.000323443 0.00110632 0.00117792 0.000986872 0.00057404 -0.00077401 0.000280091 -0.000902784 6.60496e-05 -0.00025822 0.00190875 0.00153244 -0.00080444 0.000432964 -0.000722688
internal_weight=46196 28846 17350 19259 9587 7576 7188 5019 2586 5385 4990 2124 11683 8649 5103 2098 4568 4279 3263 2866 4894 491 3911 1803 983 4640 1361 488 3546 190
internal_count=46196 28846 17350 19259 9587 7576 7188 5019 2586 5385 4990 2124 11683 8649 5103 2098 4568 4279 3263 2866 4894 491 3911 1803 983 4640 1361 488 3546 190
is_linear=0
shrinkage=0.03


Tree=34
num_leaves=31
num_cat=0
split_feature=22 22 10 10 65 46 12 23 22 12 52 62 7 7 63 46 23 46 53 37 53 46 17 64 60 35 0 46 18 46
split_gain=35.0112 7.57376 7.53369 1.19894 1.04974 1.06598 0.949064 0.656283 0.876951 0.656201 0.558731 0.49812 0.43674 0.42066 0.50783 0.383908 0.381907 0.370243 0.351839 0.343122 0.339478 0.59397 0.274991 0.265598 0.232387 0.217514 0.208999 0.207618 0.19952 0.197438
threshold=0.15707589285714288 0.26945409580498869 0.048870833333333308 0.35085416666666669 -0.004583333333333244 22.575000000000006 0.29418749999999999 0.0045324141204306501 0.065435863095238064 0.32118750000000001 78.321428571428598 -63.984999999999992 -380.34671783468485 -217.58308841654278 -116.85999999999997 24.453571428571433 0.024923102391367368 17.725000000000005 5.7381024332117514 1.0000000180025095e-35 1.1507283885345612 24.403571428571432 -1500.0000000000016 386.50000000000006 110.16500000000001 5.4833940118369577 27.500000000000004 17.603571428571431 0.13078472222222223 33.089285714285722
decision_type=2 2 2 2 2 2 2 2 2 2 2 2 2 2 2 2 2 2 2 2 2 2 2 2 2 2 2 2 2 2
left_child=2 4 -1 9 17 10 19 18 -9 20 16 -5 23 14 -10 -15 -6 -2 24 -7 -3 -22 -20 -11 28 -19 -27 -12 -4 -24
right_child=1 3 7 11 5 6 -8 8 13 12 27 -13 -14 15 -16 -17 -18 25 22 -21 21 -23 29 -25 -26 26 -28 -29 -30 -31
leaf_value=-0.001452841777940927 0.0011488452631033374 0.0015417635921396581 -0.00039265141882147619 0.00063491379887698873 0.0017394114036546001 0.00040616660388011498 0.0011514960356778852 -0.0013343317444868264 -0.0004205005070350128 0.0010173308891663745 0.0013116665988416615 0.0019017613804016094 0.001795143170263319 -2.0007812305610058e-05 0.00022290812189546777 -0.00083056394955144754 0.0006771666488429261 -2.3844814058753415e-05 -0.00041456102648621652 1.6315166369136575e-05 0.0009664239670715177 -7.6664399191749423e-05 0.001101531780260107 -0.0012891345643438398 0.00099701897569891133 -0.00077549129719602246 0.00045174311410056006 -0.00010615901273156598 0.00059202910906602747 -0.0011602640141112109
leaf_weight=10624 202 542 1262 310 1032 5108 1204 902 2772 546 122 3919 1586 708 1827 2134 450 2491 165 3401 1992 645 549 47 147 746 146 368 214 35
leaf_count=10624 202 542 1262 310 1032 5108 1204 902 2772 546 122 3919 1586 708 1827 2134 450 2491 165 3401 1992 645 549 47 147 746 146 368 214 35
internal_value=4.58611e-06 0.000769854 -0.0008867 0.00143081 0.000354623 0.00049243 0.000362792 -0.000325003 -0.000450253 0.00113085 0.00112893 0.00180978 0.00153371 -0.000342517 -0.000164255 -0.000629771 0.00141956 -9.37232e-05 0.000114278 0.000250718 0.000853376 0.000710219 0.000652341 0.000827612 -0.000132435 -0.000169121 -0.000570981 0.000242693 -0.000247551 0.000959099
internal_weight=46196 24857 21339 9587 15270 11685 9713 10715 8343 5358 1972 4229 2179 7441 4599 2842 1482 3585 2372 8509 3179 2637 749 593 1623 3383 892 490 1476 584
internal_count=46196 24857 21339 9587 15270 11685 9713 10715 8343 5358 1972 4229 2179 7441 4599 2842 1482 3585 2372 8509 3179 2637 749 593 1623 3383 892 490 1476 584
is_linear=0
shrinkage=0.03


Tree=35
num_leaves=31
num_cat=0
split_feature=22 22 22 11 22 0 7 70 64 70 73 39 0 53 18 65 70 21 53 64 52 53 44 23 6 17 52 6 7 70
split_gain=32.6681 9.0855 4.38041 1.45201 1.03563 0.821279 0.819054 0.719786 0.642031 0.550191 0.535633 0.460598 0.440423 0.450041 0.43621 0.429221 0.455062 0.50616 0.41267 0.389093 0.376959 0.509334 0.376221 0.298448 0.294925 0.280806 0.260896 0.257943 0.243471 0.239413
threshold=0.12258333333333331 0.26091696428571431 0.055686904761904715 0.34390833333333332 0.21597857142857141 15.000000000000002 -15.474509670269157 0.064506059999340642 222.50000000000003 -0.58427653070765284 0.26713911908279991 0.19805001627292165 15.000000000000002 3.9945017156143008 0.3192430555555556 -0.0020833333333334018 -0.47495107206705001 0.086065600290692545 0.53452248382492373 621.50000000000011 76.535714285714292 1.5566235649883244 21.592857142857149 0.0010001605760311398 -761.78117112829898 -1500.0000000000016 71.821428571428598 -825.22522847783569 -1500.0000000000152 -0.45973273945210419
decision_type=2 2 2 2 2 2 2 2 2 2 2 2 2 2 2 2 2 2 2 2 2 2 2 2 2 2 2 2 2 2
left_child=2 4 -1 9 15 11 12 18 -5 20 14 29 13 -6 -11 -2 28 -18 -8 -14 27 -22 -13 -24 -12 -7 -9 -3 -17 -4
right_child=1 3 5 8 6 25 7 26 -10 10 24 22 19 -15 -16 16 17 -19 -20 -21 21 -23 23 -25 -26 -27 -28 -29 -30 -31
leaf_value=-0.0014289963993669849 -0.00025261401899410194 0.00035188102367378414 0.00069205680529258265 0.001822147659902187 0.0005859378499708072 -0.0013701638191997636 0.0019825737415407989 0.0023390992842614649 0.00038326013300056549 0.00032497685303098969 0.00068304059980907534 0.0030221859935671094 0.0011397819131985887 -0.0008545773422083023 0.001092619922212921 -0.0021248916753313757 -0.00012444214765493453 0.00086588681299992385 0.00027385300770446891 0.00039005845331704654 0.0017843061456943969 0.00070768399991406362 0.00056795212868772686 -0.00016789426298847085 0.0018827587478695749 -0.00063984707580775051 -0.00081601100275333234 0.0025080831178655181 0.00045048051907455668 -0.00083764034604629867
leaf_weight=10236 3167 62 101 4268 781 565 137 23 305 1889 296 39 2359 258 1044 32 4558 516 1780 867 729 898 752 1445 542 3306 704 368 3373 807
leaf_count=10236 3167 62 101 4268 781 565 137 23 305 1889 296 39 2359 258 1044 32 4558 516 1780 867 729 898 752 1445 542 3306 704 368 3373 807
internal_value=2.25275e-07 0.000615981 -0.00103313 0.00132577 0.0002179 -0.00045495 0.0005089 9.26949e-05 0.00172694 0.00101022 0.000792735 -9.36227e-05 0.000766133 0.000224873 0.000599521 4.49773e-05 0.000156501 -2.29888e-05 0.000398502 0.000939404 0.0014069 0.00119272 0.000136692 8.27538e-05 0.00146389 -0.000747543 -0.000708996 0.00220569 0.00042478 -0.000663612
internal_weight=46207 28956 17251 10401 18555 7015 6909 2644 4573 5828 3771 3144 4265 1039 2933 11646 8479 5074 1917 3226 2057 1627 2236 2197 838 3871 727 430 3405 908
internal_count=46207 28956 17251 10401 18555 7015 6909 2644 4573 5828 3771 3144 4265 1039 2933 11646 8479 5074 1917 3226 2057 1627 2236 2197 838 3871 727 430 3405 908
is_linear=0
shrinkage=0.03


Tree=36
num_leaves=31
num_cat=0
split_feature=22 22 22 11 44 23 70 49 0 52 46 64 10 70 39 23 7 53 6 52 53 7 44 23 44 70 7 70 7 6
split_gain=30.7397 8.54994 4.12306 1.36545 1.00416 1.22844 1.34458 1.04564 0.786993 0.739933 0.67464 0.60373 0.603235 0.517664 0.460103 0.423558 0.403969 0.386203 0.355027 0.354635 0.479047 0.336912 0.314211 0.30372 0.291163 0.287558 0.282501 0.260023 0.602054 0.254794
threshold=0.12258333333333331 0.26091696428571431 0.057873809523809515 0.34390833333333332 22.707142857142863 0.082966928364841944 -0.25950218452349683 1.1547005383792504 15.000000000000002 75.035714285714292 17.725000000000005 222.50000000000003 0.083472916666666605 -0.58427653070765284 0.29380913791747332 0.034342051722548443 -53.584859043651228 7.3768273951318717 -237.61777440202073 76.535714285714292 1.5566235649883244 -13.281024253674095 21.592857142857149 0.0007910036510309726 17.63571428571429 0.36570897681179731 -26.852192054312329 -0.55599684127981919 -35.094372456260139 -688.21199682685699
decision_type=2 2 2 2 2 2 2 2 2 2 2 2 2 2 2 2 2 2 2 2 2 2 2 2 2 2 2 2 2 2
left_child=2 4 -1 13 9 6 7 -6 14 15 -11 -5 -7 19 -4 24 -8 21 -12 -3 -21 -15 -16 -24 -2 -19 -14 28 -10 -17
right_child=1 3 8 11 5 12 16 -9 27 10 18 -13 26 17 22 29 -18 25 -20 20 -22 -23 23 -25 -26 -27 -28 -29 -30 -31
leaf_value=-0.0013780906912366864 0.00046267468254926239 0.0021399244493607692 -0.00049875508320380195 0.0017674960409743621 0.0005303968725487438 -0.00046350765647366649 -8.7023899957763961e-05 -0.00022799681091172761 0.00065334605142603809 0.0013791688348982142 0.001200931964376593 0.00037179990631400369 0.0011419261698535385 0.00086221321871759538 0.0029157990633438412 -0.00068934641717593569 -0.00058039909011787637 0.0020761270065361389 -0.00050284838438201544 0.0017308502882968215 0.00068647709430934604 0.00020474488560618995 0.00079061891179920232 -7.6450589516585384e-05 0.0015789246947990534 0.00085876355494095139 6.300367813446081e-05 -0.00083149616753388112 -0.0011505609413276481 0.00078667230876909263
leaf_weight=10413 272 430 1288 4268 4924 296 3107 2443 360 295 126 305 1560 1896 38 152 2906 317 796 729 898 1136 519 1192 1089 422 261 3134 307 328
leaf_count=10413 272 430 1288 4268 4924 296 3107 2443 360 295 126 305 1560 1896 38 152 2906 317 796 729 898 1136 519 1192 1089 422 261 3134 307 328
internal_value=2.47878e-07 0.000597555 -0.00100214 0.0012861 0.000211379 0.000113091 6.59816e-06 0.000278499 -0.000429086 0.000708292 0.000131348 0.00167517 0.000784415 0.000980074 -6.78943e-05 0.00108778 -0.000326021 0.000769056 -0.000265712 0.0013649 0.00115704 0.000617017 0.00024779 0.000185115 0.00135854 0.00138712 0.000989053 -0.000716795 -0.000172926 0.000312568
internal_weight=46207 28956 17251 10401 18555 15497 13380 7367 6838 3058 1217 4573 2117 5828 3037 1841 6013 3771 922 2057 1627 3032 1749 1711 1361 739 1821 3801 667 480
internal_count=46207 28956 17251 10401 18555 15497 13380 7367 6838 3058 1217 4573 2117 5828 3037 1841 6013 3771 922 2057 1627 3032 1749 1711 1361 739 1821 3801 667 480
is_linear=0
shrinkage=0.03


Tree=37
num_leaves=31
num_cat=0
split_feature=12 18 10 12 70 11 7 7 11 18 45 7 69 0 42 53 46 43 53 17 7 7 41 7 63 66 70 46 17 7
split_gain=28.6874 8.55658 2.27599 2.17795 1.44617 1.25472 0.842818 0.724277 0.67248 0.670812 0.499519 0.339896 0.347686 0.476572 0.403056 0.33279 0.541781 0.644473 0.318545 0.275501 0.26561 0.263961 0.238407 0.231178 0.220368 0.219967 0.45432 0.219901 0.21425 0.253116
threshold=0.083229166666666674 0.27294652777777778 0.048870833333333308 0.29164583333333333 -0.33346877891818688 0.32552083333333343 -1500.0000000000152 -28.950046465536264 0.20819374999999998 0.17771875000000009 0.60474315681478219 -13.175498850626445 0.012910176522261303 15.000000000000002 25.616666666666671 1.0690449676496601 24.946428571428577 0.17320508075688648 6.1626310921571807 -11.32843166006589 -1500.0000000000025 -1499.999999999997 0.62052751397790706 -1500.0000000000066 17.73 -0.20409374999999999 0.76110425866077458 24.51071428571429 -1500.0000000000025 -33.442498073997179
decision_type=2 2 2 2 2 2 2 2 2 2 2 2 2 2 2 2 2 2 2 2 2 2 2 2 2 2 2 2 2 2
left_child=2 3 -1 4 6 15 -2 8 -6 -8 23 12 14 -14 -7 -3 19 -18 -9 -17 -12 -22 25 -4 -24 26 -5 -26 -25 -30
right_child=1 5 10 22 7 11 9 18 -10 -11 20 -13 13 -15 -16 16 17 -19 -20 -21 21 -23 24 28 27 -27 -28 -29 29 -31
leaf_value=-0.0013368638190305714 -0.0016520499542305917 0.001315972723736919 -0.0015712581450156788 0.0012194152489693752 -0.00013275363619402671 0.00202544789853002 8.4139304562333946e-05 -0.00056375969745997687 0.00056546983583479881 0.00061337826202857802 -0.00080694417688293297 0.0018364433354166579 0.002382759808196435 0.00076670926039866148 0.00056714864936657252 0.001225957093028853 0.00052349287393192853 -0.0015228063644288662 0.00028588287876413221 0.00059409697575389219 0.0018271124382163344 0.00018517434548709149 0.00094367471183515867 -0.0011371399719072915 0.00020837366704011423 0.0013382970070432954 -0.0019344488857787545 -0.0024167453797667151 -0.00034707655698901284 -0.0011695058999587737
leaf_weight=10435 182 1265 237 133 5033 869 3611 3588 1646 5401 182 2525 194 1158 221 1431 578 181 441 1148 109 474 207 543 85 1628 58 41 2200 403
leaf_count=10435 182 1265 237 133 5033 869 3611 3588 1646 5401 182 2525 194 1158 221 1431 578 181 441 1148 109 474 207 543 85 1628 58 41 2200 403
internal_value=2.66234e-07 0.000507937 -0.0011004 0.000182688 8.44661e-05 0.00125706 0.000360528 -0.000152295 3.89292e-05 0.000401684 -0.000504625 0.0015886 0.00133045 0.00100241 0.00173332 0.000898384 0.000738886 3.01995e-05 -0.000469969 0.000946197 0.000184425 0.000499898 0.0010892 -0.000661336 0.000337429 0.00122492 0.000240985 -0.000634513 -0.000591357 -0.000475958
internal_weight=46207 31624 14583 22054 19902 9570 9194 10708 6679 9012 4148 4967 2442 1352 1090 4603 3338 759 4029 2579 765 583 2152 3383 333 1819 191 126 3146 2603
internal_count=46207 31624 14583 22054 19902 9570 9194 10708 6679 9012 4148 4967 2442 1352 1090 4603 3338 759 4029 2579 765 583 2152 3383 333 1819 191 126 3146 2603
is_linear=0
shrinkage=0.03


Tree=38
num_leaves=31
num_cat=0
split_feature=22 22 22 65 22 46 23 70 69 23 22 70 7 70 7 50 7 73 69 40 44 73 70 29 19 63 35 66 44 0
split_gain=27.3066 6.02893 5.62266 1.00662 0.978604 0.975184 0.848364 1.25112 0.708746 0.623841 0.568679 0.486532 0.484019 0.417645 0.389135 0.353344 0.346629 0.359413 0.325106 0.600772 0.300688 0.295591 0.293943 0.269711 0.252962 0.239113 0.336748 0.283154 0.219822 0.219139
threshold=0.15858898809523808 0.057873809523809515 0.27098110119047619 -0.0043333333333333271 0.32319642857142866 22.575000000000006 0.082966928364841944 -0.25950218452349683 0.42888796625999276 0.0046175266989595147 0.1034188988095238 -0.72658061058372014 -1499.999999999997 0.88201535311751322 -1500.0000000000002 31.071428571428573 -8.4868267591966795 1.0427318357102637 0.61866567420209762 5.7103571428571431 21.978571428571431 0.34685704083512819 -0.20089055513063514 103.97610055020084 0.0041597857969797843 -157.54999999999998 4.0786229091649133 -7.7083333333401158e-05 24.464285714285719 15.000000000000002
decision_type=2 2 2 2 2 2 2 2 2 2 2 2 2 2 2 2 2 2 2 2 2 2 2 2 2 2 2 2 2 2
left_child=1 -1 3 29 11 8 7 -7 13 15 18 21 14 -5 -12 -3 17 22 -11 -20 -14 -4 -6 24 -17 27 -27 -13 -8 -2
right_child=2 9 4 5 16 6 28 -9 -10 10 12 25 20 -15 -16 23 -18 -19 19 -21 -22 -23 -24 -25 -26 26 -28 -29 -30 -31
leaf_value=-0.0012971866292866988 -0.00034176963636748162 0.00087762928670374581 0.0015193192421679926 0.001641886463663833 0.0015511522957679959 0.00051087680030973358 -0.00033400045205377228 -0.00026971763239351683 0.00015098070041587552 -0.0010921079553643936 -0.00010150986808101695 -0.00054386077616432505 0.00050056103138938453 0.00020395233588950599 0.00095790169023923745 -0.00038011369595344658 0.0019455236317148046 0.0023541454622754824 0.00014045404533905679 -0.00090464422178874321 -0.0004536672800251644 -0.00031906855721225414 0.00098933190013351588 0.00060834980354050247 0.00098655018734280023 0.0011384892662062065 0.00042707231625700601 0.0010981791666741002 0.00098129874716765741 0.00012429951521379605
leaf_weight=10413 1813 471 1212 1210 1881 4587 118 3088 552 1293 883 270 318 220 478 1260 1406 323 828 1213 3894 81 1610 434 133 1307 1141 144 1821 1805
leaf_count=10413 1813 471 1212 1210 1881 4587 118 3088 552 1293 883 270 318 220 478 1260 1406 323 828 1213 3894 81 1610 434 133 1307 1141 144 1821 1805
internal_value=2.72467e-07 -0.000777436 0.000684139 0.000327725 0.00126212 0.00046407 0.00033863 0.000196423 0.00107054 -0.000294083 -0.000407863 0.000916381 -0.00022161 0.00142306 0.000268796 0.000145606 0.00153652 0.00138449 -0.000718138 -0.000479335 -0.000380811 0.00140168 0.00129327 -4.18454e-05 -0.000246862 0.000695672 0.000808436 2.13246e-05 0.000899577 -0.000108451
internal_weight=46207 21618 24589 15214 9375 11596 9614 7675 1982 11205 8907 4155 5573 1430 1361 2298 5220 3814 3334 2041 4212 1293 3491 1827 1393 2862 2448 414 1939 3618
internal_count=46207 21618 24589 15214 9375 11596 9614 7675 1982 11205 8907 4155 5573 1430 1361 2298 5220 3814 3334 2041 4212 1293 3491 1827 1393 2862 2448 414 1939 3618
is_linear=0
shrinkage=0.03


Tree=39
num_leaves=31
num_cat=0
split_feature=20 20 12 12 44 69 69 11 11 23 47 57 12 50 35 6 53 44 69 11 21 21 0 24 63 23 11 23 69 17
split_gain=25.6085 8.09057 1.80352 1.77277 1.12332 1.22172 0.982511 0.955593 0.738359 0.703404 0.571404 0.480769 0.391257 0.328326 0.295753 0.289082 0.276751 0.452397 0.258244 0.260642 0.226708 0.244355 0.22346 0.222467 0.2118 0.360455 0.203093 0.199684 0.191611 0.19059
threshold=0.087998511904761892 0.27468154761904767 0.049614583333333309 0.27660416666666671 22.707142857142863 -0.37371625404731884 0.2843565540399125 0.3490375 0.20086041666666668 0.012845242809105059 0.68130450180211255 92.550000000000026 0.33193095238095244 66.071428571428584 5.2595909148474034 -869.81845992913725 1.0690449676496601 24.707142857142863 -0.65189295912203338 0.075437499999999963 0.0087549589047254579 0.037270000510795348 22.500000000000004 -9.4199958903532188 -145.90499999999997 0.089283006070862397 0.19382916666666669 0.0045324141204306501 0.42888796625999276 -5.1036563607966121
decision_type=2 2 2 2 2 2 2 2 2 2 2 2 2 2 2 2 2 2 2 2 2 2 2 2 2 2 2 2 2 2
left_child=2 3 -1 4 5 13 9 12 -8 -6 18 -7 16 -2 20 -9 23 -18 -4 27 26 -22 -12 -3 25 -14 -5 -20 -26 -17
right_child=1 7 10 14 6 11 8 15 -10 -11 22 -13 24 -15 -16 29 17 -19 19 -21 21 -23 -24 -25 28 -27 -28 -29 -30 -31
leaf_value=-0.0012590849440020306 0.00202783732222225 0.0010079996644193887 -0.0014489084380315943 -0.00018301016630007413 0.00010400499465853059 0.00052274254278034517 4.7431068596583838e-05 0.00012211837001723324 0.00071220938669801096 -0.00044128484335628169 0.00032591948865228913 -0.00045606994751288778 -0.0029353969703614711 0.00097397256325585117 1.7686620585549237e-05 0.001509249681932174 0.00083206375815496553 -9.032230108295137e-05 -0.00025337669299459143 -0.00012153433281007723 0.00031975866397678356 0.0011040352616685696 -0.0010626673488916846 0.0022027577545076899 0.0018119268855077764 0.0009607620655380665 0.0017284068967102627 -0.00098388530032084533 0.00096310648410592541 0.0020991930316897672
leaf_weight=10459 404 721 371 52 3384 1050 5804 127 2034 5704 815 789 24 853 300 3366 2422 589 471 754 546 1114 118 183 778 140 524 1307 379 625
leaf_count=10459 404 721 371 52 3384 1050 5804 127 2034 5704 815 789 24 853 300 3366 2422 589 471 754 546 1114 118 183 778 140 524 1307 379 625
internal_value=2.88104e-07 0.00047304 -0.00105483 0.000165269 7.04372e-05 0.000595787 -2.55089e-05 0.00121484 0.000220396 -0.000237922 -0.000496944 0.000101145 0.000944135 0.00131641 0.000912473 0.00155799 0.000791339 0.000650664 -0.000704638 -0.000593871 0.00103112 0.000848228 0.000146138 0.00125534 0.00139376 0.000358076 0.00155063 -0.000792308 0.00153754 0.00160289
internal_weight=46207 31912 14295 22558 20022 3096 16926 9354 7838 9088 3836 1839 5236 1257 2536 4118 3915 3011 2903 2532 2236 1660 933 904 1321 164 576 1778 1157 3991
internal_count=46207 31912 14295 22558 20022 3096 16926 9354 7838 9088 3836 1839 5236 1257 2536 4118 3915 3011 2903 2532 2236 1660 933 904 1321 164 576 1778 1157 3991
is_linear=0
shrinkage=0.03


Tree=40
num_leaves=31
num_cat=0
split_feature=22 10 22 10 65 3 23 70 51 7 7 69 70 6 69 29 21 53 69 0 12 53 0 53 69 35 9 47 7 7
split_gain=24.2537 5.17405 5.0039 0.89781 0.866949 0.736915 0.83012 1.13919 0.539218 0.564706 0.555594 0.522979 0.464585 0.459117 0.410616 0.380086 0.331064 0.277976 0.262286 0.245175 0.238674 0.246479 0.212701 0.441554 0.425532 0.264571 0.228231 0.204765 0.174312 0.168851
threshold=0.15707589285714288 0.048870833333333308 0.26945409580498869 0.35085416666666669 -0.0043333333333333271 22.850000000000005 0.077618979126823931 0.012909817866233263 7.2044959507770931 -1500.0000000000152 -1500.0000000000066 0.42888796625999276 -0.5488429582847193 -880.626095266883 0.38168568572378603 103.97610055020084 0.0049570868118768057 6.5364573528230672 0.71466676797886841 35.000000000000007 0.33589583333333339 1.1507283885345612 15.000000000000002 4.2195906139070081 0.67760851415498091 6.1733831238786916 0.24342083333333334 0.46498255585075859 -3.3861430242529615 -15.811742406968206
decision_type=2 2 2 2 2 2 2 2 2 2 2 2 2 2 2 2 2 2 2 2 2 2 2 2 2 2 2 2 2 2
left_child=1 -1 4 12 22 11 7 -7 9 -3 18 15 20 -5 -12 -6 -14 -18 -11 -8 21 -4 23 25 -25 -2 -24 -10 -15 -13
right_child=2 8 3 13 5 6 19 -9 27 10 14 29 16 28 -16 -17 17 -19 -20 -21 -22 -23 26 24 -26 -27 -28 -29 -30 -31
leaf_value=-0.0012134596624089479 0.00017167162431778356 -0.0014477096200093572 0.0017978682570754445 -9.2570666520509361e-05 0.0010280239395798624 0.00041559371714839857 0.00038230173046090805 -0.00038876372414874138 -0.00063332107860619583 0.0020556288911602817 -0.0005594561847968439 0.00051322724685014687 0.0013882123348581096 0.0015226396698455023 -0.00015504190865689682 0.002390153238521511 0.00037011977869134087 0.0010279108247807887 -5.3537985150225807e-05 0.0010727678210291098 0.0016838800499207375 0.00074412661941241818 -0.00013986364415556461 -0.0015178859410190846 0.00028347340676401523 -0.00099487167322238391 0.00056347986835876172 0.00060473450851290117 0.0025131247356534004 -0.0006112168967592473
leaf_weight=10609 1071 401 269 152 1278 5050 720 2305 139 129 4042 359 533 3868 5188 221 1973 834 85 1390 815 869 1070 420 160 208 673 780 179 178
leaf_count=10609 1071 401 269 152 1278 5050 720 2305 139 129 4042 359 533 3868 5188 221 1973 834 85 1390 815 869 1070 420 160 208 673 780 179 178
internal_value=-3.96986e-06 -0.000743236 0.000638333 0.00117817 0.000298798 0.000426043 0.000314128 0.000163088 -0.000279435 -0.00034448 -0.00029717 0.000944433 0.000916526 0.00150697 -0.000332509 0.0012323 0.00069926 0.000566924 0.00120757 0.000838872 0.00128601 0.000997203 -0.00010666 -0.000330262 -0.00101616 -1.63252e-05 0.000130156 0.000413731 0.0015678 0.000134487
internal_weight=45968 21373 24595 9492 15103 11501 9465 7355 10764 9845 9444 2036 5293 4199 9230 1499 3340 2807 214 2110 1953 1138 3602 1859 580 1279 1743 919 4047 537
internal_count=45968 21373 24595 9492 15103 11501 9465 7355 10764 9845 9444 2036 5293 4199 9230 1499 3340 2807 214 2110 1953 1138 3602 1859 580 1279 1743 919 4047 537
is_linear=0
shrinkage=0.03


Tree=41
num_leaves=31
num_cat=0
split_feature=22 22 22 65 11 22 23 70 22 69 46 7 53 52 21 69 46 7 63 21 44 53 70 46 66 70 60 0 24 22
split_gain=22.8227 4.74807 4.70879 0.815848 0.79865 0.714123 0.573071 0.536523 0.523233 0.671964 0.531194 0.47969 0.50762 0.42254 0.397074 0.587521 0.342968 0.342579 0.321285 0.330314 0.356078 0.289164 0.283647 0.265786 0.243025 0.242251 0.210496 0.197857 0.189916 0.177578
threshold=0.15707589285714288 0.055686904761904715 0.26945409580498869 -0.0043333333333333271 0.3291041666666667 0.23190119047619051 0.0045324141204306501 -0.19244445339415753 0.073601190476190473 0.38168568572378603 24.51071428571429 -27.844611059962542 9.9890048838699013 87.035714285714292 0.026039892793213948 -0.32533907195844763 27.003571428571437 -12.144571559833576 -162.90499999999997 0.02255169876223662 25.107142857142858 5.7381024332117514 -0.27608674622158907 17.725000000000005 -7.7083333333401158e-05 0.39752808894539271 110.16500000000001 27.500000000000004 -16.6643672938911 0.13421741071428572
decision_type=2 2 2 2 2 2 2 2 2 2 2 2 2 2 2 2 2 2 2 2 2 2 2 2 2 2 2 2 2 2
left_child=1 -1 3 23 18 11 21 -6 -8 10 -10 16 -13 22 15 -9 -5 -11 24 20 -20 26 -7 -2 -4 -15 29 28 -25 -3
right_child=2 6 4 5 7 13 8 14 9 17 -12 12 -14 25 -16 -17 -18 -19 19 -21 -22 -23 -24 27 -26 -27 -28 -29 -30 -31
leaf_value=-0.0011902805716667068 0.00091476889690642971 -0.00034563637697349698 -0.0011745678608667506 0.00066803867838416647 0.0016805380990014315 0.0012501522557526695 -0.00090283931839400041 0.0018013558912279217 0.00012420621575658311 9.7514715105588079e-06 -0.00081891583607312959 -8.7596165350951389e-05 0.0029004639024989534 0.00036914736861337925 0.00029618894366895056 0.00077761829679394434 0.00013655330754835284 -0.0015491399535734229 0.00085456113592753387 0.0013637832062700413 -0.00016364286145898553 0.00061683187350151719 0.00064685615224750292 -2.9100289609535439e-05 0.00065069218446880993 -0.0011248101229948753 0.00099465712991549625 0.00029828960126810196 -0.00053138054716385928 0.00058338586732333659
leaf_weight=10171 215 1264 120 2605 2756 1341 1569 955 674 3930 2549 3103 51 833 492 1107 1911 130 2546 1029 346 730 1548 1367 141 109 142 651 1369 214
leaf_count=10171 215 1264 120 2605 2756 1341 1569 955 674 3930 2549 3103 51 833 492 1107 1911 130 2546 1029 346 730 1548 1367 141 109 142 651 1369 214
internal_value=-3.82679e-06 -0.000720953 0.000619236 0.000289859 0.00114292 0.000413298 -0.000294485 0.00138806 -0.000405112 -0.000297364 -0.00062078 0.00024559 -3.74245e-05 0.000748127 0.00107073 0.00125385 0.000443878 -3.97942e-05 0.000830685 0.000898644 0.000731691 0.000120943 0.000928265 -0.000103449 -0.000178337 0.000192089 -0.000100904 -0.00016922 -0.000281622 -0.000208791
internal_weight=45968 21373 24595 15103 9492 11501 11202 5310 8852 7283 3223 7670 3154 3831 2554 2062 4516 4060 4182 3921 2892 2350 2889 3602 261 942 1620 3387 2736 1478
internal_count=45968 21373 24595 15103 9492 11501 11202 5310 8852 7283 3223 7670 3154 3831 2554 2062 4516 4060 4182 3921 2892 2350 2889 3602 261 942 1620 3387 2736 1478
is_linear=0
shrinkage=0.03


Tree=42
num_leaves=31
num_cat=0
split_feature=22 10 11 19 12 44 0 69 69 46 23 17 70 69 11 47 29 18 24 69 51 17 47 70 20 6 51 18 40 28
split_gain=21.4795 5.83643 3.59117 0.922304 0.837564 0.616925 0.610374 0.517057 0.491738 0.932882 0.529507 0.462406 0.453012 0.451245 0.426265 0.662584 0.419504 0.41932 0.399602 0.381032 0.505366 0.355366 0.440641 0.343033 0.321357 0.298712 0.274042 0.256418 0.245948 0.325849
threshold=0.18248511904761902 0.053758333333333304 0.32552083333333343 0.0044167295593006417 0.33589583333333339 23.364285714285721 15.000000000000002 0.44437406304545285 0.15005400879207817 24.803571428571434 0.084486852739744947 -12.47956138047619 -0.19244445339415753 -0.67760851415498069 0.076341666666666655 0.61733208332225809 3.1783324613474027 0.25250694444444449 -9.4901594511580161 0.13301347478292308 3.2586880211288287 -23.105078262513889 0.85818617821747478 0.3896304495307879 0.12363511904761902 -859.66879838692546 1.8644544714718656 0.0939715277777778 3.9571428571428577 -9.4619131434534687
decision_type=2 2 2 2 2 2 2 2 2 2 2 2 2 2 2 2 2 2 2 2 2 2 2 2 2 2 2 2 2 2
left_child=1 -1 3 5 6 16 7 -5 9 21 13 14 -4 -11 15 -10 -2 -8 -7 20 25 27 -23 -18 -12 -14 -13 -3 29 -21
right_child=2 8 12 4 -6 18 17 -9 11 10 24 26 19 -15 -16 -17 23 -19 -20 28 -22 22 -24 -25 -26 -27 -28 -29 -30 -31
leaf_value=-0.0011336470642693693 0.00061041434262960718 -0.0017327320684279713 0.0015912495401292322 -0.00036031145395440828 0.0013117455442513293 0.00038409849565417068 0.00013354369799398465 0.00047519935330832464 -0.00063372886760865816 -0.0012332168028465881 -0.0011706898098811506 0 -0.00041234989428102109 -0.00051315739886474948 0.00015137773368055651 0.00044297358889989482 0.0017723957320405655 0.00068484858018517188 0.0011190078035765874 -0.00089988398634139135 0.0018996644402406585 -0.00032512294566919698 0.0020354189812175098 0.00065802641425232822 0.0013726642229663999 0.0010833344443668788 -0.001426500531088932 0.00089151685620274669 0.00098923793140077119 0.00071967482682708749
leaf_weight=10791 845 34 2920 2483 627 3686 2753 908 1781 1330 59 184 138 1966 5367 719 958 2287 821 180 792 1077 75 351 166 789 338 561 692 290
leaf_count=10791 845 34 2920 2483 627 3686 2753 908 1781 1330 59 184 138 1966 5367 719 958 2287 821 180 792 1077 75 351 166 789 338 561 692 290
internal_value=-3.68653e-06 -0.000612161 0.000687434 0.000451666 0.000254049 0.000719868 0.000174888 -0.00013563 -0.00019984 -0.000427064 -0.000708347 -5.67598e-05 0.00132559 -0.000804911 2.83657e-07 -0.000322816 0.00113864 0.000384391 0.000518854 0.00105484 0.00134009 0.000138213 -0.000167208 0.00147661 0.000690237 0.000857239 -0.000920548 0.000733871 0.000629483 9.24551e-05
internal_weight=45968 24448 21520 15719 9058 6661 8431 3391 13657 5268 3521 8389 5801 3296 7867 2500 2154 5040 4507 2881 1719 1747 1152 1309 225 927 522 595 1162 470
internal_count=45968 24448 21520 15719 9058 6661 8431 3391 13657 5268 3521 8389 5801 3296 7867 2500 2154 5040 4507 2881 1719 1747 1152 1309 225 927 522 595 1162 470
is_linear=0
shrinkage=0.03


Tree=43
num_leaves=31
num_cat=0
split_feature=22 12 22 65 18 22 70 23 22 69 46 7 53 52 28 21 56 41 73 70 53 46 70 21 47 69 6 9 7 69
split_gain=20.2424 4.31296 4.17837 0.744955 0.703202 0.648894 0.476839 0.45269 0.501261 0.506975 0.450993 0.434479 0.472611 0.383082 0.358691 0.317086 0.291422 0.273923 0.274908 0.263733 0.263598 0.246417 0.227043 0.220043 0.207594 0.302769 0.200937 0.259705 0.195503 0.218019
threshold=0.15707589285714288 0.054977083333333308 0.26945409580498869 -0.0043333333333333271 0.33673611111111118 0.23190119047619051 -0.51235243343851777 0.0045324141204306501 0.064360119047619027 0.38168568572378603 24.51071428571429 -27.844611059962542 9.9890048838699013 87.035714285714292 -9.9532044452810879 0.0802055268695301 1.0000000180025095e-35 0.76138898506841757 0.15071178688163392 -0.27608674622158907 5.7381024332117514 17.725000000000005 0.39752808894539271 0.0042864159673968068 0.45549152294257478 0.44437406304545285 -23.314908134091599 0.12210416666666667 -3.3861430242529615 0.42888796625999276
decision_type=2 2 2 2 2 2 2 2 2 2 2 2 2 2 2 2 2 2 2 2 2 2 2 2 2 2 2 2 2 2
left_child=1 -1 3 21 6 11 17 20 -9 10 -10 15 -13 19 -11 -5 -6 -4 -19 -7 26 -2 -15 -8 -23 -26 27 -3 29 -18
right_child=2 7 4 5 16 13 23 8 9 14 -12 12 -14 22 -16 -17 28 18 -20 -21 -22 24 -24 -25 25 -27 -28 -29 -30 -31
leaf_value=-0.0010983989771754762 0.00087742915406609733 -0.00015696922434011069 0.0013280975375311258 0.00032840445125452075 0.00050600568235990753 0.0011920217141676826 0.0013527850775158501 -0.0010785135486455436 0.00011775512806272708 -4.1112329390638009e-06 -0.00076041064603556217 -8.6739657322267862e-05 0.0027963712983048307 0.00035198250735030346 -0.0013449588883321414 0.001122962256099857 0.0015109566733667353 0.00073996751498114986 -0.0018722365193838332 0.00061018434195290723 0.00059204156515625076 0.00011828822749344286 -0.0010943020551126789 0.00049121186550581607 -0.00064513874378228518 0.0001085375083733108 -0.0010231360195739497 0.00089637086138211414 0.0023840973645169786 0.00102639206634317
leaf_weight=10857 215 1206 1651 4002 361 1341 302 775 666 4106 2407 3103 51 833 187 514 2863 167 45 1548 731 1363 109 2651 1260 764 184 254 186 1266
leaf_count=10857 215 1206 1651 4002 361 1341 302 775 666 4106 2407 3103 51 833 187 514 2863 167 45 1548 731 1363 109 2651 1260 764 184 254 186 1266
internal_value=-3.55138e-06 -0.000678928 0.000583231 0.000272943 0.00107654 0.000390901 0.000820178 -0.000245506 -0.000351902 -0.00027491 -0.000569137 0.000231013 -3.82975e-05 0.000710086 -6.35159e-05 0.000419732 0.00133971 0.00119754 0.000165219 0.000881615 0.000117932 -0.000102864 0.000180467 0.000580768 -0.000166217 -0.000359254 -9.12872e-05 2.47178e-05 0.00140863 0.00136339
internal_weight=45968 21373 24595 15103 9492 11501 4816 10516 8141 7366 3073 7670 3154 3831 4293 4516 4676 1863 212 2889 2375 3602 942 2953 3387 2024 1644 1460 4315 4129
internal_count=45968 21373 24595 15103 9492 11501 4816 10516 8141 7366 3073 7670 3154 3831 4293 4516 4676 1863 212 2889 2375 3602 942 2953 3387 2024 1644 1460 4315 4129
is_linear=0
shrinkage=0.03


Tree=44
num_leaves=31
num_cat=0
split_feature=22 12 11 19 12 0 46 69 69 46 64 17 70 64 52 6 11 47 10 70 18 69 46 23 69 69 38 5 56 20
split_gain=19.0646 5.17091 3.20733 0.837174 0.763753 0.558096 0.553322 0.476873 0.447086 0.866032 0.609014 0.416058 0.414302 0.405885 0.467824 0.397875 0.4767 0.610275 0.381131 0.379241 0.373535 0.360107 0.617572 0.356155 0.345903 0.291497 0.23885 0.238125 0.223311 0.220233
threshold=0.18248511904761902 0.054977083333333308 0.32552083333333343 0.0044167295593006417 0.33589583333333339 15.000000000000002 23.232142857142865 0.44437406304545285 0.15005400879207817 24.803571428571434 544.50000000000011 -14.699333246409727 -0.19244445339415753 24.500000000000004 76.750000000000014 -16.200518935695445 0.076341666666666655 0.61733208332225809 0.22935416666666666 -0.47495107206705001 0.25250694444444449 -0.2760944163666606 23.403571428571432 0.048583450390203904 -0.79356426026969629 0.50495637864894027 3.7664285714285719 -8.9644824213577117 3.3999999999999999 0.36144464285714289
decision_type=2 2 2 2 2 2 2 2 2 2 2 2 2 2 2 2 2 2 2 2 2 2 2 2 2 2 2 2 2 2
left_child=1 18 3 6 5 7 11 -5 9 13 24 25 -4 14 -3 16 17 -10 -1 27 -7 22 -14 -21 -11 -2 -13 -8 -15 -23
right_child=2 8 12 4 -6 20 19 -9 15 10 -12 26 21 28 -16 -17 -18 -19 -20 23 -22 29 -24 -25 -26 -27 -28 -29 -30 -31
leaf_value=-0.0010757781772404091 0.0015998785344583854 0.00075040709362178212 0.0015048896493051638 -0.00035173609864572961 0.0012465889195544171 0.00012447504588358629 0.00061066010143367489 0.00045059169465045843 -0.00063589215791424634 -0.0012083549806362153 0.0024448794751004738 0.00087185863298297017 0.0019906528665240134 -0.00080933009345608286 -0.0004453972641875542 -0.00093480450388872677 0.00015738982912972532 0.00040655594014601633 0.0017324561562475768 -8.4768920739231371e-05 0.00064489821474407981 0.00029538451224723106 0.00074201091755844218 0.00065393144871145131 -0.00053527437721776296 0.0005422908911563196 -0.000298499883448269 0.0013824570925937251 0.0013655737916799262 0.0010508550447821754
leaf_weight=10824 1123 419 2920 2483 627 2753 1683 908 1801 972 54 451 677 47 980 432 5412 698 42 1367 2287 765 779 1021 2468 310 235 471 299 660
leaf_count=10824 1123 419 2920 2483 627 2753 1683 908 1801 972 54 451 677 47 980 432 5412 698 42 1367 2287 765 779 1021 2468 310 235 471 299 660
internal_value=-3.41919e-06 -0.000576674 0.00064769 0.000424863 0.000236567 0.000160959 0.000680393 -0.000135945 -0.000186138 -0.000403396 -0.000676067 0.00108186 0.00125079 0.000140928 -8.48312e-05 -4.93186e-05 -4.73195e-07 -0.000343478 -0.00106449 0.000492235 0.000361304 0.00099178 0.00132562 0.000229951 -0.000726627 0.00137372 0.000466716 0.000781379 0.00106001 0.000647882
internal_weight=45968 24448 21520 15719 9058 8431 6661 3391 13582 5239 3494 2119 5801 1745 1399 8343 7911 2499 10866 4542 5040 2881 1456 2388 3440 1433 686 2154 346 1425
internal_count=45968 24448 21520 15719 9058 8431 6661 3391 13582 5239 3494 2119 5801 1745 1399 8343 7911 2499 10866 4542 5040 2881 1456 2388 3440 1433 686 2154 346 1425
is_linear=0
shrinkage=0.03


Tree=45
num_leaves=31
num_cat=0
split_feature=22 20 12 12 23 50 69 44 51 70 7 69 14 70 69 17 63 42 64 70 26 65 24 21 53 22 0 44 69 53
split_gain=17.9265 4.01893 3.87999 0.934301 0.79278 0.60503 0.465304 0.448111 0.440863 0.427072 0.414046 0.500454 0.658795 0.529219 0.367094 0.503006 0.479838 0.371467 0.406987 0.345483 0.312593 0.300325 0.291531 0.271476 0.251141 0.240635 0.225403 0.218431 0.212019 0.199291
threshold=0.15858898809523808 0.29263783643892344 0.054977083333333308 0.27660416666666671 0.01136798363152333 66.071428571428584 -0.89391031859722869 20.492857142857147 7.5023805745715677 0.047319635496388741 -156.02423026867612 -0.2760944163666606 -1327.9078585889649 -0.36572252349726903 0.38168568572378603 -9.8351005249444459 -72.509999999999977 25.216666666666672 34.500000000000007 -0.9574497222574998 -46.595150133707342 -0.0069000000000000008 -4.3063955630835125 0.0025868111877153164 6.6848196076492661 0.40917663507127794 15.000000000000002 26.492857142857151 0.23448921811828119 3.2682286764115149
decision_type=2 2 2 2 2 2 2 2 2 2 2 2 2 2 2 2 2 2 2 2 2 2 2 2 2 2 2 2 2 2
left_child=2 3 26 4 5 28 7 -6 14 -7 11 12 29 -13 17 16 -16 18 -4 -8 -15 -5 24 -19 27 -26 -1 -12 -2 -3
right_child=1 10 8 21 6 9 19 -9 -10 -11 22 13 -14 20 15 -17 -18 23 -20 -21 -22 -23 -24 -25 25 -27 -28 -29 -30 -31
leaf_value=-9.6879809659395293e-05 0.0022033817892231607 0.0005104806122558259 -0.00034507452057500873 1.6666644386984164e-05 0.0011513948299159327 0.00063767359555232388 -0.0003114559468423236 -0.00059268158515714492 0.00041923839945851921 -0.00016145111485195771 0.0011286116738647635 0.0012466301333458783 0.0021282098788010188 0.0004851988729391378 -0.00024020758991566508 -0.0016859052523039363 0.00040672675562700627 -0.00014998832297565508 0.00092674435382977989 0.00021429087017662044 -0.00055571716676685505 0.00085643540536460257 0.0020577366875968294 -0.00082540852338844415 0.0017727292467005836 -0.00087522072546304241 -0.0010549613514344895 -0.00025029833408669362 0.00057896507110421515 -0.0019750580237630532
leaf_weight=233 254 192 1040 452 144 2286 1340 1446 869 809 4253 565 450 744 3769 177 1418 709 288 6876 396 2822 386 2351 807 30 10563 102 110 33
leaf_count=233 254 192 1040 452 144 2286 1340 1446 869 809 4253 565 450 744 3769 177 1418 709 288 6876 396 2822 386 2351 807 30 10563 102 110 33
internal_value=0 0.000554204 -0.000634014 0.000287384 0.000175039 0.000565524 3.69489e-05 -0.000432217 -0.000226515 0.000427837 0.00110825 0.000773053 0.00146626 0.000496158 -0.000284402 -0.000117153 -6.27289e-05 -0.000488094 -6.65113e-05 0.000128151 0.000120818 0.000741456 0.00125057 -0.000669994 0.00118959 0.00167331 -0.00103457 0.00109558 0.00172364 0.000125534
internal_weight=45914 24497 21417 16539 13265 3459 9806 1590 10621 3095 7958 2380 675 1705 9752 5364 5187 4388 1328 8216 1140 3274 5578 3060 5192 837 10796 4355 364 225
internal_count=45914 24497 21417 16539 13265 3459 9806 1590 10621 3095 7958 2380 675 1705 9752 5364 5187 4388 1328 8216 1140 3274 5578 3060 5192 837 10796 4355 364 225
is_linear=0
shrinkage=0.03


Tree=46
num_leaves=31
num_cat=0
split_feature=22 22 10 11 23 23 66 19 46 45 69 46 70 53 70 41 69 44 46 70 22 70 64 53 0 10 46 40 63 69
split_gain=16.8838 4.49973 2.74062 1.14989 0.579854 0.528369 0.518646 0.526264 0.488393 0.4825 0.452591 0.467746 0.416649 0.365217 0.357107 0.35449 0.315829 0.631238 0.3139 0.510305 0.305305 0.402683 0.300808 0.297516 0.267281 0.247102 0.240324 0.235859 0.235432 0.208779
threshold=0.13421741071428572 0.24421160714285711 0.048870833333333308 0.32552083333333343 0.01136798363152333 0.082966928364841944 0.0435833333333333 0.0048593647656793642 21.860714285714288 0.49473417585799745 -0.89391031859722869 20.767857142857149 -0.19244445339415753 3.1770122117181683 -0.38168922026665864 0.77934813559741045 -0.40542197401079733 24.407142857142862 23.946428571428577 0.012909817866233263 0.066997470238095228 -0.61186373645567615 21.500000000000004 9.3761446187699153 57.500000000000007 0.23635416666666667 17.132142857142863 4.0382142857142869 -110.30499999999999 0.30081702196488996
decision_type=2 2 2 2 2 2 2 2 2 2 2 2 2 2 2 2 2 2 2 2 2 2 2 2 2 2 2 2 2 2
left_child=2 4 -1 6 8 10 7 14 26 20 11 -6 -5 -7 -3 -9 17 -14 22 -20 -4 27 -10 -11 -15 -23 -2 -22 -12 -28
right_child=1 3 9 12 5 13 -8 15 18 23 28 -13 16 24 -16 -17 -18 -19 19 -21 21 25 -24 -25 -26 -27 29 -29 -30 -31
leaf_value=-0.0010127706641019692 0.00028038875716973697 0.0011554039523568537 -0.00084857591686941737 0.0014559269965036044 0.00095649298566772992 0.00073980073227681675 0.0011102762215798709 0.00037322902691079926 -0.0010244883117247088 -8.7619223072056462e-05 -0.00025422273148378491 -0.00074947576260584587 0.001995473357630376 0.00024464102720907124 0.00042561278402054544 -0.00046368097362258512 0.00064075439752657838 0.00066491037822152637 0.00078966668167178788 -0.00023068205713217804 -0.00033199988253006268 -0.0004496770537002696 0.00096943687425737955 0.000747075695667052 -0.0016912182830642946 0.0020337594002485275 0.0018687970708312833 0.00082417322958957542 0.00011209030839514133 0.00048009724304961789
leaf_weight=10567 208 1278 1216 2945 161 1307 1558 2272 276 1805 2083 1264 606 170 1179 566 1516 704 1230 681 256 3929 88 486 100 35 385 404 6499 140
leaf_count=10567 208 1278 1216 2945 161 1307 1558 2272 276 1805 2083 1264 606 170 1179 566 1516 704 1230 681 256 3929 88 486 100 35 385 404 6499 140
internal_value=0 0.00047679 -0.000694082 0.000891529 0.000117744 2.10904e-05 0.000627713 0.000484975 0.000488834 -0.000279474 -5.90875e-05 -0.000554092 0.00120412 0.000531483 0.000806747 0.000205158 0.000940233 0.00128376 0.000269882 0.000424558 -0.000424288 -0.000311903 -0.000532886 8.83881e-05 -0.000464869 -0.000426486 0.00116301 0.000371356 2.2811e-05 0.0015058
internal_weight=45914 27216 18698 12624 14592 11584 6853 5295 3008 8131 10007 1425 5771 1577 2457 2838 2826 1310 2275 1911 5840 4624 364 2291 270 3964 733 660 8582 525
internal_count=45914 27216 18698 12624 14592 11584 6853 5295 3008 8131 10007 1425 5771 1577 2457 2838 2826 1310 2275 1911 5840 4624 364 2291 270 3964 733 660 8582 525
is_linear=0
shrinkage=0.03


Tree=47
num_leaves=31
num_cat=0
split_feature=22 10 8 70 35 28 53 22 39 12 69 46 17 63 17 3 52 10 26 53 27 17 3 69 70 53 69 46 46 42
split_gain=15.9199 4.52391 2.70743 0.859546 0.820039 0.657386 0.574973 0.487763 0.426178 0.418698 0.384103 0.679637 0.407029 0.388438 0.383514 0.446231 0.379018 0.355173 0.309428 0.254916 0.254116 0.228361 0.387574 0.244671 0.220403 0.367712 0.233416 0.402715 0.290644 0.220891
threshold=0.1879315476190476 0.053758333333333304 0.32131250000000006 -0.26781430516217447 5.7809938542487851 -445.64842651384282 7.1115522768845389 0.23969196428571429 0.71236861774590288 0.29164583333333333 0.15005400879207817 24.603571428571435 -11.32843166006589 -71.129999999999981 -16.933121811112688 22.150000000000002 81.892857142857153 0.23492916666666666 -9.1711666839023991 1.3587324409744121 0.52645136607331111 -13.42423687302348 25.350000000000005 -0.52707282776374165 0.13300977955191609 6.6120934823836466 -0.2760944163666606 24.51071428571429 19.817857142857147 17.083333333333339
decision_type=2 2 2 2 2 2 2 2 2 2 2 2 2 2 2 2 2 2 2 2 2 2 2 2 2 2 2 2 2 2
left_child=1 -1 3 4 5 -2 -7 14 -6 10 11 16 13 -12 15 -5 -3 -13 24 -14 -10 23 -23 -9 25 29 27 -26 -28 -4
right_child=2 9 18 7 8 6 -8 21 20 -11 12 17 19 -15 -16 -17 -18 -19 -20 -21 -22 22 -24 -25 26 -27 28 -29 -30 -31
leaf_value=-0.00097541455583359169 0.002938820084057203 0.00056289205925976707 -0.00092613304300233714 0.00099244847315358418 0.00031626807773023368 0.00063868957132826596 0.0018355555342832652 0.0010279911471989911 0.00043378168696834316 0.0012151205290146933 -0.00013066976117204985 -0.00066467207887761716 0.00069180521818122188 0.00033747806856095444 -0.00053424234505429383 -7.960624960017142e-05 -0.00031137811193778273 0.00082731604468662639 0.0014472966483596908 -0.0012477922201632804 -0.0011888533570946211 0.00029689408642223359 -0.0011170946885258181 0.00035719767359747745 0.0019700528128034781 0.0020779055623566366 -0.00038845754341693389 0.00057115288522800256 0.00076272905502183775 0.0010681020403945252
leaf_weight=10757 122 854 49 433 1002 5809 388 746 112 195 5899 3584 70 2185 1209 1775 929 147 2064 375 347 1226 202 1492 299 355 291 511 593 1894
leaf_count=10757 122 854 49 433 1002 5809 388 746 112 195 5899 3584 70 2185 1209 1775 929 147 2064 375 347 1226 202 1492 299 355 291 511 593 1894
internal_value=0 -0.000511055 0.000610596 0.000392387 0.000610179 0.000758274 0.000714395 0.000152687 -2.83767e-05 -0.000159971 -0.000179364 -0.000374563 -5.27874e-05 -3.73835e-06 -0.000104474 0.000129625 0.000105769 -0.000604879 0.00114549 -0.000935094 -0.000786312 0.000393162 9.41349e-05 0.000582495 0.000988369 0.00118203 0.00072335 0.00109303 0.000380375 0.00101582
internal_weight=45914 24995 20919 14863 7780 6319 6197 7083 1461 14238 14043 5514 8529 8084 3417 2208 1783 3731 6056 445 459 3666 1428 2238 3992 2298 1694 810 884 1943
internal_count=45914 24995 20919 14863 7780 6319 6197 7083 1461 14238 14043 5514 8529 8084 3417 2208 1783 3731 6056 445 459 3666 1428 2238 3992 2298 1694 810 884 1943
is_linear=0
shrinkage=0.03


Tree=48
num_leaves=31
num_cat=0
split_feature=22 22 12 11 23 23 41 66 19 42 69 42 70 41 53 44 70 22 29 23 69 44 69 44 11 0 10 69 69 63
split_gain=14.9909 4.00645 2.43467 1.03311 0.531757 0.487288 0.483628 0.467291 0.525406 0.433924 0.41223 0.428311 0.387005 0.35328 0.342923 0.286464 0.49904 0.284333 0.279244 0.261404 0.327826 0.306007 0.255617 0.563438 0.255236 0.249534 0.224289 0.214455 0.383817 0.2137
threshold=0.13421741071428572 0.24421160714285711 0.054977083333333308 0.3291041666666667 0.01136798363152333 0.082966928364841944 0.5685411250131408 0.0435833333333333 0.0036214861324380303 22.416666666666675 -0.89391031859722869 20.850000000000005 -0.19244445339415753 0.41084207281048019 3.1770122117181683 24.007142857142863 0.012909817866233263 0.1879315476190476 103.97610055020084 0.0080493975986148398 0.59125596962661842 24.407142857142862 -0.40542197401079733 24.407142857142862 0.11404166666666667 57.500000000000007 0.11281666666666666 0.38168568572378603 0.80392051724781077 -110.30499999999999
decision_type=2 2 2 2 2 2 2 2 2 2 2 2 2 2 2 2 2 2 2 2 2 2 2 2 2 2 2 2 2 2
left_child=2 4 26 7 9 10 24 8 18 -2 11 -6 -5 -10 -7 17 -17 -11 -3 -8 21 -21 23 -14 27 -16 -1 -4 -29 -12
right_child=1 3 6 12 5 14 19 -9 13 15 29 -13 22 -15 25 16 -18 -19 -20 20 -22 -23 -24 -25 -26 -27 -28 28 -30 -31
leaf_value=-0.00096578490448841561 0.0011008698552439009 0.00076765892129789046 -0.000775777130561233 0.0013891157286058978 0.00092900391266228773 0.00071000868848692137 0.00052493261912244676 0.0010556163248115163 0.00075676291900678497 -0.0013150630976184877 -0.00024482957883238508 -0.00071653801749240354 0.0018909809143581654 5.7559898280897212e-05 0.00022780266232592494 0.00080448703283083798 -0.00021561198289934429 0.0002216900387575151 0.0024527638059795688 0.00085190930683805429 0.00027040265577846386 -0.0010467450381703165 0.00060732815573353997 0.00061195292222464824 -4.1132645964816459e-05 -0.0016421224216349646 8.370269089553423e-05 6.1261245781357921e-05 -0.00065471901418938491 0.0001041759859853702
leaf_weight=10586 734 1932 1685 2885 158 1307 888 1565 877 186 2083 1267 578 2553 170 1155 682 251 94 90 707 437 1449 691 1401 100 181 1187 1536 6499
leaf_count=10586 734 1932 1685 2885 158 1307 888 1565 877 186 2083 1267 578 2553 170 1155 682 251 94 90 707 437 1449 691 1401 100 181 1187 1536 6499
internal_value=0 0.000449317 -0.000653967 0.000840665 0.000110509 1.79415e-05 -0.000254538 0.000597186 0.00046497 0.000465873 -5.90467e-05 -0.000531458 0.00114507 0.000237379 0.000508106 0.000259197 0.000424224 -0.000427057 0.000848494 0.000131964 -0.000148587 -0.000715815 0.000884507 0.00119791 -0.00039624 -0.000457196 -0.000947858 -0.000508389 -0.000341602 1.90981e-05
internal_weight=45914 27216 18698 12624 14592 11584 7931 7021 5456 3008 10007 1425 5603 3430 1577 2274 1837 437 2026 2122 1234 527 2718 1269 5809 270 10767 4408 2723 8582
internal_count=45914 27216 18698 12624 14592 11584 7931 7021 5456 3008 10007 1425 5603 3430 1577 2274 1837 437 2026 2122 1234 527 2718 1269 5809 270 10767 4408 2723 8582
is_linear=0
shrinkage=0.03


Tree=49
num_leaves=31
num_cat=0
split_feature=22 12 11 46 53 52 20 69 7 0 69 7 5 7 12 73 61 10 24 69 10 58 46 64 0 69 12 22 38 2
split_gain=14.1189 4.00633 2.43824 0.727343 1.08143 0.686683 0.577186 0.519742 0.46132 0.456055 0.688193 0.442537 0.424658 0.457763 0.409878 0.338769 0.337317 0.313647 0.391367 0.293215 0.273769 0.269924 0.243496 0.240924 0.225975 0.390034 0.311617 0.252456 0.222822 0.222459
threshold=0.1879315476190476 0.054977083333333308 0.32552083333333343 22.575000000000006 3.7999421626596659 75.464285714285737 0.27468154761904767 -0.42109697129093543 -1500.0000000000152 27.500000000000004 0.25118773779856129 -66.749227470071631 -1500.0000000000016 -24.58305435776278 0.28902291666666668 0.26713911908279991 -33.459999999999987 0.2394375 -1500.0000000000066 -0.85206963063867713 0.22935416666666666 14.735000000000005 16.546428571428574 262.50000000000006 15.000000000000002 0.42888796625999276 0.40070833333333339 0.37556458333333337 3.3421428571428575 5.0550000000000006
decision_type=2 2 2 2 2 2 2 2 2 2 2 2 2 2 2 2 2 2 2 2 2 2 2 2 2 2 2 2 2 2
left_child=1 20 3 5 6 7 19 28 -3 10 -6 -9 17 14 -14 22 21 18 -10 -5 -1 23 -7 -4 -18 26 -26 -27 -2 -8
right_child=2 8 16 4 9 15 29 11 12 -11 -12 -13 13 -15 -16 -17 24 -19 -20 -21 -22 -23 -24 -25 25 27 -28 -29 -30 -31
leaf_value=-0.00092571159306937764 -0.00026906301145839581 -0.0011202456350650454 0.00071283675760030747 -0.00010290639510759963 -0.0015457958490026518 0.0012212306063637845 0.0010902807912235178 0.00035616571357222667 -0.0002064227792615132 0.00016922881600476102 0.00010139742700337636 0.0014493443366683826 2.9213072188822201e-05 -0.0003594738122749563 0.0015530981797104082 0.001044017079112007 0.0015488822629786219 0.0022423083901405333 -0.0011185587466454746 0.00034599155735827377 0.0015371651118155567 0.00065701054227409995 5.9098825843746404e-05 -0.0031065024207620057 0.0013663364049106004 0.00027630620913550956 0.00012372654205729516 0.0011505907421463563 0.0018705787482221298 0.00037462242442444331
leaf_weight=10769 44 427 24 1721 586 178 1154 957 970 555 368 520 8591 3239 161 494 1192 34 765 5351 39 688 1824 33 2477 759 202 502 674 616
leaf_count=10769 44 427 24 1721 586 178 1154 957 970 555 368 520 8591 3239 161 494 1192 34 765 5351 39 688 1824 33 2477 759 202 502 674 616
internal_value=0 -0.000481227 0.000575072 0.000372278 0.000231364 0.000682458 0.000358245 0.00107006 -0.000149445 -0.000509851 -0.000907818 0.000743786 -0.000119022 -5.4711e-05 5.77631e-05 0.000340106 0.00109346 -0.000552978 -0.000610745 0.000236327 -0.000916406 0.000489115 0.000164481 -0.00146207 0.00118049 0.00106791 0.00127384 0.000627369 0.00173509 0.000843262
internal_weight=45914 24995 20919 15042 10351 4691 8842 2195 14187 1509 954 1477 13760 11991 8752 2496 5877 1769 1735 7072 10808 745 2002 57 5132 3940 2679 1261 718 1770
internal_count=45914 24995 20919 15042 10351 4691 8842 2195 14187 1509 954 1477 13760 11991 8752 2496 5877 1769 1735 7072 10808 745 2002 57 5132 3940 2679 1261 718 1770
is_linear=0
shrinkage=0.03


Tree=50
num_leaves=31
num_cat=0
split_feature=22 22 11 0 70 63 19 31 66 6 53 22 46 13 10 17 11 70 46 21 69 53 46 22 57 46 57 28 41 21
split_gain=13.2937 4.93447 0.994326 0.753739 0.520246 0.554177 0.470396 0.465438 0.453187 0.453024 0.478278 0.447394 0.435747 0.409441 0.426996 0.385882 0.385168 0.295336 0.285949 0.285403 0.283949 0.437197 0.22474 0.211343 0.207303 0.202269 0.256531 0.200941 0.187957 0.184413
threshold=0.084125595238095222 0.24312500000000001 0.32552083333333343 15.000000000000002 -0.24284072672761489 -115.42499999999997 0.0024559781561812179 0.70237691685798354 0.0435833333333333 -335.18520403214524 6.1626310921571807 0.1879315476190476 22.575000000000006 -1500.0000000000016 0.2394375 -16.475007974649145 0.078770833333333304 -0.19244445339415753 26.903571428571432 0.0028189816469507321 -0.2760944163666606 3.0813155460786206 19.732142857142865 0.035659374999999986 8.6500000000000039 25.103571428571431 45.95000000000001 -94.355806456581334 0.76138898506841757 0.0054576933769371399
decision_type=2 2 2 2 2 2 2 2 2 2 2 2 2 2 2 2 2 2 2 2 2 2 2 2 2 2 2 2 2 2
left_child=3 4 6 19 5 18 25 15 12 13 29 -9 -8 14 -6 -7 -15 -4 -2 -1 21 -19 -22 -5 -20 26 -3 -21 -12 -11
right_child=1 2 17 23 9 7 8 11 -10 10 28 -13 -14 16 -16 -17 -18 20 24 27 22 -23 -24 -25 -26 -27 -28 -29 -30 -31
leaf_value=0.00028935661148849596 0.0010337173340497492 0.0021005473498537357 0.0012915973115584477 -0.00097272282440626697 -0.00059738652206899577 0.00070736216529885003 0.00053233752876121788 -0.00035606074999790737 0.0010130289945427971 -8.4042522509791178e-05 -0.00010616173009845953 0.0003476355774734213 -9.5016607563924152e-05 -0.00050775994318295837 0.0018235741304031209 0.00017015215907046439 0.00024156165296935071 0.00059451761934684662 0.00011272374355289453 -0.00083666712490620499 0.00013135023051474634 0.0016525970538768598 0.0009036223534897432 -0.00070939331788864434 -0.00091283718317010387 0.00056765449346085097 0.00095679440992342524 0.00039313613842939955 0.00092860095575685465 -0.00064039355139700288
leaf_weight=704 100 220 2944 7394 1161 2661 2175 1606 842 698 325 1645 1825 705 68 2230 4823 682 235 542 648 755 736 4582 663 937 1057 149 298 2518
leaf_count=704 100 220 2944 7394 1161 2661 2175 1606 842 698 325 1645 1825 705 68 2230 4823 682 235 542 648 755 736 4582 663 937 1057 149 298 2518
internal_value=9.48515e-07 0.000328102 0.000786321 -0.000795377 3.02546e-05 0.000196205 0.000546524 0.00027823 0.000379692 -0.000112614 -0.000372879 0 0.000245405 3.48444e-05 -0.000459623 0.000463125 0.000145382 0.00107915 -0.000469585 -0.000132767 0.000856001 0.00115328 0.00054456 -0.000872291 -0.000641292 0.000909693 0.00115768 -0.000566965 0.000384684 -0.000520639
internal_weight=45928 32557 12821 13371 19736 9140 7056 8142 4842 10596 3839 3251 4000 6757 1229 4891 5528 5765 998 1395 2821 1437 1384 11976 898 2214 1277 691 623 3216
internal_count=45928 32557 12821 13371 19736 9140 7056 8142 4842 10596 3839 3251 4000 6757 1229 4891 5528 5765 998 1395 2821 1437 1384 11976 898 2214 1277 691 623 3216
is_linear=0
shrinkage=0.03


Tree=51
num_leaves=31
num_cat=0
split_feature=22 22 12 22 33 44 47 65 21 53 44 69 69 70 50 7 69 46 57 22 70 69 36 44 17 12 46 17 8 69
split_gain=12.5253 3.66154 1.68676 0.777677 0.617217 0.629392 0.76648 0.452372 0.409333 0.409015 0.400994 0.521402 0.396854 0.359077 0.322049 0.314089 0.307101 0.543878 0.515919 0.280043 0.279328 0.276538 0.340195 0.32497 0.222066 0.221579 0.203079 0.188186 0.175173 0.16427
threshold=0.12505565476190475 0.24312500000000001 0.044577083333333302 0.31619077380952382 1.1478757164440443 25.064285714285717 0.52857885352664746 -0.0028645833333333487 0.00063298340283792615 6.6120934823836466 22.407142857142862 -0.89391031859722869 -0.32533907195844763 0.012909817866233263 64.071428571428584 -12.253157462374434 0.012910176522261303 17.460714285714293 5.5999999999999943 0.063566517857142804 -0.57729161655172734 0.38168568572378603 5.9616666666666669 25.392857142857149 -1500.0000000000016 0.08549791666666666 17.132142857142863 -14.895632056148045 0.22147291666666663 0.42888796625999276
decision_type=2 2 2 2 2 2 2 2 2 2 2 2 2 2 2 2 2 2 2 2 2 2 2 2 2 2 2 2 2 2
left_child=2 7 -1 4 20 9 -7 28 14 -6 12 13 26 -12 24 16 18 -18 -5 -10 -3 23 -23 -21 -4 -13 -9 -14 29 -2
right_child=1 3 8 15 5 6 -8 10 19 -11 11 25 27 -15 -16 -17 17 -19 -20 21 -22 22 -24 -25 -26 -27 -28 -29 -30 -31
leaf_value=-0.00088356797754560125 -0.00051420951511044427 0.0012013253509657038 -0.00015966318071118819 0 0.00026410103127683901 0.00048183840266390808 -0.0015710724216314426 0.00033270602023306609 -0.00084679803946113939 0.0010480039483675328 3.6052362956592298e-05 -0.00033081723545126522 0.00049320853080171993 -0.00094502148166002913 -0.00041152378248704002 0.0012518094353394672 -0.0015029673057807876 0.00066301164990164284 0.0014114430085091646 2.6971900298374354e-05 0.00062676900500929116 0.00012484660538578972 -0.00052837186103492351 -0.00085898541131058644 0.00090381053258208012 0.00023338060148741081 0.0014978813231677124 -0.00048052758774760586 8.1027786923727754e-05 -2.6312421967109263e-05
leaf_weight=10202 1684 1287 252 291 2356 320 330 197 997 811 675 673 563 656 477 2807 111 1407 1129 525 1972 1915 1142 1230 556 8233 486 258 1381 1005
leaf_count=10202 1684 1287 252 291 2356 320 330 197 997 811 675 673 563 656 477 2807 111 1407 1129 525 1972 1915 1142 1230 556 8233 486 258 1381 1005
internal_value=9.42249e-07 0.00038606 -0.000636398 0.00076281 0.000551227 0.000291019 -0.000556613 8.03378e-05 -0.000280441 0.000466056 0.000174948 0.000107363 0.000632596 -0.000445576 0.000202426 0.00102275 0.000802531 0.00050177 0.00112136 -0.000387789 0.000854884 -0.000291907 -0.000118287 -0.000592383 0.000568637 0.000190377 0.00116717 0.000183349 -0.000191828 -0.000333053
internal_weight=45928 28632 17296 12821 7076 3817 650 15811 7094 3167 11741 10237 1504 1331 1285 5745 2938 1518 1420 5809 3259 4812 3057 1755 808 8906 683 821 4070 2689
internal_count=45928 28632 17296 12821 7076 3817 650 15811 7094 3167 11741 10237 1504 1331 1285 5745 2938 1518 1420 5809 3259 4812 3057 1755 808 8906 683 821 4070 2689
is_linear=0
shrinkage=0.03


Tree=52
num_leaves=31
num_cat=0
split_feature=12 18 12 0 70 23 7 47 12 18 7 64 53 46 12 70 41 73 14 29 0 69 7 69 69 39 69 70 44 44
split_gain=11.7451 3.66021 1.14275 0.823592 0.78239 0.597899 0.552013 0.475195 0.348752 0.343457 0.333719 0.307152 0.265523 0.250886 0.25051 0.23452 0.223026 0.209377 0.279939 0.206162 0.192923 0.201621 0.174932 1.01957 0.248467 0.174346 0.168615 0.16377 0.154549 0.2749
threshold=0.083229166666666674 0.29110416666666666 0.29418749999999999 15.000000000000002 -0.14153505243942446 0.01136798363152333 -31.753571302497228 0.65902440434733656 0.044577083333333302 0.34517708333333336 -1500.0000000000016 33.500000000000007 6.1626310921571807 26.217857142857149 0.064431250000000009 0.25118075958286767 0.71400203150888597 1.2687946217026893 -1500.0000000000025 93.134989317082997 15.000000000000002 0.4900241286343337 -1499.999999999997 -0.2760944163666606 -0.86095304316285726 0.0053452248382485227 -0.71466676797886819 -0.62538740722492581 27.864285714285721 24.807142857142864
decision_type=2 2 2 2 2 2 2 2 2 2 2 2 2 2 2 2 2 2 2 2 2 2 2 2 2 2 2 2 2 2
left_child=3 2 4 14 5 11 10 -7 -5 19 -6 -2 -8 20 25 16 -4 18 -16 22 -11 -22 23 -3 -24 -1 -10 -20 29 -28
right_child=1 9 15 8 6 7 12 -9 26 13 -12 -13 -14 -15 17 -17 -18 -19 27 -21 21 -23 24 -25 -26 -27 28 -29 -30 -31
leaf_value=-0.0010258429304662124 0.00044186168290734161 0.0021222855482723505 0.0010607476381281334 -0.00087205365041271817 -0.00067911235712244799 0.00023187064449146756 -0.00050641766878121238 -0.00030413263255193296 -0.0011504626053206997 0.0015791426502384676 0.00011793588947512401 0.0012286643459086511 0.00020792560516573702 0.00022008652565407618 -0.0010468059072339659 0.00034605478867379054 -0.00012428893246207924 -0.0013090477405408188 -0.00069441700921235854 0.0018631191465427123 0.0011484887272023596 0.00059744545546070338 0.00010758556426189679 -0.00041320779572478355 0.00085291142898129659 0.00043103545376642019 -0.0012945931475444497 0.00065874142470824829 -0.00062681644072690949 5.354665978129361e-05
leaf_weight=80 2795 188 1483 10090 516 5533 3403 2032 304 694 5464 539 536 313 216 936 153 195 108 125 2610 814 498 579 2339 754 157 294 1220 960
leaf_count=80 2795 188 1483 10090 516 5533 3403 2032 304 694 5464 539 536 313 216 936 153 195 108 125 2610 814 498 579 2339 754 157 294 1220 960
internal_value=9.19949e-07 0.000324846 0.000133824 -0.000709644 5.99464e-05 0.000235486 -0.000132638 8.74796e-05 -0.00079133 0.000871944 4.85569e-05 0.000570292 -0.000408424 0.00105172 -7.63073e-05 0.000730378 0.000948081 -0.000452203 -0.000175314 0.000657293 0.00111414 0.00101858 0.000614133 0.000206317 0.00072322 0.000286633 -0.000481575 0.000286941 -0.000392827 -0.000134246
internal_weight=45928 31550 23390 14378 20818 10899 9919 7565 12731 8160 5980 3334 3939 4431 1647 2572 1636 813 618 3729 4118 3424 3604 767 2837 834 2641 402 2337 1117
internal_count=45928 31550 23390 14378 20818 10899 9919 7565 12731 8160 5980 3334 3939 4431 1647 2572 1636 813 618 3729 4118 3424 3604 767 2837 834 2641 402 2337 1117
is_linear=0
shrinkage=0.03


Tree=53
num_leaves=31
num_cat=0
split_feature=22 22 12 11 23 69 46 7 19 53 41 41 23 23 52 70 52 22 69 2 44 69 53 7 46 57 7 46 17 47
split_gain=11.153 3.26772 1.4708 0.844558 0.500791 0.450451 0.572566 0.433811 0.41911 0.412177 0.491322 0.459868 0.384632 0.336211 0.311735 0.269143 0.267038 0.266939 0.289345 0.34924 0.30414 0.255943 0.395381 0.293916 0.186097 0.237311 0.171981 0.340048 0.164766 0.154307
threshold=0.12505565476190475 0.24312500000000001 0.044577083333333302 0.32552083333333343 0.0076354704027469219 -0.89391031859722869 23.703571428571433 -1500.0000000000152 0.0024559781561812179 6.7663110343475665 0.39497982977380258 0.70977631442963285 0.0010001605760311398 0.085571498075236202 55.964285714285722 -0.19244445339415753 87.607142857142875 0.064360119047619027 0.38168568572378603 5.9650000000000007 25.392857142857149 -0.2760944163666606 3.0813155460786206 -1499.999999999997 25.103571428571431 45.95000000000001 -8.4868267591966795 16.975000000000005 -1500.0000000000016 0.46716352409162759
decision_type=2 2 2 2 2 2 2 2 2 2 2 2 2 2 2 2 2 2 2 2 2 2 2 2 2 2 2 2 2 2
left_child=2 4 -1 8 29 6 -6 -7 24 10 -10 -11 14 -9 28 26 -8 -14 20 -20 -19 22 -17 -23 25 -3 27 -5 -4 -2
right_child=1 3 12 15 5 7 16 13 9 11 -12 -13 17 -15 -16 21 -18 18 19 -21 -22 23 -24 -25 -26 -27 -28 -29 -30 -31
leaf_value=-0.00083132344026685598 0.00030659191245970864 0.0019865289650619349 -4.4775894555173315e-05 -0.00069739760212263364 0.00066917196903559871 -0.0018951105786713235 -0.00091835404388590134 4.1020961388530495e-05 0.00067694218088611407 0.001670731745434373 -3.4683110882553654e-05 0.00032447178719139562 -0.00077272066114746096 0.0005517732162544181 -0.00036063832647706049 0.00052784296680711575 -7.323245649104957e-05 1.732096921525213e-05 0.00016015991544000098 -0.00051180363922457867 -0.00082144583632643483 -0.00029432970624925062 0.0015340734330111733 0.00072621051430438773 0.00051386935132129207 0.00088651081818850628 0.0015880443936921438 0.0011314491973511277 0.00097012057428864039 0.00085753188571311497
leaf_weight=10202 1202 220 201 93 357 98 1092 10491 1312 404 2585 541 1163 1306 452 682 498 553 1917 1089 1258 329 755 1055 937 1057 767 2084 461 767
leaf_count=10202 1202 220 201 93 357 98 1092 10491 1312 404 2585 541 1163 1306 452 682 498 553 1917 1089 1258 329 755 1055 937 1057 767 2084 461 767
internal_value=9.02292e-07 0.000364313 -0.000600505 0.000720228 7.54881e-05 1.15729e-05 -0.000411058 8.10309e-05 0.000499165 0.000341657 0.000204242 0.000904345 -0.000268069 9.78606e-05 0.000241957 0.000990142 -0.000655754 -0.000363607 -0.000264069 -8.23676e-05 -0.000563799 0.000777118 0.0010593 0.000481408 0.000841969 0.00107977 0.00119291 0.00105166 0.000657845 0.000523053
internal_weight=45928 28632 17296 12821 15811 13842 1947 11895 7056 4842 3897 945 7094 11797 1114 5765 1590 5980 4817 3006 1811 2821 1437 1384 2214 1277 2944 2177 662 1969
internal_count=45928 28632 17296 12821 15811 13842 1947 11895 7056 4842 3897 945 7094 11797 1114 5765 1590 5980 4817 3006 1811 2821 1437 1384 2214 1277 2944 2177 662 1969
is_linear=0
shrinkage=0.03


Tree=54
num_leaves=31
num_cat=0
split_feature=20 22 11 8 7 70 7 19 66 53 7 46 46 7 47 70 40 44 16 28 29 64 21 46 70 7 7 46 50 52
split_gain=10.5003 3.74525 0.794918 0.649611 0.448597 0.534561 0.643784 0.422132 0.409156 0.394491 0.394335 0.581218 0.383743 0.367758 0.329474 0.25676 0.198745 0.206906 0.207079 0.19058 0.182694 0.218431 0.167965 0.193688 0.163882 0.16307 0.133145 0.385154 0.131418 0.121265
threshold=0.087998511904761892 0.24312500000000001 0.33670833333333333 0.054720833333333309 -1500.0000000000152 -0.24284072672761489 -55.877552811890354 0.0024559781561812179 0.0435833333333333 5.8056905322756771 -1500.0000000000066 27.782142857142862 22.575000000000006 -1500.0000000000016 0.62480766271268895 -0.19244445339415753 4.0653571428571444 28.200000000000006 -1499.999999999998 -4.3038811247292683 68.683266736621732 154.50000000000003 0.011039835826475908 32.889285714285727 -0.51235243343851777 -1500.0000000000025 -8.4868267591966795 16.975000000000005 53.071428571428577 81.964285714285737
decision_type=2 2 2 2 2 2 2 2 2 2 2 2 2 2 2 2 2 2 2 2 2 2 2 2 2 2 2 2 2 2
left_child=3 4 7 28 -2 10 13 20 12 -8 24 -12 -9 -7 16 26 -5 18 -18 -17 -3 -22 23 25 -6 -16 27 -4 -1 -10
right_child=1 2 15 14 5 6 9 8 29 -11 11 -13 -14 -15 22 19 17 -19 -20 -21 21 -23 -24 -25 -26 -27 -28 -29 -30 -31
leaf_value=-0.00088479268195290508 -0.0013883597115305919 0.00076483566691766145 -0.0009341895981770322 -0.0013537156684728124 0.0011903602389346469 -0.00061665737486273791 -0.00053182589612707032 0.00047201878740209003 0.0012735245384144977 0.00026222444699350181 0.00026119551601825534 -0.00052315417672339206 -9.8431887791772856e-05 0.00017149605420071104 -0.00049245696768085423 0.00068769180286071306 -0.00099077736959630146 -0.00071087150651631724 4.2297341852876944e-05 0.0017609999680042654 0.0024707969727522107 -0.00056579757325351241 -0.00062980575755761591 -0.0015027434957883086 -0.00056761126532493269 0.00065962768928424695 0.0015357205991994448 0.0011372303290335976 -0.00066107347149775314 0.00053626913489149383
leaf_weight=6536 196 2232 82 231 477 588 3295 2470 472 673 7317 959 1847 5488 131 2358 211 1151 965 163 112 24 204 47 50 614 748 1927 3974 386
leaf_count=6536 196 2232 82 231 477 588 3295 2470 472 673 7317 959 1847 5488 131 2358 211 1151 965 163 112 24 204 47 50 614 748 1927 3974 386
internal_value=8.92136e-07 0.000302318 0.000698695 -0.000681792 3.52715e-05 5.03086e-05 -9.90571e-05 0.000500173 0.000347251 -0.000396362 0.000221064 0.000169893 0.000227294 9.46406e-05 -0.000329605 0.000981695 -0.000510032 -0.000424446 -0.000141194 0.000758949 0.000832813 0.00191281 0.000130817 0.000331066 0.00101713 0.000452636 0.00118394 0.00105077 -0.000800557 0.000946348
internal_weight=45928 31864 12821 14064 19043 18847 10044 7543 5175 3968 8803 8276 4317 6076 3554 5278 2558 2327 1176 2521 2368 136 996 792 527 745 2757 2009 10510 858
internal_count=45928 31864 12821 14064 19043 18847 10044 7543 5175 3968 8803 8276 4317 6076 3554 5278 2558 2327 1176 2521 2368 136 996 792 527 745 2757 2009 10510 858
is_linear=0
shrinkage=0.03


Tree=55
num_leaves=31
num_cat=0
split_feature=22 11 10 19 12 3 0 47 0 13 7 63 73 63 11 0 52 69 26 7 12 11 70 69 7 42 70 69 7 40
split_gain=10.3751 2.18576 2.0267 0.688174 0.617587 0.515156 0.453071 0.566129 0.389653 0.511989 0.305519 0.303894 0.289569 0.281142 0.270587 0.42358 0.381544 0.289002 0.265034 0.260882 0.258078 0.217493 0.206025 0.28561 0.343509 0.267159 0.190254 0.183222 0.167838 0.24244
threshold=0.15858898809523808 0.32552083333333343 0.044025000000000002 0.0036214861324380303 0.33589583333333339 22.250000000000004 15.000000000000002 0.53349356567382666 15.000000000000002 -1500.0000000000025 -1500.0000000000002 -91.884999999999977 0.18500512719901699 -122.19499999999998 0.11285208333333331 27.500000000000004 81.035714285714292 -0.69016699705532225 -9.8287039256003741 -1499.999999999997 0.1740142857142857 0.11285208333333331 -0.19244445339415753 -0.34156760613242332 -844.75762544341444 24.483333333333338 -0.51235243343851777 -0.61188073503922691 -8.4868267591966795 3.1353571428571434
decision_type=2 2 2 2 2 2 2 2 2 2 2 2 2 2 2 2 2 2 2 2 2 2 2 2 2 2 2 2 2 2
left_child=2 3 -1 5 6 11 7 -5 9 -4 -11 13 -8 -2 17 16 -16 -10 21 -12 -3 -7 28 25 -25 -24 -17 -13 29 -22
right_child=1 20 8 4 -6 18 12 -9 14 10 19 27 -14 -15 15 26 -18 -19 -20 -21 22 -23 23 24 -26 -27 -28 -29 -30 -31
leaf_value=-0.00077939539739824897 0.00034557298825488292 -0.0003666948835500551 -0.00063224348505238682 0.00014375986292260824 0.0010019161024844667 0.0010066328540882126 0.00012511025436063488 -0.00053860867673743496 -0.0010880826335807124 -0.00028040130758265629 0.0010706234633309347 0.0012150233323796394 0.00060993786676035128 0.002220906179058073 -6.8655840426480008e-05 0.00076373606567962991 -0.0013004661754071993 -0.00039003075644283489 0.00079975542742351528 0.0002004560840066567 0.00033485033535496264 0.00018643651067428764 0.0015343692810404011 -0.00024645439946155662 0.00077335732050378596 0.00066074756296065601 0 0.00048809888429515844 0.0015343613533396517 0.001155751754903699
leaf_weight=10275 104 130 931 2435 684 316 5083 1979 649 1091 354 487 1427 270 545 425 393 3210 974 2618 410 3918 647 412 1028 652 953 941 762 1788
leaf_count=10275 104 130 931 2435 684 316 5083 1979 649 1091 354 487 1427 270 545 425 393 3210 974 2618 410 3918 647 412 1028 652 953 941 762 1788
internal_value=6.31076e-06 0.000428836 -0.000475242 0.000269859 0.000127756 0.00050469 7.26596e-05 -0.000161551 -0.000195121 1.32466e-06 0.000147359 0.000942802 0.000231923 0.00170974 -0.000354455 -9.645e-05 -0.000588786 -0.000508457 0.000352373 0.000305438 0.000935966 0.000248583 0.000966267 0.000774722 0.000479527 0.00109903 0.00023669 0.000738783 0.00114218 0.00100421
internal_weight=45891 24447 21444 18618 11608 7010 10924 4414 11169 4994 4063 1802 6510 374 6175 2316 938 3859 5208 2972 5829 4234 5699 2739 1440 1299 1378 1428 2960 2198
internal_count=45891 24447 21444 18618 11608 7010 10924 4414 11169 4994 4063 1802 6510 374 6175 2316 938 3859 5208 2972 5829 4234 5699 2739 1440 1299 1378 1428 2960 2198
is_linear=0
shrinkage=0.03


Tree=56
num_leaves=31
num_cat=0
split_feature=22 11 12 19 12 3 0 47 23 63 22 73 63 5 12 41 66 10 35 17 70 53 73 6 63 26 53 70 35 47
split_gain=9.76372 2.05661 1.90846 0.647752 0.581107 0.484909 0.426308 0.534135 0.347931 0.285965 0.282944 0.272425 0.264238 0.250105 0.243073 0.237306 0.225479 0.21337 0.202585 0.201868 0.193693 0.173973 0.173117 0.165379 0.228721 0.148842 0.142002 0.140651 0.128114 0.124735
threshold=0.15858898809523808 0.32552083333333343 0.054977083333333308 0.0036214861324380303 0.33589583333333339 22.250000000000004 15.000000000000002 0.60054919919968652 0.005096050722339371 -91.884999999999977 0.064360119047619027 0.18500512719901699 -122.19499999999998 -9.1339886123601648 0.1740142857142857 0.83836592105181806 0.095812500000000023 0.22935416666666666 2.8183074958806036 -1500.0000000000016 -0.19244445339415753 1.1507283885345612 -0.11485503508177695 -19.332709515069308 -95.304999999999993 -1326.5296030467141 7.1115522768845389 0.91234096280339505 13.54233289417129 0.19400351192027609
decision_type=2 2 2 2 2 2 2 2 2 2 2 2 2 2 2 2 2 2 2 2 2 2 2 2 2 2 2 2 2 2
left_child=2 3 17 5 6 9 7 -5 15 12 -10 -8 -2 16 29 18 -7 -1 19 -4 28 -15 25 24 -12 -22 -25 -11 -16 -3
right_child=1 14 8 4 -6 13 11 -9 10 27 23 -13 -14 21 20 -17 -18 -19 -20 -21 22 -23 -24 26 -26 -27 -28 -29 -30 -31
leaf_value=-0.00074728215362923611 0.00033530453136190768 0.00049726362081001631 -0.00049231786936476522 9.8611672039083218e-05 0.00097190249774245583 0.0001687904842342533 0.00012135768493182343 -0.00058184574073016047 -0.00081711201080665618 0.0008133151870864556 -0.00029763735651529234 0.00059165254307221656 0.0021545248498230085 0.0014447416583596082 0.0011249156080867376 0.0011110832806342074 0.00078353948865239663 0.0018482100261109212 -0.00063266854089228481 0.00030613334610844365 -0.0012113509259241467 0.00048156022493312065 0.0008911002116795216 -0.00067228661695244597 7.0382851081202209e-05 0.00046039448102391551 0.0012015252585673853 -0.00018558706289075095 -0.0011706852880971773 -0.0013320334859281068
leaf_weight=10836 104 68 343 2754 684 3839 5083 1660 771 1293 3974 1427 270 282 2940 205 629 27 335 1610 50 458 2047 865 2442 642 36 135 20 62
leaf_count=10836 104 68 343 2754 684 3839 5083 1660 771 1293 3974 1427 270 282 2940 205 629 27 335 1610 50 458 2047 865 2442 642 36 135 20 62
internal_value=6.14662e-06 0.000416035 -0.000460999 0.000261819 0.000123942 0.000489653 7.04889e-05 -0.000156686 -0.000173841 0.000914738 -0.000269467 0.000224983 0.00165889 0.000341847 0.000907961 0.000135176 0.000256161 -0.000740385 4.59794e-05 0.000164188 0.000937372 0.000854113 0.000751543 -0.000211247 -0.000157108 0.000333701 -0.000592842 0.000716718 0.001108 -0.000355778
internal_weight=45891 24447 21444 18618 11608 7010 10924 4414 10581 1802 8088 6510 374 5208 5829 2493 4468 10863 2288 1953 5699 740 2739 7317 6416 692 901 1428 2960 130
internal_count=45891 24447 21444 18618 11608 7010 10924 4414 10581 1802 8088 6510 374 5208 5829 2493 4468 10863 2288 1953 5699 740 2739 7317 6416 692 901 1428 2960 130
is_linear=0
shrinkage=0.03


Tree=57
num_leaves=31
num_cat=0
split_feature=22 20 10 70 21 29 41 53 46 69 21 66 0 5 7 7 69 14 70 28 44 51 47 19 22 7 24 46 44 18
split_gain=9.18754 1.89912 1.79921 0.617155 0.729426 0.659426 0.631011 0.573737 0.488691 0.495973 0.407136 0.357437 0.35676 0.466148 0.281927 0.279686 0.489532 0.372358 0.317655 0.316046 0.248556 0.246207 0.238664 0.238261 0.210588 0.214688 0.202711 0.19435 0.16772 0.161569
threshold=0.15858898809523808 0.29263783643892344 0.044025000000000002 -0.14153505243942446 0.077220636760676475 225.96521697396832 0.59614143907684836 7.4776222912827572 23.767857142857149 -0.43664718845046341 0.0079503374463698144 -0.10443541666666668 15.000000000000002 -1500.0000000000025 -1500.0000000000002 -132.09717633687754 -0.34964421742355262 -1247.5137340630322 -0.36572252349726903 -46.341116224011799 21.778571428571436 0.53452248382484979 0.48226799352892685 0.01028602802901829 0.10142410714285711 -112.53709043664456 -4.3063955630835125 16.382142857142863 26.492857142857151 0.30346944444444446
decision_type=2 2 2 2 2 2 2 2 2 2 2 2 2 2 2 2 2 2 2 2 2 2 2 2 2 2 2 2 2 2
left_child=2 3 -1 5 8 6 7 -2 9 -5 -8 21 13 -4 -15 16 17 29 -18 -20 -16 -6 -10 -14 -25 -26 27 -17 -29 -3
right_child=1 15 12 4 11 -7 10 -9 22 -11 -12 -13 23 14 20 26 18 -19 19 -21 -22 -23 -24 24 25 -27 -28 28 -30 -31
leaf_value=-0.00073374846553133732 0.00048084222804118884 -0.0019072658295432726 -0.00060096298806009394 0.00091881616535555047 -0.00038060674021580453 0.0024743768683175987 0.00057048755856317775 0.0024099987788586651 -0.0001769697996083985 -7.2687456252947888e-05 -0.00020718559744042534 0.0011617735322258119 -0.00046773470214579813 -0.00026707546829865157 0.0017063931437623645 0.0016029169638157707 0.00081653461409390284 0.0017832311204937401 0.00031798800896748572 -0.00072432910912197481 0.00024079323758869801 0.0010222563464564326 -0.00071134192439181623 -0.00051362672352075936 0.00040866257916235838 -0.0003674926840692622 0.0016132278295818904 0.00083247009475203692 -0.00044948430719611403 0.00054896053004237569
leaf_weight=10275 5994 26 928 678 330 133 826 142 2976 1356 2265 656 4113 1091 108 303 594 400 770 395 2867 169 1018 659 913 490 350 4772 90 204
leaf_count=10275 5994 26 928 678 330 133 826 142 2976 1356 2265 656 4113 1091 108 303 594 400 770 395 2867 169 1018 659 913 490 350 4772 90 204
internal_value=5.98271e-06 0.000403595 -0.000447168 0.00022055 1.09453e-05 0.000381066 0.000350302 0.000526361 -0.000120991 0.000256629 0 0.000701633 -0.000183216 4.7349e-06 0.000143827 0.000786249 0.000511836 0.00122998 0.000252371 -3.31609e-05 0.000295562 8.96055e-05 -0.000314067 -0.000335683 -7.07295e-05 0.000135384 0.000904461 0.000855548 0.000808036 0.000251259
internal_weight=45891 24447 21444 16543 7183 9360 9227 6136 6028 2034 3091 1155 11169 4994 4066 7904 2389 630 1759 1165 2975 499 3994 6175 2062 1403 5515 5165 4862 230
internal_count=45891 24447 21444 16543 7183 9360 9227 6136 6028 2034 3091 1155 11169 4994 4066 7904 2389 630 1759 1165 2975 499 3994 6175 2062 1403 5515 5165 4862 230
is_linear=0
shrinkage=0.03


Tree=58
num_leaves=31
num_cat=0
split_feature=12 20 12 0 46 52 65 46 53 26 21 41 42 12 5 48 12 41 57 46 46 29 53 33 21 28 73 7 31 25
split_gain=8.38282 2.71631 0.803704 0.693086 0.493723 0.534368 0.389251 0.369207 0.288228 0.264086 0.258196 0.287366 0.33248 0.254064 0.228862 0.228024 0.199969 0.198917 0.186458 0.169197 0.183158 0.167827 0.180069 0.158064 0.151162 0.14895 0.147932 0.136045 0.190597 0.112327
threshold=0.083229166666666674 0.29263783643892344 0.27660416666666671 15.000000000000002 23.232142857142865 75.464285714285737 -0.0010416666666666766 17.460714285714293 2.8718030481293089 -4.8076847713732356 0.0084785487286464702 0.53049220354495175 23.350000000000001 0.064431250000000009 -1500.0000000000016 15.16666666666667 0.043010416666666655 0.86260434941657638 82.250000000000014 16.382142857142863 19.267857142857146 3.0035695037903811 3.281650616569471 0.34156502553198687 0.0020605198835484226 -12.176414634119613 0.20452219434262189 -1500.0000000000025 0.10000000000002042 28.971940255207532
decision_type=2 2 2 2 2 2 2 2 2 2 2 2 2 2 2 2 2 2 2 2 2 2 2 2 2 2 2 2 2 2
left_child=3 2 4 13 5 23 8 -7 -6 15 21 29 -13 17 -8 -3 -5 27 24 25 -21 22 -4 -2 -15 -17 -20 -1 -29 -12
right_child=1 9 10 16 6 7 14 -9 -10 -11 11 12 -14 18 -16 19 -18 -19 26 20 -22 -23 -24 -25 -26 -27 -28 28 -30 -31
leaf_value=-0.00074145565461731155 0.00015985517023117983 -0.0010666606950440578 0.00097314309451219147 -0.00072819016259703391 -2.2243234098615947e-05 0.00085997912866617263 -0.00039595426650759714 -0.00032516058683307693 -0.00051087969274265816 0.0013927614838014251 0.00068673948629539665 0.00033214631367208165 -0.0010037996511052115 -3.6310866779078619e-06 0.00010295319736232539 -0.00051198765108934963 -0.00043996065364107408 0.0017970748736473839 0.0014493738756371805 0.00043651202392057284 0.00079261965565907591 0.0016284261946411754 -0.0003157828701892867 0.00083343989986093929 -0.0009212921862717363 0.0018412775441443508 -0.0011226365560522446 0.0001360507287606172 0.0015227884065437442 -0.00011173815541380249
leaf_weight=115 407 62 462 10010 2230 300 889 1098 2143 566 1572 532 243 269 11470 25 2851 77 77 1791 5265 270 119 1568 430 195 25 554 107 169
leaf_count=115 407 62 462 10010 2230 300 889 1098 2143 566 1572 532 243 269 11470 25 2851 77 77 1791 5265 270 119 1568 430 195 25 554 107 169
internal_value=5.81455e-06 0.000281658 0.000119514 -0.000590227 4.74991e-05 0.000378598 -1.90865e-05 -6.82614e-05 -0.000262449 0.000762712 0.000548494 0.000393465 -8.36252e-05 -1.03096e-05 6.67942e-05 0.000713523 -0.000664568 0.00034793 -0.000395505 0.000729249 0.00070273 0.00100232 0.000703903 0.0006963 -0.000572939 0.00155918 0.000785074 0.000198147 0.000367023 0.000607489
internal_weight=45891 31376 23472 14515 20105 3373 16732 1398 4373 7904 3367 2516 775 1654 12359 7338 12861 853 801 7276 7056 851 581 1975 699 220 102 776 661 1741
internal_count=45891 31376 23472 14515 20105 3373 16732 1398 4373 7904 3367 2516 775 1654 12359 7338 12861 853 801 7276 7056 851 581 1975 699 220 102 776 661 1741
is_linear=0
shrinkage=0.03


Tree=59
num_leaves=31
num_cat=0
split_feature=22 22 11 65 46 29 69 66 69 46 69 10 17 69 7 64 46 69 41 0 22 41 38 69 12 69 46 7 69 18
split_gain=8.18069 1.80794 1.59826 0.543235 0.492428 0.474847 0.536436 0.372003 0.319075 0.434357 0.463747 0.477216 0.421308 0.350386 0.605506 0.327446 0.320436 0.31051 0.268046 0.343861 0.263895 0.258441 0.252073 0.224904 0.220577 0.218558 0.186823 0.16864 0.186144 0.287041
threshold=0.1703300595238095 0.062761607142857126 0.32552083333333343 -0.0064166666666666183 23.232142857142865 2.1056819238981865 -0.4673548892883575 0.095812500000000023 0.38168568572378603 25.200000000000006 -0.71466676797886819 0.2394375 -11.32843166006589 0.82876241254485883 -1500.0000000000016 33.500000000000007 27.960714285714293 -0.88606241628642823 0.82412474383815815 15.000000000000002 0.13421741071428572 0.61033903386268851 3.7021428571428578 -0.15005400879207767 0.1740142857142857 0.69016699705532247 17.132142857142863 -3.3861430242529615 0.42888796625999276 0.37383819444444449
decision_type=2 2 2 2 2 2 2 2 2 2 2 2 2 2 2 2 2 2 2 2 2 2 2 2 2 2 2 2 2 2
left_child=1 -1 3 18 5 22 -7 17 9 15 11 -11 13 16 -15 21 -10 -6 26 25 -12 -3 -5 -17 -4 -20 -2 28 -26 -30
right_child=2 8 24 4 7 6 -8 -9 12 10 20 -13 -14 14 -16 23 -18 -19 19 -21 -22 -23 -24 -25 27 -27 -28 -29 29 -31
leaf_value=-0.00066953676620969799 0.0010800182160471466 -0.00037922423343795907 -0.00036885281625196676 0.00049462049357101986 -0.00022060457346598797 0.0015267767871351237 0.00057656457064557366 0.00069313909961794546 0.00054614454881004074 -0.0012054741377784796 -0.00048395248803988498 0.0015153656001889802 -0.0011869872788764929 -0.00069885347487289354 0.00016159121306057731 0.0015250397817558093 -0.00010045047116487891 0.00024391890020164151 -0.0017874388537974584 9.8404886575169969e-05 0.00015903147732024083 0.00047269065495166636 -0.00034019166203723492 -0.00016030527705977596 0.00095475296022772493 0.00015613127711549169 -1.2981938572955868e-05 0.001762590301708576 0.00029356018144679693 0.0010870486541688402
leaf_weight=11149 147 1007 130 867 1590 788 1724 1351 1793 949 1815 60 253 1172 1966 209 1109 6842 236 269 831 467 516 103 3697 63 2786 187 1170 645
leaf_count=11149 147 1007 130 867 1590 788 1724 1351 1793 949 1815 60 253 1172 1966 209 1109 6842 236 269 831 467 516 103 3697 63 2786 187 1170 645
internal_value=5.64451e-06 -0.000395919 0.000405157 0.000259228 0.000344611 0.000630301 0.000876323 0.000230507 -0.000135652 -0.000303888 -0.000491331 -0.00103937 9.35547e-06 6.0152e-05 -0.000158938 7.80905e-05 0.000298065 0.000155953 -7.35006e-05 -0.000669703 -0.0002809 -0.000107145 0.000180962 0.000960341 0.0008346 -0.00136877 4.11254e-05 0.000862638 0.000831248 0.000577639
internal_weight=45891 22883 23008 17179 13678 3895 2512 9783 11734 5441 3655 1009 6293 6040 3138 1786 2902 8432 3501 568 2646 1474 1383 312 5829 299 2933 5699 5512 1815
internal_count=45891 22883 23008 17179 13678 3895 2512 9783 11734 5441 3655 1009 6293 6040 3138 1786 2902 8432 3501 568 2646 1474 1383 312 5829 299 2933 5699 5512 1815
is_linear=0
shrinkage=0.03


Tree=60
num_leaves=31
num_cat=0
split_feature=12 11 8 0 19 12 65 70 7 0 0 21 40 11 7 11 70 11 0 69 8 70 69 40 70 23 7 35 24 69
split_gain=7.33928 2.40008 0.959281 0.599491 0.436724 0.369407 0.367722 0.308951 0.359052 0.286493 0.257834 0.2554 0.251064 0.234237 0.20787 0.202365 0.195404 0.193353 0.17546 0.184544 0.30292 0.222947 0.178395 0.173587 0.232046 0.210374 0.166038 0.16296 0.145674 0.198878
threshold=0.083229166666666674 0.31516875 0.21881250000000002 15.000000000000002 0.0047187078425893784 0.31443750000000004 -0.0020416666666666981 -0.5488429582847193 -1500.0000000000016 15.000000000000002 92.500000000000014 0.077220636760676475 3.6096428571428576 0.063814583333333313 -132.09717633687754 0.19873125000000003 0.95748518835503915 0.037304166666666659 15.000000000000002 0.42888796625999276 0.38314583333333335 0.31717953954346351 0.25118773779856129 5.6385714285714297 -0.83352489619613901 0.00048581940030223306 -1499.999999999997 2.697802064245909e-08 -16.164307876231209 0.67125374152323958
decision_type=2 2 2 2 2 2 2 2 2 2 2 2 2 2 2 2 2 2 2 2 2 2 2 2 2 2 2 2 2 2
left_child=3 2 6 13 10 9 28 12 -9 -6 11 -4 -8 27 16 -12 -3 -5 22 20 -20 -21 -16 24 -15 -25 -7 -1 29 -2
right_child=1 14 4 17 5 26 7 8 -10 -11 15 -13 -14 23 18 -17 -18 -19 19 21 -22 -23 -24 25 -26 -27 -28 -29 -30 -31
leaf_value=-0.0001127277130199865 -0.00036544829043674425 0.0005978492654800016 0.0005835545318635453 -0.00072068951435406514 -0.00019025832833524425 -0.00033153702639182034 -3.2796646171563619e-05 -0.00072448411550553923 1.6641488332368995e-06 0.00025788491685168556 -0.0005000684682576218 0.0015173608566497868 0.00047342596884398516 -0.0017183444627652143 0.00099166741379349264 0.00049209745365718987 -0.00050092262952192905 -0.0004768991601328579 0.0010818655517908099 0.00071674482182290244 0.00027402694064408521 -0.00029554384305716347 0.0019125715178515139 0.00062345778721011925 0.00032143596107882542 -0.00091729043946207434 0.0010045621218350924 0.00088470717440606553 -0.00057260885063313994 0.00024115997714080576
leaf_weight=252 1438 1652 3636 8028 2074 93 1448 674 6568 3349 336 289 2212 55 768 408 156 4784 2035 647 540 275 269 93 470 467 602 338 1223 728
leaf_count=252 1438 1652 3636 8028 2074 93 1448 674 6568 3349 336 289 2212 55 768 408 156 4784 2035 647 540 275 269 93 470 467 602 338 1223 728
internal_value=-1.48336e-06 0.00025602 0.000124008 -0.000560153 0.000337586 0.000170079 -3.70049e-05 4.76084e-05 -6.55937e-05 8.59381e-05 0.000556353 0.000653444 0.000272376 -2.45359e-05 0.000777455 3.99259e-05 0.000501161 -0.000629937 0.000886834 0.000782392 0.000913791 0.000411572 0.00123505 -0.00028777 9.91807e-05 -0.000655413 0.000821245 0.000454138 -0.000310014 -0.000160164
internal_weight=45907 31420 25078 14487 10787 6118 14291 10902 7242 5423 4669 3925 3660 1675 6342 744 1808 12812 4534 3497 2575 922 1037 1085 525 560 695 590 3389 2166
internal_count=45907 31420 25078 14487 10787 6118 14291 10902 7242 5423 4669 3925 3660 1675 6342 744 1808 12812 4534 3497 2575 922 1037 1085 525 560 695 590 3389 2166
is_linear=0
shrinkage=0.03


Tree=61
num_leaves=31
num_cat=0
split_feature=22 12 11 70 53 53 73 18 7 7 70 12 7 7 19 4 21 3 70 10 10 7 70 0 35 44 46 73 21 38
split_gain=6.9823 1.91935 1.24549 0.581034 0.486772 0.584738 0.580594 0.430257 0.313082 0.296795 0.344143 0.30618 0.285661 0.283706 0.330078 0.318801 0.262023 0.260236 0.217692 0.214604 0.203527 0.197201 0.183989 0.163476 0.163779 0.20736 0.182663 0.141843 0.218946 0.151172
threshold=0.1879315476190476 0.054977083333333308 0.31516875 -0.26781430516217447 7.3768273951318717 1.8752289237539841 -0.50281861372537928 0.27496875000000015 -1500.0000000000152 -1500.0000000000066 -0.69014782361074123 0.29164583333333333 -733.14784903320322 -18.195647904692319 0.0007577722283113596 18.500000000000004 0.0030890945211044011 22.250000000000004 -0.97870382656940669 0.11806249999999997 0.22492083333333332 -132.09717633687754 0.95748518835503915 15.000000000000002 0.99449031619769412 26.492857142857151 16.382142857142863 0.021131653086506667 0.025121178897781846 6.4407142857142867
decision_type=2 2 2 2 2 2 2 2 2 2 2 2 2 2 2 2 2 2 2 2 2 2 2 2 2 2 2 2 2 2
left_child=1 20 3 4 5 18 -7 13 -3 10 -10 16 -6 15 -15 -5 -11 -14 -2 -13 -1 22 -4 -23 25 -25 -26 28 -9 -29
right_child=2 8 21 7 12 6 -8 27 9 11 -12 19 17 14 -16 -17 -18 -19 -20 -21 -22 23 -24 24 26 -27 -28 29 -30 -31
leaf_value=-0.00064940759878768085 0.00011575046151555339 -0.00089198789599776807 0.00057992463694705944 -0.0010837726099324279 -1.1582257859612298e-05 0.0010263985241770975 2.7110379892005897e-05 -0.00014221718399712961 0.0012516454954001261 0.00011796485262231769 -0.00032304172997186576 0.0017995184719760528 0.0019558611345229897 0.00095109776862197925 -0.00051010826608547787 0.0001653651921610261 -0.00020264779437152762 -0.0012859158267712464 0.00084871142446649975 -0.00018865509287111068 0.0012323583115220946 0.0011981734913643286 -0.00048599066817854927 0.001169319396516966 0.0013175121167871974 -0.00035663440581577431 0.00050913042629434769 0.00085085679766971868 0.0006031915280197849 -0.0013657407295624058
leaf_weight=10767 450 446 1652 196 102 604 3928 699 310 2953 204 126 348 149 1740 2694 10122 22 2181 75 50 1037 156 1072 294 83 2041 671 708 27
leaf_count=10767 450 446 1652 196 102 604 3928 699 310 2953 204 126 348 149 1740 2694 10122 22 2181 75 50 1037 156 1072 294 83 2041 671 708 27
internal_value=-1.42807e-06 -0.000339043 0.000404019 0.000250535 0.000430776 0.00036859 0.000161149 5.01624e-05 -0.000109884 -8.43083e-05 0.000621433 -0.000111903 0.00136538 -0.000106753 -0.000392822 7.92653e-05 -0.000130004 0.00175207 0.000724579 0.00104555 -0.000640319 0.000755217 0.000486078 0.000861912 0.000760823 0.00105685 0.000612718 0.000407714 0.000230903 0.000758991
internal_weight=45907 25053 20854 14519 7635 7163 4532 6884 14236 13790 514 13276 472 4779 1889 2890 13075 370 2631 201 10817 6335 1808 4527 3490 1155 2335 2105 1407 698
internal_count=45907 25053 20854 14519 7635 7163 4532 6884 14236 13790 514 13276 472 4779 1889 2890 13075 370 2631 201 10817 6335 1808 4527 3490 1155 2335 2105 1407 698
is_linear=0
shrinkage=0.03


Tree=62
num_leaves=31
num_cat=0
split_feature=22 22 0 11 23 21 53 46 47 57 42 7 7 7 11 16 7 57 0 0 52 63 4 70 21 46 23 70 28 53
split_gain=6.57914 1.94202 0.94644 0.488585 0.458619 0.344937 0.334824 0.518421 0.562315 0.354864 0.295096 0.26855 0.590154 0.318837 0.260178 0.257562 0.277669 0.233312 0.221086 0.300179 0.214655 0.259952 0.213916 0.205154 0.370016 0.30931 0.190144 0.187963 0.162237 0.138054
threshold=0.12360952380952382 0.24312500000000001 15.000000000000002 0.32552083333333343 0.011777391023444829 0.0802055268695301 1.0690449676497273 22.575000000000006 0.71441207673492324 44.250000000000014 21.250000000000004 -1499.999999999995 -1499.2057758465926 -1500.0000000000152 0.037304166666666659 -1500.0000000000025 -1500.0000000000025 247.55000000000004 92.500000000000014 35.000000000000007 68.535714285714292 -126.04499999999997 87.500000000000014 0.012909817866233263 0.0017772872587175656 24.025000000000006 0.0007910036510309726 -0.19244445339415753 -4.7402661769579639 6.7663110343475665
decision_type=2 2 2 2 2 2 2 2 2 2 2 2 2 2 2 2 2 2 2 2 2 2 2 2 2 2 2 2 2 2
left_child=2 4 10 6 20 11 17 9 -9 -8 -1 13 -13 -6 -4 -12 -17 -3 19 -7 21 -2 -19 25 -25 -22 -18 29 -29 -5
right_child=1 3 14 27 5 18 7 8 -10 -11 15 12 -14 -15 -16 16 26 22 -20 -21 23 -23 -24 24 -26 -27 -28 28 -30 -31
leaf_value=0.0023848356167461885 -0.00013001866894740558 0.00057083131835713205 -0.00068076817418944357 0.0008498478119944112 -0.0015951760114031905 0.00023867724970969421 0.0013827878363952891 0.00015001534132812812 -0.0010880213771491786 0.0004130796257938459 -0.00057517992459694836 -0.0018188751161904986 -0.00014057700623883805 0.00017216131120235498 -0.00041755719041679343 -0.00047658283015854463 0.00081234165391943602 0.0021498899709067702 -0.00054649779566268359 0.0013383579800062399 -3.5074273240230358e-05 0.0014490401874267171 0.00062834563203311214 0.0014183337709033647 -0.00029321667137410909 0.0007346941127862024 0.00010683212405496328 0.00049907347416279979 0.0012337471825026466 0.0014988513257553689
leaf_weight=45 129 1122 8112 2562 93 634 393 2115 390 2672 637 193 7292 3634 5953 580 448 191 163 352 741 312 161 129 895 1249 1530 2517 311 352
leaf_count=45 129 1122 8112 2562 93 634 393 2115 390 2672 637 193 7292 3634 5953 580 448 191 163 352 741 312 161 129 895 1249 1530 2517 311 352
internal_value=-1.36809e-06 0.000277917 -0.000463138 0.000552863 5.54338e-05 -2.97569e-05 0.000384473 0.000277149 -4.1893e-05 0.000538806 0 -8.07304e-05 -0.00018449 0.00012684 -0.000569615 -3.52184e-05 9.82441e-05 0.000787535 0.000464674 0.000635259 0.00036101 0.000981102 0.00146621 0.00026899 -7.35012e-05 0.000446681 0.00026847 0.000758811 0.000581335 0.000929761
internal_weight=45907 28602 17305 12786 15816 12361 7044 5570 2505 3065 3240 11212 7485 3727 14065 3195 2558 1474 1149 986 3455 441 352 3014 1024 1990 1978 5742 2828 2914
internal_count=45907 28602 17305 12786 15816 12361 7044 5570 2505 3065 3240 11212 7485 3727 14065 3195 2558 1474 1149 986 3455 441 352 3014 1024 1990 1978 5742 2828 2914
is_linear=0
shrinkage=0.03


Tree=63
num_leaves=31
num_cat=0
split_feature=22 10 11 70 53 53 73 18 7 47 7 44 69 23 23 40 23 10 41 28 7 7 70 69 73 7 0 69 8 70
split_gain=6.19917 1.69173 1.09981 0.539706 0.486904 0.635215 0.594288 0.460207 0.390887 0.368788 0.327927 0.307965 0.308194 0.307639 0.285691 0.257755 0.347909 0.254448 0.246648 0.223589 0.197881 0.181174 0.17158 0.156304 0.266848 0.168134 0.152385 0.169759 0.285735 0.20569
threshold=0.1879315476190476 0.044025000000000002 0.31516875 -0.081676395330422633 7.3768273951318717 1.8752289237539841 -0.50281861372537928 0.28877083333333337 -1500.0000000000152 0.56684978726173163 -217.58308841654278 23.778571428571436 -0.43664718845046341 0.006042021903470556 0.073355265266239769 5.0003571428571449 0.0038392487317855731 0.24783749999999996 0.82412474383815815 -9.3324657189927525 -1500.0000000000066 -132.09717633687754 0.95748518835503915 -0.55601228778889811 0.24052653430960905 -597.99198473897957 15.000000000000002 0.42888796625999276 0.38314583333333335 0.31717953954346351
decision_type=2 2 2 2 2 2 2 2 2 2 2 2 2 2 2 2 2 2 2 2 2 2 2 2 2 2 2 2 2 2
left_child=1 -1 3 4 5 19 -7 11 -3 -6 15 12 -5 18 -13 20 -17 -15 -12 -2 -10 22 -4 24 -9 -25 -23 28 -28 -29
right_child=2 8 21 7 9 6 -8 23 10 -11 13 14 -14 17 -16 16 -18 -19 -20 -21 -22 26 -24 25 -26 -27 27 29 -30 -31
leaf_value=-0.00061654178035581064 0.00053666835731659853 -0.00087788983263307162 0.00054339756695443266 0.00081174634428488361 0.0030205437165203987 0.00095845161936638536 -8.894116847871175e-08 0.00050411159264885839 0.0010584793695364179 0.00089869796362807518 2.5253770459710086e-05 -0.0004637850384069652 -8.4909261069979962e-05 -0.00040984312700348814 0.0002818195092581105 0.00051733995807963279 -0.00020349800537588237 0.00071694600234355503 0.0019385422125813509 0.0011676608103947004 0.00018800485900563748 0.0011377004077824182 -0.0004859041268468291 -0.0001428799973521567 0.0020539242970590119 0.00066888065960011916 0.0010053388850471742 0.00065330370268714398 0.00022076483800823933 -0.00031926187269425057
leaf_weight=10217 2249 580 1652 507 90 669 4391 468 258 451 1736 2346 1060 4581 570 710 3907 185 62 670 2817 1037 156 505 130 413 2028 647 540 275
leaf_count=10217 2249 580 1652 507 90 669 4391 468 258 451 1736 2346 1060 4581 570 710 3907 185 62 670 2817 1037 156 505 130 413 2028 647 540 275
internal_value=-1.30467e-06 -0.000319427 0.000380726 0.000236478 0.000389961 0.000330298 0.000126215 1.79676e-05 -0.000114586 0.00126214 -8.32611e-05 -0.000134323 0.000203621 -0.000239079 -0.000316964 4.93309e-05 -9.19102e-05 -0.000365334 9.39377e-05 0.000682878 0.000262335 0.00071076 0.000452708 0.00047008 0.000848902 0.00021939 0.000813035 0.000715408 0.000841676 0.00035994
internal_weight=45907 25053 20854 14519 8520 7979 5060 5999 14836 541 14256 4483 1567 6564 2916 7692 4617 4766 1798 2919 3075 6335 1808 1516 598 918 4527 3490 2568 922
internal_count=45907 25053 20854 14519 8520 7979 5060 5999 14836 541 14256 4483 1567 6564 2916 7692 4617 4766 1798 2919 3075 6335 1808 1516 598 918 4527 3490 2568 922
is_linear=0
shrinkage=0.03


Tree=64
num_leaves=31
num_cat=0
split_feature=22 22 0 11 23 19 12 0 44 7 70 53 7 7 64 26 17 23 11 29 33 70 7 47 53 6 70 28 6 6
split_gain=5.8602 1.71579 0.842147 0.433824 0.423832 0.353434 0.338486 0.298668 0.291173 0.280918 0.441622 0.311461 0.278779 0.272322 0.257098 0.245768 0.243103 0.262451 0.229124 0.206523 0.166728 0.164619 0.147947 0.142245 0.185268 0.190415 0.154503 0.138148 0.129168 0.211843
threshold=0.12360952380952382 0.24312500000000001 15.000000000000002 0.33670833333333333 0.0080493975986148398 0.0022191819327328382 0.33589583333333339 15.000000000000002 21.421428571428574 -27.844611059962542 -0.63872576220844923 8.8735004802693531 -1500.0000000000152 -1500.0000000000066 474.50000000000006 -5.9215473940455592 -1500.0000000000025 0.0007910036510309726 0.037304166666666659 93.134989317082997 0.74833147735478878 -0.19244445339415753 -1500.0000000000025 0.46716352409162759 2.2774576147127323 -22.269755271383193 0.82873938879806197 -4.7402661769579639 -787.86339191191598 -654.75564364687773
decision_type=2 2 2 2 2 2 2 2 2 2 2 2 2 2 2 2 2 2 2 2 2 2 2 2 2 2 2 2 2 2
left_child=2 4 8 5 23 14 7 -7 -1 12 11 -11 -6 -14 19 -12 -10 20 -4 -3 -18 -5 -19 24 26 -26 -2 -23 -20 -30
right_child=1 3 18 21 9 6 -8 -9 16 10 15 -13 13 -15 -16 -17 17 22 28 -21 -22 27 -24 -25 25 -27 -28 -29 29 -31
leaf_value=0.0024228202788243915 0.00074050326211785563 0.00074056849414977225 -0.00064183511876468829 0.00089520492170242503 -0.0015248549467329175 -0.0002346549181804585 0.000893472803042741 0.00029991010856351979 -0.00055043453913726774 0.00011322916239485342 -0.00043545823653889037 0.0031981458054855462 0.00072113129572694279 6.726601141291532e-05 -6.9173165803598319e-05 0.0020447583971739125 0.00098011134102922708 -0.00047145923407013537 -0.00054414640869483786 0.0020710348671889338 -0.00057736602877401968 0.00046698600126246059 0.00010341788579441231 0.00074441160148435099 0.00033943873275021523 -0.00075820800841842624 -0.00040450552195280546 0.0011550823577929912 9.5128049614110469e-05 -0.00042974484368930551
leaf_weight=43 635 1819 8112 2718 93 1299 628 3362 654 2006 3106 29 620 7746 336 35 397 544 2797 114 70 2203 1532 856 305 262 123 307 1008 2148
leaf_count=43 635 1819 8112 2718 93 1299 628 3362 654 2006 3106 29 620 7746 336 35 397 544 2797 114 70 2203 1532 856 305 262 123 307 1008 2148
internal_value=-1.23201e-06 0.000262348 -0.000437046 0.000520787 5.32121e-05 0.000374551 0.000239233 0.000150267 -7.55535e-08 -8.69508e-06 -0.000182956 0.000160214 9.75882e-05 0.000116163 0.000688411 -0.000406225 -3.43493e-05 9.73607e-05 -0.000537485 0.000821615 0.000739511 0.00073151 -4.59344e-05 0.00044144 0.000243032 -0.000162923 0.000550463 0.000552769 -0.000394703 -0.000261178
internal_weight=45907 28602 17305 12786 15816 7558 5289 4661 3240 13635 5176 2035 8459 8366 2269 3141 3197 2543 14065 1933 467 5228 2076 2181 1325 567 758 2510 5953 3156
internal_count=45907 28602 17305 12786 15816 7558 5289 4661 3240 13635 5176 2035 8459 8366 2269 3141 3197 2543 14065 1933 467 5228 2076 2181 1325 567 758 2510 5953 3156
is_linear=0
shrinkage=0.03


Tree=65
num_leaves=31
num_cat=0
split_feature=22 8 10 65 22 44 35 61 69 17 46 10 69 40 57 11 17 35 44 0 69 8 22 40 46 10 66 23 49 34
split_gain=5.59111 1.24764 1.08155 0.501838 0.369626 0.323352 0.28366 0.439993 0.282158 0.411157 0.342874 0.331022 0.318078 0.272827 0.260291 0.292791 0.255872 0.235871 0.267589 0.230501 0.284242 0.277883 0.226068 0.317302 0.225993 0.219662 0.305394 0.21671 0.207293 0.195501
threshold=0.15707589285714288 0.32131250000000006 0.044025000000000002 -0.0043333333333333271 0.23654847308488611 16.93571428571429 1.6043638895277677 -32.774999999999984 0.38168568572378603 -10.377641501591908 24.603571428571435 0.2394375 -0.65189295912203338 4.0382142857142869 75.950000000000031 0.088347916666666665 -12.847776424082165 6.0994617700882658 24.364285714285721 15.000000000000002 0.45972848220565493 0.38314583333333335 0.37556458333333337 2.9746428571428578 19.475000000000005 0.095562499999999953 -0.00070833333333330725 0.012414198246404277 0.57735026918955568 1.8285714285714292
decision_type=2 2 2 2 2 2 2 2 2 2 2 2 2 2 2 2 2 2 2 2 2 2 2 2 2 2 2 2 2 2
left_child=2 3 -1 5 25 -2 7 -6 10 14 13 12 -12 28 15 -10 -8 -7 -19 -3 21 -21 24 -24 -22 26 -5 -27 -4 -23
right_child=1 19 8 4 6 17 16 -9 9 -11 11 -13 -14 -15 -16 -17 -18 18 -20 20 22 29 23 -25 -26 27 -28 -29 -30 -31
leaf_value=-0.00058090949607423042 0.0010173490828427278 0.0011106905665222307 0.00058720154834466685 0.00020321737343093695 0.00020756455000464275 -2.7508123722957191e-05 0.00063343150981224478 0.0010135924199056487 -0.00027320521549756375 -0.0012242328658224823 -0.00087672778300803254 0.0018023482257206187 -0.00029040379415123333 0.00101328108587922 0.0004003781768754499 0.00020921200013812997 7.6789986906914751e-05 -9.6455676288239206e-05 -0.001106556352347531 0.00090549779764740441 -0.00052033238035596382 -0.00048987879591322564 -0.001313081195283877 0.0010414427869314808 0.00035864319191991959 0.00038153584344109102 0.0020438335780672786 1.3317612790108683e-05 -0.0004681748142511103 0.00053519504394984379
leaf_weight=10268 226 941 247 234 1031 3528 1137 1531 2764 244 1277 56 2467 254 1327 1911 2187 528 437 2615 425 214 56 464 687 1919 127 5811 509 724
leaf_count=10268 226 941 247 234 1031 3528 1137 1531 2764 244 1277 56 2467 254 1327 1911 2187 528 437 2615 425 214 56 464 687 1919 127 5811 509 724
internal_value=-2.7859e-06 0.000303212 -0.000359118 0.000181226 0.000271585 -8.57701e-05 0.000452674 0.000690609 -0.000152829 -1.93107e-05 -0.000325545 -0.000456312 -0.000491368 0.000163446 2.93692e-05 -7.53634e-05 0.000268229 -0.000142139 -0.000557657 0.000674923 0.000595061 0.000746054 0.000264244 0.000780087 1.98427e-05 0.000139436 0.000862892 0.000105155 -0.000119079 0.000297862
internal_weight=46146 24822 21324 18696 13977 4719 5886 2562 11056 6246 4810 3800 3744 1010 6002 4675 3324 4493 965 6126 5185 3553 1632 520 1112 8091 361 7730 756 938
internal_count=46146 24822 21324 18696 13977 4719 5886 2562 11056 6246 4810 3800 3744 1010 6002 4675 3324 4493 965 6126 5185 3553 1632 520 1112 8091 361 7730 756 938
is_linear=0
shrinkage=0.03


Tree=66
num_leaves=31
num_cat=0
split_feature=8 11 8 70 47 46 7 17 42 70 63 0 21 5 20 16 16 7 7 39 5 0 47 45 70 64 66 6 23 0
split_gain=5.19198 1.52291 0.833317 0.50385 0.515144 0.456848 0.564909 0.366429 0.394359 0.353858 0.466061 0.319862 0.332696 0.267956 0.244919 0.235163 0.262523 0.261973 0.308415 0.393257 0.223874 0.216776 0.196968 0.17043 0.168899 0.16545 0.171368 0.139714 0.130119 0.124564
threshold=0.19565833333333332 0.058420833333333304 0.32131250000000006 -0.47495107206705001 0.71441207673492324 24.860714285714291 -1499.999999999998 -16.23595605395256 25.416666666666668 -0.97502841500522164 9.7600000000000104 57.500000000000007 0.0802055268695301 -9.8687210722409073 0.29263783643892344 -1500.0000000000016 -1500.0000000000066 -1500.0000000000152 -24.58305435776278 1.0000000180025095e-35 -530.89761306510206 15.000000000000002 0.24326081512613384 0.11338934190277826 0.13300977955191609 395.50000000000006 -0.00020833333333328954 -777.20254331174272 0.0067259823717254657 15.000000000000002
decision_type=2 2 2 2 2 2 2 2 2 2 2 2 2 2 2 2 2 2 2 2 2 2 2 2 2 2 2 2 2 2
left_child=1 -1 3 4 9 27 -7 11 13 10 -2 12 -5 -9 -13 16 25 -17 19 -19 -11 23 -20 -4 -23 26 -3 -6 -26 -10
right_child=2 15 21 7 5 6 -8 8 29 20 -12 14 -14 -15 -16 17 -18 18 22 -21 -22 24 -24 -25 28 -27 -28 -29 -30 -31
leaf_value=-0.00054357569253694828 0.0008434655557204118 -0.00074486076509006386 1.2135732294915261e-06 0.00028613104840768787 -0.00036814893288910386 0.00058573644814778635 -0.0015061996175948042 -0.00031320530817067756 -0.0013628815975429312 0.0026901311167300897 -0.00030488317444070368 -0.00028087980757125259 0.0011485404439832768 0.00027522764468025337 0.00078549764937249427 -0.00081741458908850175 -0.00085616950301808904 -0.00032224645142753835 0.00014425815639418141 0.00017604096163747137 0.0006843075661461059 0.00071214644822900088 -0.00035627311602820039 0.0012323601271806818 0.0008829367901078824 0.00063614221288217881 0.00016186353946843246 0.00078526037173123973 0.00023899930027351378 -0.00030055680378996341
leaf_weight=11235 519 385 121 2502 124 172 344 1477 291 51 814 1237 484 1314 228 378 708 1766 914 7324 3647 3216 3016 820 349 215 356 355 1620 164
leaf_count=11235 519 385 121 2502 124 172 344 1477 291 51 814 1237 484 1314 228 378 708 1766 914 7324 3647 3216 3016 820 349 215 356 355 1620 164
internal_value=-2.68263e-06 -0.000279206 0.000363514 0.000233272 0.000438791 -0.000182502 -0.000803301 7.19449e-05 -0.000169863 0.000562274 0.000140272 0.000248962 0.000427261 -3.50978e-05 -0.000112449 -8.17857e-05 -0.000418227 -3.97484e-05 -1.68796e-05 7.88792e-05 0.000713501 0.000654698 -0.000239094 0.00107741 0.000577212 -9.0203e-05 -0.000305567 0.000480279 0.000355049 -0.000988055
internal_weight=46146 26297 19849 13723 6026 995 516 7697 3246 5031 1333 4451 2986 2791 1465 15062 1664 13398 13020 9090 3698 6126 3930 941 5185 956 741 479 1969 455
internal_count=46146 26297 19849 13723 6026 995 516 7697 3246 5031 1333 4451 2986 2791 1465 15062 1664 13398 13020 9090 3698 6126 3930 941 5185 956 741 479 1969 455
is_linear=0
shrinkage=0.03


Tree=67
num_leaves=31
num_cat=0
split_feature=22 8 22 70 35 70 23 46 69 73 35 8 6 69 17 46 39 41 64 53 39 7 69 69 0 69 8 70 7 22
split_gain=4.9745 1.10033 0.953352 0.477699 0.804013 0.407988 0.406388 0.457189 0.593942 0.384685 0.361737 0.329116 0.28379 0.261134 0.32787 0.320672 0.279875 0.255951 0.227584 0.227419 0.223558 0.212864 0.211106 0.206901 0.203914 0.266948 0.261938 0.223577 0.323151 0.195066
threshold=0.15707589285714288 0.32131250000000006 0.062761607142857126 -0.47495107206705001 0.80255393175562395 -0.97502841500522164 0.073355265266239769 23.767857142857149 -0.45206801762443477 -0.16089480940477682 7.0048060424474139 0.17034583333333334 -815.48085067428258 0.38168568572378603 -10.377641501591908 24.603571428571435 1.0000000180025095e-35 0.73371776453514437 34.500000000000007 8.8735004802693531 0.03741657386777638 -1500.0000000000025 -0.66484924122790601 0.75548631800528554 15.000000000000002 0.45972848220565493 0.38314583333333335 0.1500498401600889 -13.175498850626445 0.13421741071428572
decision_type=2 2 2 2 2 2 2 2 2 2 2 2 2 2 2 2 2 2 2 2 2 2 2 2 2 2 2 2 2 2
left_child=2 3 -1 4 12 9 7 8 -5 -6 -9 -7 -2 15 16 17 -15 18 -4 20 -8 -18 -17 -14 -3 26 -26 28 -27 -24
right_child=1 24 13 6 5 11 19 10 -10 -11 -12 -13 23 14 -16 22 21 -19 -20 -21 -22 -23 29 -25 25 27 -28 -29 -30 -31
leaf_value=-0.00053087455754477128 -0.00049114046935919446 0.0010452178931133458 -0.00028736600615423934 0.00074388033997653275 0.00068113823671020132 -0.00024122499817884403 0.00023671291668235197 -0.00014525757194492524 -8.7652663740321257e-05 -0.00041927806078472581 -0.00096172200481026344 0.00043832737624129671 0.0011313941783628377 -0.0003359928741599891 -0.0012812861676428056 -0.00074988816940750765 -0.00017933655528897462 0.0012096187467194681 0.00099540759066996348 -0.0013645179083525034 0.00092352257231359156 0.00030107721971538891 -0.00040867767323242297 0 0.00086103001120836219 0.00018002889139717444 0.00027109430242607294 -0.00021445263094700399 0.0013827162539428075 0.00024052607024955175
leaf_weight=11123 117 941 662 1222 355 754 1202 4539 2087 1427 549 4089 1458 1291 171 1225 1135 177 152 60 676 3023 1833 161 2615 749 938 605 278 532
leaf_count=11123 117 941 662 1222 355 754 1202 4539 2087 1427 549 4089 1458 1291 171 1225 1135 177 152 60 676 3023 1833 161 2615 749 938 605 278 532
internal_value=-2.58773e-06 0.00028604 -0.000338701 0.000171468 0.000340091 0.000188861 3.47412e-05 -5.5331e-05 0.000218655 -0.000198118 -0.000234116 0.000331882 0.000915057 -0.000128832 7.69386e-06 -0.000296943 4.89226e-05 0.000178514 -4.32225e-05 0.000426382 0.000485892 0.000169207 -0.000429039 0.00101877 0.000635131 0.000559941 0.00070625 0.000239339 0.000509533 -0.000261333
internal_weight=46146 24822 21324 18696 8361 6625 10335 8397 3309 1782 5088 4843 1736 10201 5620 4581 5449 991 814 1938 1878 4158 3590 1619 6126 5185 3553 1632 1027 2365
internal_count=46146 24822 21324 18696 8361 6625 10335 8397 3309 1782 5088 4843 1736 10201 5620 4581 5449 991 814 1938 1878 4158 3590 1619 6126 5185 3553 1632 1027 2365
is_linear=0
shrinkage=0.03


Tree=68
num_leaves=31
num_cat=0
split_feature=22 22 0 8 53 46 47 65 46 70 3 69 21 69 70 16 7 18 24 0 69 8 70 7 12 40 45 69 28 46
split_gain=4.68602 1.32985 0.705811 0.320763 0.500179 0.345019 0.519711 0.310679 0.246556 0.236741 0.250278 0.310219 0.308535 0.224483 0.213269 0.209928 0.212909 0.206972 0.205694 0.200715 0.259644 0.263379 0.223138 0.196062 0.190679 0.169824 0.161545 0.155675 0.327782 0.283055
threshold=0.12258333333333331 0.24312500000000001 15.000000000000002 0.32131250000000006 1.0377490433255463 22.575000000000006 0.73364961544443241 -0.0027500000000000992 20.38928571428572 -0.45973273945210419 22.250000000000004 -0.57023701209772126 0.08845226656646131 0.38168568572378603 -0.9574497222574998 -1500.0000000000025 -1500.0000000000025 0.17075763888888887 -8.9306904507188865 15.000000000000002 0.45972848220565493 0.38314583333333335 0.1500498401600889 -1500.0000000000066 0.071835416666666665 6.3589285714285726 0.11338934190277826 0.38168568572378603 -12.949990467367391 28.200000000000006
decision_type=2 2 2 2 2 2 2 2 2 2 2 2 2 2 2 2 2 2 2 2 2 2 2 2 2 2 2 2 2 2
left_child=2 7 8 4 18 13 -7 -2 -1 14 11 -11 -12 -6 23 -10 -17 -16 -3 26 21 -21 -22 -9 -18 27 -5 -4 29 -29
right_child=1 3 25 19 5 6 -8 9 15 10 12 -13 -14 -15 17 16 24 -19 -20 20 22 -23 -24 -25 -26 -27 -28 28 -30 -31
leaf_value=0.0027175778016448019 -0.00017390800466988781 0.00064828512267016501 -0.00047760500021730093 0 0.00063328841620419944 0.00010577740373610751 -0.0011336707902345475 0.00073635000771977706 -0.0005341164559538534 0.0011555780667524579 -0.00012882916254345584 7.2893159934607213e-06 0.00056226430899432257 9.4373405797113983e-05 0.00010263636924014833 -0.0004060117247266305 0.0007126327275484098 0.00057262853712653937 0.0016027220492896711 0.00084682968607525152 0.00049037879371657074 0.00025146691387289407 -0.00025031301817786313 -0.00023752131028111157 5.8642416884286076e-05 -0.00059345469183136595 0.0011772595518588355 0.00036267643842716711 -0.00075506931466239101 -0.00046815222378438528
leaf_weight=29 4208 1130 4855 116 1734 2327 349 227 572 364 5447 517 649 1186 1353 570 571 2318 256 2530 998 932 571 1000 1385 6935 811 1004 621 581
leaf_count=29 4208 1130 4855 116 1734 2327 349 227 572 364 5447 517 649 1186 1353 570 571 2318 256 2530 998 932 571 1000 1385 6935 811 1004 621 581
internal_value=-2.50642e-06 0.000229633 -0.000396142 0.000456043 0.000317106 0.000189966 -5.51121e-05 4.72655e-05 1.04061e-05 0.000125901 1.3209e-05 0.000485898 -5.46809e-05 0.000415535 0.000285778 -1.48361e-05 0.00010173 0.000400298 0.000827765 0.000618274 0.000542062 0.000687538 0.000218923 -5.44552e-05 0.000251356 -0.000487182 0.00102763 -0.000382311 -0.000171105 5.61319e-05
internal_weight=46146 29023 17123 12940 6982 5596 2676 16083 3127 11875 6977 881 6096 2920 4898 3098 2526 3671 1386 5958 5031 3462 1569 1227 1956 13996 927 7061 2206 1585
internal_count=46146 29023 17123 12940 6982 5596 2676 16083 3127 11875 6977 881 6096 2920 4898 3098 2526 3671 1386 5958 5031 3462 1569 1227 1956 13996 927 7061 2206 1585
is_linear=0
shrinkage=0.03


Tree=69
num_leaves=31
num_cat=0
split_feature=12 20 70 31 53 41 21 60 46 69 69 11 70 7 66 53 52 7 69 24 46 70 11 44 52 53 17 12 26 62
split_gain=4.33649 1.38138 0.60645 0.540427 0.481962 0.522914 0.468812 0.311798 0.307423 0.522128 0.426734 0.288419 0.273641 0.270124 0.266932 0.240502 0.224386 0.192648 0.282725 0.44607 0.305168 0.263825 0.231603 0.185097 0.272873 0.178831 0.175022 0.171386 0.160164 0.125769
threshold=0.084569444444444405 0.29263783643892344 0.012909817866233263 0.70237691685798354 7.1897362741834243 0.71400203150888597 0.08845226656646131 70.005000000000024 23.767857142857149 -0.45206801762443477 -0.7610972106345526 0.037304166666666659 -0.96227343267549392 -11.582534715122824 -0.13017083333333332 10.464618559850708 44.250000000000007 -132.09717633687754 -0.2760944163666606 -748.92412299156376 19.267857142857146 0.63207999751838673 0.40935897435897445 26.492857142857151 69.464285714285737 0.51887452166277648 -980.40317471717765 0.34567500000000001 -4.8076847713732356 -59.984999999999992
decision_type=2 2 2 2 2 2 2 2 2 2 2 2 2 2 2 2 2 2 2 2 2 2 2 2 2 2 2 2 2 2
left_child=11 2 3 7 5 -5 8 12 9 -4 -10 -1 -2 -6 16 29 -8 18 19 25 22 -22 -20 24 -19 -3 -16 -25 -26 -13
right_child=1 17 6 4 13 -7 14 -9 10 -11 -12 15 -14 -15 26 -17 -18 23 20 -21 21 -23 -24 27 28 -27 -28 -29 -30 -31
leaf_value=-0.00054803058509804848 7.7105344390005203e-05 0.000682159326589317 0.00083726766690783456 5.8546268939792601e-05 0.00054351758617938648 -0.00068135928792417569 -0.00056757953557215869 -5.1532506683692392e-05 -0.00064346260994170351 -0.00016976256052420849 -0.00011577095983827636 -0.00042163827396587782 0.00054054099307435837 0.0024799358466756527 0.0011563859417604567 0.00061849190944894875 0.00092428762017777056 0.0014242375742440565 -0.00071654200409009884 0.0014820989307117352 0.00062411978073522118 -0.00031519213506151801 0.0021762351909509073 0.00041200797111793822 0.000534596040145644 -0.00082151881057643554 -7.3382232227160106e-05 -0.0020774004984820305 0.0010680404664848795 -0.00014321989429265174
leaf_weight=8127 1471 139 679 3391 391 1148 278 1363 1905 1445 5067 3898 5471 79 495 255 133 392 439 394 907 377 25 55 4524 143 126 42 587 2400
leaf_count=8127 1471 139 679 3391 391 1148 278 1363 1905 1445 5067 3898 5471 79 495 255 133 392 439 394 907 377 25 55 4524 143 126 42 587 2400
internal_value=-2.41017e-06 0.000196163 7.97106e-05 0.000212858 -3.27024e-05 -0.000128038 -9.50295e-05 0.000361311 -0.000164043 0.000150995 -0.000260457 -0.000428234 0.000442797 0.000879944 0.00050992 -0.000279143 -7.64567e-05 0.000535953 0.000309895 0.000831067 0.000106267 0.00034596 -0.000549885 0.000633195 0.000656392 -6.9952e-05 0.000902328 -0.000645467 0.000596646 -0.000316056
internal_weight=46146 31466 23442 13314 5009 4539 10128 8305 9096 2124 6972 14680 6942 470 1032 6553 411 8024 2424 676 1748 1284 464 5600 5503 282 621 97 5111 6298
internal_count=46146 31466 23442 13314 5009 4539 10128 8305 9096 2124 6972 14680 6942 470 1032 6553 411 8024 2424 676 1748 1284 464 5600 5503 282 621 97 5111 6298
is_linear=0
shrinkage=0.03


Tree=70
num_leaves=31
num_cat=0
split_feature=8 11 12 19 0 19 17 8 65 39 16 19 21 11 39 8 47 46 5 0 70 5 62 51 10 46 70 7 38 9
split_gain=4.40888 1.18501 0.642374 0.457564 0.312763 0.408049 0.325454 0.284746 0.247284 0.231234 0.278387 0.268248 0.220623 0.212205 0.211305 0.183414 0.180933 0.288803 0.177485 0.163344 0.157833 0.155975 0.153315 0.150276 0.149765 0.138909 0.135989 0.135382 0.116391 0.189532
threshold=0.19565833333333332 0.058420833333333304 0.32118750000000001 0.0047895469342057869 92.500000000000014 1.9245008972966257e-05 -12.847776424082165 0.33593750000000006 -0.0020416666666666981 1.0000000180025095e-35 -9.8387197592199733 0.086085330762294882 0.065206454351340357 0.19873125000000003 4.8991017055294459e-09 0.086543749999999961 0.2567762955065504 24.253571428571437 -1500.0000000000016 15.000000000000002 -0.52705818521824699 -16.137042104057283 -46.584999999999987 1.9880595947761732 0.15293749999999998 16.382142857142863 -0.76107606668641947 -12.144571559833576 2.8292857142857151 0.38818750000000007
decision_type=2 2 2 2 2 2 2 2 2 2 2 2 2 2 2 2 2 2 2 2 2 2 2 2 2 2 2 2 2 2
left_child=1 24 3 4 5 12 -7 16 21 10 15 18 -2 -6 -15 -10 20 -18 -11 -4 -5 22 -3 -23 -1 27 -24 -21 29 -27
right_child=2 8 19 7 13 6 -8 -9 9 11 -12 -13 -14 14 -16 -17 17 -19 -20 25 -22 23 26 -25 -26 28 -28 -29 -30 -31
leaf_value=-0.0004968243786862991 0.00076093815004464279 -0.00043127890479413393 0.00089503785380189421 0.0007966907970054179 -0.00049643956867373126 0.00062045598024076433 3.0876001444378566e-05 0.00062704364851668792 -6.6837922196707057e-05 -0.00030415075586263262 0.0013619026248839069 0.00093182122557944574 0.0016946775111845484 0.00073418782071187386 -0.00037721294402780117 -0.00064891917118529985 0.0001543363748711803 -0.00026567386014195101 7.0396582766949682e-05 -0.0010063691476926856 9.6531084488016777e-05 -7.5968903116058705e-05 -0.00049385064492692306 -0.00090905195078845287 0.00029649501086743632 0.00040062799091252047 0.00027086967198186043 0.0013330881281242047 0.00051214044615471995 -0.0013382491697443695
leaf_weight=11079 1244 1058 1397 453 482 1830 1582 780 936 1317 85 298 289 423 237 1045 3067 2828 8323 22 835 296 279 621 213 177 816 277 3826 81
leaf_count=11079 1244 1058 1397 453 482 1830 1582 780 936 1317 85 298 289 423 237 1045 3067 2828 8323 22 835 296 279 621 213 177 816 277 3826 81
internal_value=4.93908e-06 -0.00024916 0.000342937 0.000233046 0.000428958 0.0005323 0.000348061 8.28769e-05 -7.4842e-05 -1.31235e-05 -0.000302019 4.66571e-05 0.000939912 -1.59767e-05 0.000330588 -0.000375578 2.32893e-05 -4.66566e-05 1.88892e-05 0.000609454 0.000345537 -0.000315107 -0.000173492 -0.000643783 -0.000481569 0.000517561 7.30131e-05 0.00114817 0.000470388 -0.000136775
internal_weight=46196 26366 19830 14050 6087 4945 3412 7963 15074 12004 2066 9938 1533 1142 660 1981 7183 5895 9640 5780 1288 3070 2153 917 11292 4383 1095 299 4084 258
internal_count=46196 26366 19830 14050 6087 4945 3412 7963 15074 12004 2066 9938 1533 1142 660 1981 7183 5895 9640 5780 1288 3070 2153 917 11292 4383 1095 299 4084 258
is_linear=0
shrinkage=0.03


Tree=71
num_leaves=31
num_cat=0
split_feature=8 11 12 19 0 19 17 8 65 39 70 7 17 11 39 17 0 69 73 19 0 69 70 0 7 69 63 5 69 62
split_gain=4.149 1.11481 0.604271 0.430519 0.294447 0.38393 0.306163 0.267909 0.232791 0.218105 0.279859 0.223621 0.224392 0.199623 0.198917 0.190725 0.168167 0.359538 0.199943 0.160229 0.153589 0.254726 0.353971 0.326184 0.274251 0.165126 0.157768 0.147341 0.188225 0.193613
threshold=0.19565833333333332 0.058420833333333304 0.32118750000000001 0.0047895469342057869 92.500000000000014 1.9245008972966257e-05 -12.847776424082165 0.33593750000000006 -0.0020416666666666981 0.11224972160328923 -0.70862667826445969 -24.58305435776278 -1500.0000000000016 0.19873125000000003 4.8991017055294459e-09 -243.22021177657021 15.000000000000002 0.4749466738948262 0.18500512719901699 0.0097709591911443131 15.000000000000002 -0.12447811117596669 0.081673369964559248 27.500000000000004 -12.036916712047709 0.21772121422198085 -200.78999999999996 -16.87544690682407 0.64534213713577271 -47.169999999999987
decision_type=2 2 2 2 2 2 2 2 2 2 2 2 2 2 2 2 2 2 2 2 2 2 2 2 2 2 2 2 2 2
left_child=1 -1 3 4 5 15 -7 16 27 10 -10 12 -11 -6 -15 -2 17 -5 -18 -12 25 23 24 -22 -23 -4 -24 28 -3 -30
right_child=2 8 20 7 13 6 -8 -9 9 11 19 -13 -14 14 -16 -17 18 -19 -20 -21 21 22 26 -25 -26 -27 -28 -29 29 -31
leaf_value=-0.00046711497381602909 0.00052291956533913916 -0.00039212188519044758 0.00064215881983123175 -0.00034710687055876859 -0.00048157721959482536 0.00060185246478763107 2.9950306899460245e-05 0.00060825642810542464 0.00045759463566757345 -0.00025114964124771339 -0.00047201740335490951 -0.00018021479146347074 0.0002488146182199843 0.00071221413748388037 -0.00036594411327494817 0.0012093221976760351 2.802400625665609e-05 0.00044524308234162159 0.00051242890896997036 -3.4231321766854356e-05 0.0011405936165194302 0.00025934152650005065 0.0011858117293133703 0.00036638022627086682 0.0011050388896154521 0.0013602546650522932 -0.00030246355026461327 -0.00060880838125968188 -0.00022747934173787673 0.00069103771708914938
leaf_weight=11292 670 1259 963 2153 482 1830 1582 780 495 955 1997 2270 5055 423 237 863 3357 674 999 1232 991 958 68 1000 551 434 815 986 448 377
leaf_count=11292 670 1259 963 2153 482 1830 1582 780 495 955 1997 2270 5055 423 237 863 3357 674 999 1232 991 958 68 1000 551 434 815 986 448 377
internal_value=4.80173e-06 -0.000241693 0.000332688 0.000226096 0.000416133 0.000516404 0.000337651 8.04185e-05 -7.26093e-05 -1.2719e-05 -0.000203579 7.27738e-05 0.000168842 -1.55011e-05 0.000320551 0.000911821 2.26064e-05 -0.000157047 0.000139898 -0.000305975 0.00059119 0.000502034 0.000291141 0.000753622 0.000570656 0.000868206 -0.000183246 -0.000305729 -0.000160671 0.000188952
internal_weight=46196 26366 19830 14050 6087 4945 3412 7963 15074 12004 3724 8280 6010 1142 660 1533 7183 2827 4356 3229 5780 4383 2392 1991 1509 1397 883 3070 2084 825
internal_count=46196 26366 19830 14050 6087 4945 3412 7963 15074 12004 3724 8280 6010 1142 660 1533 7183 2827 4356 3229 5780 4383 2392 1991 1509 1397 883 3070 2084 825
is_linear=0
shrinkage=0.03


Tree=72
num_leaves=31
num_cat=0
split_feature=8 22 11 65 53 70 38 7 7 65 39 16 19 46 35 7 8 40 5 70 49 41 0 23 62 70 53 35 7 23
split_gain=3.9049 1.05767 0.562448 0.388663 0.360081 0.324008 0.300545 0.267317 0.228481 0.210195 0.275554 0.259266 0.237934 0.190213 0.197534 0.176021 0.170004 0.161859 0.153823 0.142505 0.139357 0.13826 0.137281 0.182208 0.134283 0.129125 0.128969 0.16136 0.17203 0.111198
threshold=0.19565833333333332 0.063566517857142804 0.3291041666666667 -0.0064166666666666183 7.6832914192396489 -0.47495107206705001 3.4035714285714294 -787.58573514437728 -22.913363768668638 -0.0020416666666666981 1.0000000180025095e-35 -9.8387197592199733 0.086085330762294882 17.132142857142863 6.2613172244335571 -25.008939436248365 0.086543749999999961 3.8321428571428577 -16.137042104057283 0.13300977955191609 0.5773502691896284 0.58581585825259075 15.000000000000002 0.0074843737860730035 -46.584999999999987 -0.76107606668641947 6.7663110343475665 0.31796053387003859 -8.4868267591966795 0.023315848304339602
decision_type=2 2 2 2 2 2 2 2 2 2 2 2 2 2 2 2 2 2 2 2 2 2 2 2 2 2 2 2 2 2
left_child=1 22 3 13 5 6 -5 -6 -7 18 11 16 15 29 -15 -12 -11 -16 24 26 -20 -9 23 -1 -3 -26 27 -4 -29 -2
right_child=2 9 19 4 7 8 -8 21 -10 10 12 -13 -14 14 17 -17 -18 -19 20 -21 -22 -23 -24 -25 25 -27 -28 28 -30 -31
leaf_value=0.00051048636240758809 9.9397934750724534e-05 -0.00038792200421303277 0.00092804543819637964 0.00016332598606089252 0.00014278557245109511 0.00025627402995487091 0.00066254626319980133 0.0019793719662360024 -0.00013501624120079933 -9.5987359076656634e-05 0.00011317666953475938 0.0013158639759181397 0.00084901750834935055 1.3185671324604471e-05 -0.00086669162243491887 -0.00017768291425731701 -0.00062067031386622395 0.00011055867551691284 6.3931850904717719e-06 0.00037477913634205684 -0.00082791454288117633 0.000937440554302659 -0.00047568410518091252 -0.00064271015919727321 -0.00047124473667401964 0.00027157410954629707 0.0011775872127328237 0.00027578542612501317 0.00089868412982152198 0.0017319122119936058
leaf_weight=295 78 1079 1056 1946 341 3402 2511 157 2207 1103 6638 84 331 2460 478 2603 1153 216 234 1946 691 542 10839 210 280 826 457 1377 576 80
leaf_count=295 78 1079 1056 1946 341 3402 2511 157 2207 1103 6638 84 331 2460 478 2603 1153 216 234 1946 691 542 10839 210 280 826 457 1377 576 80
internal_value=4.67457e-06 -0.000234457 0.000322771 0.000224519 0.000309616 0.000254226 0.000445337 0.000842078 0.00010178 -6.90945e-05 -1.14839e-05 -0.000303449 5.96017e-05 -5.99356e-05 -0.000111792 3.09125e-05 -0.000365629 -0.000558495 -0.000288717 0.000583881 -0.000613839 0.00117824 -0.000453144 2.4688e-05 -0.000149489 8.05529e-05 0.000700275 0.000626418 0.000461399 0.000950549
internal_weight=46196 26366 19830 14418 11106 10066 4457 1040 5609 15022 11912 2340 9572 3312 3154 9241 2256 694 3110 5412 925 699 11344 505 2185 1106 3466 3009 1953 158
internal_count=46196 26366 19830 14418 11106 10066 4457 1040 5609 15022 11912 2340 9572 3312 3154 9241 2256 694 3110 5412 925 699 11344 505 2185 1106 3466 3009 1953 158
is_linear=0
shrinkage=0.03


Tree=73
num_leaves=31
num_cat=0
split_feature=8 22 12 19 18 70 29 21 73 33 10 65 39 16 19 23 21 7 8 24 69 62 47 46 64 69 43 70 7 69
split_gain=3.6751 0.995126 0.545612 0.390571 0.265657 0.260998 0.245663 0.223341 0.231974 0.222253 0.216099 0.197796 0.259263 0.244155 0.223909 0.19283 0.228133 0.165627 0.159895 0.142441 0.183203 0.171296 0.169511 0.133191 0.125306 0.122908 0.118461 0.126665 0.112729 0.128246
threshold=0.19565833333333332 0.063566517857142804 0.32118750000000001 0.0047895469342057869 0.3090972222222223 0.16704543776228128 85.040469442652764 0.08845226656646131 0.029467338006397895 0.10690449676646933 0.084706249999999969 -0.0020416666666666981 1.0000000180025095e-35 -9.8387197592199733 0.086085330762294882 0.010380596304903889 0.035340617708603375 -25.008939436248365 0.086543749999999961 -16.164307876231209 0.64534213713577271 -47.169999999999987 0.71441207673492324 19.653571428571432 270.50000000000006 0.30081702196488996 0.20000000000004961 0.34157076916785584 -3.3861430242529615 0.42888796625999276
decision_type=2 2 2 2 2 2 2 2 2 2 2 2 2 2 2 2 2 2 2 2 2 2 2 2 2 2 2 2 2 2
left_child=1 24 3 5 15 6 9 8 -7 -2 -9 19 13 18 17 -5 -17 -14 -13 20 22 -22 -3 25 -1 -6 -21 -28 29 -4
right_child=2 11 28 4 23 7 -8 10 -10 -11 -12 12 14 -15 -16 16 -18 -19 -20 26 21 -23 -24 -25 -26 -27 27 -29 -30 -31
leaf_value=-0.00031769948297031295 0.00078699740829630182 -0.00018857491635675876 0.00063155872171759481 0.0003853208299499996 0.00055238461852460713 -0.00014382638841868738 0.0015502605977369688 -0.0010871967686848206 0.00062715232065292897 0.00030159108123156263 0.0015339073658326824 -9.3110346535191311e-05 0.00010978188136571014 0.0012768524806955931 0.00082362370930699042 -0.00018238128836079752 0.00023788851641918745 -0.00017235447355432693 -0.00060206634016366357 -0.00014579283188928714 -0.00019140291442400868 0.00063898356722659499 -0.0010236642344977314 0.00068052905044424582 -0.00052307490592430454 -0.00064289009230954924 -0.0011379565936968784 -0.00012783595946015474 0.0012527271955590029 0.0003184249834862841
leaf_weight=4630 1368 1007 3789 1001 153 1533 207 32 454 2328 165 1103 6638 84 331 4186 1604 2603 1153 349 489 405 284 865 6714 154 413 163 209 1782
leaf_count=4630 1368 1007 3789 1001 153 1533 207 32 454 2328 165 1103 6638 84 331 4186 1604 2603 1153 349 489 405 284 865 6714 154 413 163 209 1782
internal_value=4.55908e-06 -0.000227427 0.000313156 0.000211854 7.30826e-05 0.000392861 0.000540025 0.000128364 3.10486e-05 0.00048223 0.00108965 -6.70217e-05 -1.11283e-05 -0.000294338 5.78161e-05 6.28988e-07 -6.54152e-05 2.99752e-05 -0.000354709 -0.000280069 -0.000146015 0.000181721 -0.000375254 0.000489989 -0.000439552 -3.75998e-05 -0.000592988 -0.000858023 0.000558802 0.00053201
internal_weight=46196 26366 19830 14050 7963 6087 3903 2184 1987 3696 197 15022 11912 2340 9572 6791 5790 9241 2256 3110 2185 894 1291 1172 11344 307 925 576 5780 5571
internal_count=46196 26366 19830 14050 7963 6087 3903 2184 1987 3696 197 15022 11912 2340 9572 6791 5790 9241 2256 3110 2185 894 1291 1172 11344 307 925 576 5780 5571
is_linear=0
shrinkage=0.03


Tree=74
num_leaves=31
num_cat=0
split_feature=8 22 8 65 70 35 21 0 46 70 40 7 7 70 70 47 14 53 70 44 35 43 70 0 10 7 26 21 20 46
split_gain=3.45875 0.936189 0.493774 0.386744 0.406373 0.308266 0.288127 0.272565 0.263784 0.222738 0.22141 0.189532 0.298417 0.367647 0.295913 0.279678 0.177038 0.169711 0.247217 0.165629 0.157775 0.132383 0.131122 0.127833 0.146264 0.119877 0.107024 0.0987454 0.0902206 0.0876541
threshold=0.19565833333333332 0.063566517857142804 0.32131250000000006 -0.0069000000000000008 -0.47495107206705001 1.3637476626328306 0.08845226656646131 92.500000000000014 25.103571428571431 -0.97870382656940669 5.0003571428571449 -1500.0000000000152 -1500.0000000000066 -0.57729161655172734 -0.9574497222574998 0.53349356567382666 -1500.0000000000016 6.845629069898294 0.31717953954346351 16.93571428571429 6.2613172244335571 3.5992584838799049e-08 -0.63872576220844923 15.000000000000002 0.063814583333333313 -3.3861430242529615 -4.8076847713732356 0.00026063204853032641 0.058455357142857121 19.732142857142865
decision_type=2 2 2 2 2 2 2 2 2 2 2 2 2 2 2 2 2 2 2 2 2 2 2 2 2 2 2 2 2 2
left_child=1 23 3 19 5 10 8 -8 -6 -7 -5 22 13 -13 15 -14 -16 25 -19 -2 -21 -22 -3 24 28 27 29 -4 -1 -20
right_child=2 11 17 4 6 9 7 -9 -10 -11 -12 12 14 -15 16 -17 -18 18 26 20 21 -23 -24 -25 -26 -27 -28 -29 -30 -31
leaf_value=-0.0001671776103076378 0.0010540735302335047 -0.0016607390323759251 -0.00084657484881650157 0.00091077335459424842 0.00023618800480751942 -0.00010948823073039855 0.0010973629568140006 -0.00070730099282384409 -0.00018492332649395823 0.00046562195684406719 -0.00065356229911308868 0.0011637893464242252 -0.00018406602544300096 -0.00041326853917188829 -0.00035604113544428321 -0.001423833866167115 -6.8735609481811803e-06 0.0012846594010330321 -0.00026033681315574338 -2.4413530476828481e-05 0.00029065393868534423 -0.0007819886148341433 -0.00033852578029945499 -0.00044813234831069578 -0.00074123725349342585 0.0012182874444758283 0.0014293180847590838 0.00043806453147257997 0.00078470448266499012 0.00059054969088741032
leaf_weight=151 106 105 52 1547 3130 805 440 88 2332 2356 83 381 420 200 1469 275 11962 595 204 2197 125 505 210 10839 150 181 73 4786 204 225
leaf_count=151 106 105 52 1547 3130 805 440 88 2332 2356 83 381 420 200 1469 275 11962 595 204 2197 125 505 210 10839 150 181 73 4786 204 225
internal_value=4.42564e-06 -0.000220627 0.000303803 0.000203451 0.000286614 0.000492738 0.000121193 0.000790146 5.58445e-05 0.000318224 0.000828926 -6.50366e-05 -4.91962e-05 0.00061598 -7.68089e-05 -0.000680273 -4.53104e-05 0.000528265 0.000869328 -0.000101206 -0.000145942 -0.000564285 -0.000792618 -0.000426375 3.46375e-05 0.000452963 0.000369512 0.000423465 0.00037206 0.000179291
internal_weight=46196 26366 19830 13714 10781 4791 5990 528 5462 3161 1630 15022 14707 581 14126 695 13431 6116 1097 2933 2827 630 315 11344 505 5019 502 4838 355 429
internal_count=46196 26366 19830 13714 10781 4791 5990 528 5462 3161 1630 15022 14707 581 14126 695 13431 6116 1097 2933 2827 630 315 11344 505 5019 502 4838 355 429
is_linear=0
shrinkage=0.03


Tree=75
num_leaves=31
num_cat=0
split_feature=22 11 12 53 53 6 26 21 21 11 69 6 7 70 64 42 64 69 27 70 7 42 0 21 47 63 11 57 0 21
split_gain=3.22163 0.767841 0.56409 0.362158 0.478544 0.459244 0.435988 0.362745 0.336304 0.282208 0.265498 0.444316 0.42528 0.600285 0.339827 0.361347 0.326573 0.280898 0.262333 0.22519 0.220162 0.201129 0.173017 0.157065 0.134413 0.122579 0.130448 0.12607 0.107351 0.149653
threshold=0.18248511904761902 0.058420833333333304 0.35091666666666671 7.6832914192396489 1.0690449676497273 -758.03897108904914 -9.2424110337051246 0.0074638077466098471 0.067505819343284992 0.23725543478260866 0.38168568572378603 -16.200518935695445 -1500.0000000000002 -0.54160775828284857 494.50000000000006 25.216666666666672 31.500000000000004 -0.73831951690629072 51.338829319251047 0.65837719692149965 -1499.999999999997 23.416666666666675 27.500000000000004 0.0068563763076972956 0.27695360027141219 -136.84499999999997 0.18893749999999998 7.450000000000002 15.000000000000002 0.037270000510795348
decision_type=2 2 2 2 2 2 2 2 2 2 2 2 2 2 2 2 2 2 2 2 2 2 2 2 2 2 2 2 2 2
left_child=1 28 3 4 6 23 9 18 -9 -2 14 12 13 -12 15 16 -3 -17 -6 21 -14 -7 25 -5 -25 26 -4 -27 29 -1
right_child=2 10 22 5 7 19 -8 8 -10 -11 11 -13 20 -15 -16 17 -18 -19 -20 -21 -22 -23 -24 24 -26 27 -28 -29 -30 -31
leaf_value=-0.0004992464042230634 -2.9183493080607731e-05 -0.0001110122604044222 0.0013561839548604827 0.00092842580566981003 0.00022361650153661299 0.001268577999410237 0.0012670354125101095 -0.00012884318268017753 0.00046756809590070455 0.00054133969384067887 0.00044346059151080514 -0.0010749013187674153 0.00065531162677440354 -0.00068235735854337682 0.001768374734558165 -0.00087142615672901227 0.00083736754424023024 -0.00027504948671174727 0.0011799916427796275 0.00021714022450931148 0.00014743922015955177 -0.0014185016543325035 0.00027439061366725645 0.0011954221197520382 -0.00053670935454509165 0.0019763654349744322 -0.00076998436019861511 0.00070328195895552658 -0.00043397617610960794 0.00064857267628773115
leaf_weight=207 1290 1952 34 104 3507 839 500 7294 961 1937 657 301 976 1199 75 959 391 2855 280 297 3732 24 1264 43 399 74 96 2837 10971 199
leaf_count=207 1290 1952 34 104 3507 839 500 7294 961 1937 657 301 976 1199 75 959 391 2855 280 297 3732 24 1264 43 399 74 96 2837 10971 199
internal_value=2.46524e-07 -0.000235874 0.000265709 0.000189654 0.00014446 0.000605302 0.000441584 5.22224e-05 -5.90008e-05 0.000312404 -7.89659e-05 4.93705e-05 0.000101538 -0.000282193 -0.000220804 -0.000245805 4.62633e-05 -0.000425979 0.000295413 0.000943024 0.000253478 0.00118882 0.000573624 -0.000107131 -0.000359109 0.000696883 -0.000184901 0.000737343 -0.000416217 5.61948e-05
internal_weight=46254 24474 21780 17475 15769 1706 3727 12042 8255 3227 13097 6865 6564 1856 6232 6157 2343 3814 3787 1160 4708 863 4305 546 442 3041 130 2911 11377 406
internal_count=46254 24474 21780 17475 15769 1706 3727 12042 8255 3227 13097 6865 6564 1856 6232 6157 2343 3814 3787 1160 4708 863 4305 546 442 3041 130 2911 11377 406
is_linear=0
shrinkage=0.03


Tree=76
num_leaves=31
num_cat=0
split_feature=8 11 12 53 53 7 21 21 11 44 7 7 70 70 73 16 8 66 66 37 10 72 0 7 5 53 44 72 6 73
split_gain=2.98592 0.854627 0.468202 0.358638 0.506099 0.482507 0.368486 0.300594 0.298571 0.262472 0.188702 0.229054 0.328176 0.250405 0.273306 0.215102 0.177265 0.166229 0.164515 0.144568 0.143824 0.139669 0.138604 0.131414 0.113206 0.106016 0.104526 0.104114 0.10169 0.153756
threshold=0.19565833333333332 0.058420833333333304 0.35615208333333342 1.0690449676496601 7.3768273951318717 -85.06562915558446 0.0051903180282273512 0.067505819343284992 0.23725543478260866 25.107142857142858 -1500.0000000000152 -1500.0000000000066 -0.69637622559687229 -0.9574497222574998 0.68593201216498756 -1500.0000000000016 0.21714583333333334 -0.041708333333333306 0.12089551282051286 1.0000000180025095e-35 0.15975000000000003 -9.2040252520214363 27.500000000000004 -472.44079868680234 -31.012326820301826 9.3761446187699153 23.87857142857143 -0.43543764672200375 -759.35543395636523 0.85152194868297226
decision_type=2 2 2 2 2 2 2 2 2 2 2 2 2 2 2 2 2 2 2 2 2 2 2 2 2 2 2 2 2 2
left_child=1 20 3 8 6 17 21 -8 18 -7 25 12 -12 14 -13 -15 -10 -6 24 -18 -1 -5 27 -20 -2 -3 -24 -4 -29 -30
right_child=2 10 22 4 5 9 7 -9 16 -11 11 13 -14 15 -16 -17 19 -19 23 -21 -22 -23 26 -25 -26 -27 -28 28 29 -31
leaf_value=-0.00041980789431972186 -0.0003006700852610923 -0.00091951956444860173 0.0011392777734598404 0.0012975313860085786 -0.00077694479465354122 0.0011656817271754804 -9.3238387141804878e-05 0.00050895268227883208 0.0019352675514461364 -0.0019776274825999279 0.001126505926069999 -0.00039031761038264622 -0.00037076769167241469 -0.000360209394606533 -0.0021999323226688109 5.7093494447189505e-06 0.00072487397110984977 0.00028971806228817397 0.0012555623983167427 -0.00018897080412050369 0.00042292497925726429 0.00033993339863542138 -0.00029247634071724089 0.00016690196856060274 0.00035950076677846099 0.00055905126361176368 0.00043364318695973474 -0.00010185845336813179 0.00061006822943674897 0.0018969555278619129
leaf_weight=11091 649 328 415 150 156 889 7730 824 103 23 343 623 209 1642 86 11929 1755 787 180 165 181 1912 216 240 362 47 910 160 2060 89
leaf_count=11091 649 328 415 150 156 889 7730 824 103 23 343 623 209 1642 86 11929 1755 787 180 165 181 1912 216 240 362 47 910 160 2060 89
internal_value=2.56816e-07 -0.000207977 0.000279233 0.00020714 0.000131863 0.000589069 5.16417e-05 -3.48264e-05 0.000477951 0.00108104 -6.10004e-05 -4.39565e-05 0.000554533 -6.73387e-05 -0.000616834 -3.83666e-05 0.000712835 0.000109447 0.000143536 0.000644721 -0.000405973 0.000411643 0.000576525 0.000642471 -6.12023e-05 -0.000725233 0.000291554 0.00069307 0.000611116 0.000665617
internal_weight=46254 26479 19775 15925 12471 1855 10616 8554 3454 912 15207 14832 552 14280 709 13571 2023 943 1431 1920 11272 2062 3850 420 1011 375 1126 2724 2309 2149
internal_count=46254 26479 19775 15925 12471 1855 10616 8554 3454 912 15207 14832 552 14280 709 13571 2023 943 1431 1920 11272 2062 3850 420 1011 375 1126 2724 2309 2149
is_linear=0
shrinkage=0.03


Tree=77
num_leaves=31
num_cat=0
split_feature=22 10 12 51 53 26 7 11 69 48 22 19 69 6 42 7 40 65 42 12 9 0 7 52 22 35 72 7 69 72
split_gain=2.86546 0.683343 0.498813 0.325837 0.403756 0.40542 0.323071 0.253597 0.252489 0.248793 0.243137 0.224823 0.259231 0.37662 0.290612 0.274783 0.261561 0.225633 0.21745 0.169448 0.164476 0.154305 0.139878 0.150397 0.103493 0.0977404 0.095939 0.1022 0.212335 0.108864
threshold=0.18248511904761902 0.044025000000000002 0.35091666666666671 7.2044959507770931 1.0690449676497273 -9.2424110337051246 -15.052220189617893 0.23725543478260866 -0.2760944163666606 24.166666666666668 0.32533169642857152 0.086085330762294882 0.38168568572378603 -16.200518935695445 22.916666666666675 -1500.0000000000002 3.8667857142857147 -0.0019583333333334087 21.350000000000001 0.29528750000000004 0.2394375 27.500000000000004 -66.749227470071631 76.535714285714292 0.1963394345238095 0.25677629550654807 -0.43543764672200375 -718.17257517802943 0.96230016621822489 -0.3332838280590566
decision_type=2 2 2 2 2 2 2 2 2 2 2 2 2 2 2 2 2 2 2 2 2 2 2 2 2 2 2 2 2 2
left_child=1 -1 3 4 5 7 9 -2 18 -6 -8 12 14 15 16 -14 -3 -16 24 20 25 26 -10 -24 -5 -13 -4 28 -28 -29
right_child=2 11 21 8 6 -7 10 -9 22 -11 -12 19 13 -15 17 -17 -18 -19 -20 -21 -22 -23 23 -25 -26 -27 27 29 -30 -31
leaf_value=-0.00040802655546886462 -3.2730374692531722e-05 -0.00035380491311252785 0.0010635174746899533 -8.6926941167224533e-05 -0.00082868339903740531 0.0012115665949751415 -0.00018890414250112892 0.00050802219619931646 -2.0237603250733579e-05 0.00021126058187823953 0.00066153111374337261 -0.0011860151879844211 -0.00023809477593482361 -0.00097242722982123311 -0.00066480433842248878 0.00017540899995031957 0.00083864942952371197 -0.00021261525379277958 -0.00034708654505255466 0.0019240171301871079 0.0013442549131420869 0.00025740049267896758 0.001220944892316425 2.2834811858461474e-06 0.001603009130562962 0.0002912868872582999 0.00047361349331627244 -0.00031320482459991714 -0.0016669642933540873 0.000685266674795195
leaf_weight=10327 1290 280 461 32 211 500 4526 1937 472 7359 322 62 2003 332 1304 5170 394 4332 67 76 88 1264 234 157 368 106 182 98 53 2247
leaf_count=10327 1290 280 461 32 211 500 4526 1937 472 7359 322 62 2003 332 1304 5170 394 4332 67 76 88 1264 234 157 368 106 182 98 53 2247
internal_value=2.60684e-07 -0.000222421 0.000250623 0.000179088 0.000141644 0.000415581 5.91596e-05 0.000290983 0.000630917 0.000181772 -0.000131676 -8.67026e-05 -0.000105451 1.33333e-05 -0.000247185 5.95063e-05 0.000339033 -0.00031787 0.00119453 0.000682393 0.00029606 0.000540196 0.000321424 0.000740517 0.00146045 -0.000239948 0.000656631 0.000582382 -1.46103e-06 0.000642145
internal_weight=46254 24474 21780 17475 16145 3727 12418 3227 1330 7570 4848 14147 13815 7505 6310 7173 674 5636 467 332 256 4305 863 391 400 168 3041 2580 235 2345
internal_count=46254 24474 21780 17475 16145 3727 12418 3227 1330 7570 4848 14147 13815 7505 6310 7173 674 5636 467 332 256 4305 863 391 400 168 3041 2580 235 2345
is_linear=0
shrinkage=0.03


Tree=78
num_leaves=31
num_cat=0
split_feature=22 22 0 23 28 63 52 65 3 47 44 47 6 7 17 7 22 46 72 63 50 39 52 6 46 7 12 7 7 6
split_gain=2.6999 0.77884 0.412492 0.300125 0.28652 0.2949 0.351148 0.283372 0.223008 0.389882 0.188156 0.181017 0.182501 0.172536 0.162378 0.218773 0.163784 0.154194 0.142884 0.136357 0.20367 0.184926 0.133567 0.132376 0.128954 0.128441 0.118654 0.112565 0.120147 0.119067
threshold=0.12258333333333331 0.23767857142857143 15.000000000000002 0.0073280526115460836 -15.58647458267626 -107.37499999999999 47.250000000000007 -0.0048750000000000104 24.750000000000004 0.60054919919968652 21.421428571428574 0.08516306272526937 -6.0600641327259881 -1500.0000000000152 -1500.0000000000025 -1500.0000000000025 0.071944642857142818 16.382142857142863 -20.258054110834163 -157.54999999999998 58.928571428571438 0.43219814679754992 54.892857142857146 -947.4353666497268 19.567857142857147 -1499.999999999998 0.064431250000000009 -51.174743845091911 -1500.0000000000066 -787.86339191191598
decision_type=2 2 2 2 2 2 2 2 2 2 2 2 2 2 2 2 2 2 2 2 2 2 2 2 2 2 2 2 2 2
left_child=2 3 10 23 5 6 -5 8 17 -10 -1 -6 -13 -7 26 -16 -17 -3 -9 21 -21 -20 -4 -2 -19 -11 -12 28 -24 -30
right_child=1 7 22 4 11 13 -8 18 9 25 14 12 -14 -15 15 16 -18 24 19 20 -22 -23 27 -25 -26 -27 -28 -29 29 -31
leaf_value=0.0020315254068047537 0.0017196487304542891 0.0013291796841092306 -0.0004521594872189214 0.00017480950468966942 0.00082294582790770642 -0.0015254449550993741 -0.00037177735014737963 0.0014678237665062533 6.0299580971292484e-05 0.00031388090606778861 2.0447905473620363e-06 -0.00025774296911528687 0.0016753842149945821 0.00027444793163524251 -0.00042016057021938309 0.00080867432006448501 0.00010716741256012762 -8.5710170254394219e-05 0 0.0012326855984970135 0.00041475094499023805 0.0018690264434181151 -0.00030391058914874391 0.00033724506144428099 0.00037263359553354027 -0.0017417679594743634 -0.00083721377829597146 -0.00043922622153413698 -0.00037749135233607376 0.00017998844810569173
leaf_weight=40 65 110 7634 2128 147 47 2094 116 551 29 266 4610 43 4387 576 374 1567 947 1067 286 9097 49 2531 1777 1295 183 331 2210 479 1218
leaf_count=40 65 110 7634 2128 147 47 2094 116 551 29 266 4610 43 4387 576 374 1567 947 1067 286 9097 49 2531 1777 1295 183 331 2210 479 1218
internal_value=2.56077e-07 0.000176884 -0.000297203 2.94484e-05 -1.95131e-05 8.33259e-05 -9.55965e-05 0.000340924 8.8073e-05 -0.000355738 1.19627e-05 -0.00020557 -0.000238878 0.000254353 -1.36598e-05 9.08891e-05 0.000244228 0.000233412 0.000414826 0.000402768 0.000440131 8.58324e-05 -0.000366706 0.000388561 0.000177744 -0.00144633 -0.000458878 -0.000264858 -0.000172923 2.07362e-05
internal_weight=46254 29028 17226 15298 13456 8656 4222 13730 3115 763 3154 4800 4653 4434 3114 2517 1941 2352 10615 10499 9383 1116 14072 1842 2242 212 597 6438 4228 1697
internal_count=46254 29028 17226 15298 13456 8656 4222 13730 3115 763 3154 4800 4653 4434 3114 2517 1941 2352 10615 10499 9383 1116 14072 1842 2242 212 597 6438 4228 1697
is_linear=0
shrinkage=0.03


Tree=79
num_leaves=31
num_cat=0
split_feature=8 11 12 70 35 29 53 46 65 42 69 50 46 20 53 6 69 6 46 53 0 16 28 39 16 11 63 10 0 44
split_gain=2.51473 0.709075 0.401107 0.353638 0.514648 0.28695 0.272841 0.273383 0.235936 0.209979 0.583522 0.407155 0.31004 0.202488 0.186895 0.181658 0.147913 0.222233 0.194953 0.234329 0.158712 0.137344 0.2539 0.323765 0.2217 0.166173 0.131766 0.128143 0.122916 0.106676
threshold=0.19565833333333332 0.058420833333333304 0.35615208333333342 0.098816478347602127 5.1561789455086373 157.36009736266058 1.9889806323960857 16.546428571428574 -0.0028645833333333487 23.283333333333339 -0.5123666674339783 44.928571428571438 20.767857142857149 0.19376488095238095 7.3768273951318717 -260.07216526896508 0.39753913293121995 -22.269755271383193 25.060714285714294 3.0382181012512333 15.000000000000002 -1500.0000000000016 -939.7281745021703 0.0053452248382485227 -1500.0000000000066 0.11285208333333331 -33.014999999999993 0.15975000000000003 27.500000000000004 25.464285714285719
decision_type=2 2 2 2 2 2 2 2 2 2 2 2 2 2 2 2 2 2 2 2 2 2 2 2 2 2 2 2 2 2
left_child=1 27 3 4 5 14 29 -8 16 10 15 13 -12 -11 -2 -5 18 26 20 -20 -3 24 23 -23 -10 -24 -18 -1 -4 -6
right_child=2 8 28 9 6 -7 7 -9 21 11 12 -13 -14 -15 -16 -17 17 -19 19 -21 -22 22 25 -25 -26 -27 -28 -29 -30 -31
leaf_value=-0.00038425006504730336 0.00035083606827746201 0.00061272846834603046 0.00064125050328229236 0.0014356026968124545 0.0010572947014229346 0.0015147156111001707 0.0012576149790044372 -0.0002672555495119541 5.2952401421986103e-05 0.00088834166021101656 -0.00032372155717735868 -0.00044200571483972038 0.00053300983942794261 3.7225923452923277e-05 0.00095511302580303826 0.00050303840409213023 -6.6504270853797953e-05 -0.00094219260566871083 -0.00030679143779140474 -0.0012654352024149779 -0.00041649102014481036 -0.00013368118829588238 -0.00021289180879646716 0.0006743720503933566 -0.00071300914699517408 5.9956801617545536e-05 0.00072092991794120334 0.00041098492856106748 0.00026295950893572505 -0.00051510224259453184
leaf_weight=11091 6631 198 2724 325 237 213 110 2066 763 317 1342 1881 528 1246 502 484 876 218 488 452 413 729 2986 1127 603 6112 242 181 1126 43
leaf_count=11091 6631 198 2724 325 237 213 110 2066 763 317 1342 1881 528 1246 502 484 876 218 488 452 413 729 2986 1127 603 6112 242 181 1126 43
internal_value=2.69021e-07 -0.000190824 0.000256294 0.000189546 0.000301282 0.00042702 -7.36062e-05 -0.000188251 -5.69257e-05 1.01638e-05 0.00020977 -0.00014425 -8.00619e-05 0.000212221 0.000393912 0.000882691 -0.000300982 -6.69248e-05 -0.000500488 -0.000771799 -7.76051e-05 4.14423e-08 3.56652e-05 0.000355468 -0.000283249 -2.92771e-05 0.000101753 -0.000371179 0.000531489 0.00080417
internal_weight=46254 26479 19775 15925 9802 7346 2456 2176 15207 6123 2679 3444 1870 1563 7133 809 2887 1336 1551 940 611 12320 10954 1856 1366 9098 1118 11272 3850 280
internal_count=46254 26479 19775 15925 9802 7346 2456 2176 15207 6123 2679 3444 1870 1563 7133 809 2887 1336 1551 940 611 12320 10954 1856 1366 9098 1118 11272 3850 280
is_linear=0
shrinkage=0.03


Tree=80
num_leaves=31
num_cat=0
split_feature=22 22 0 23 69 46 53 70 41 63 69 24 3 52 41 22 53 23 39 46 53 7 8 57 52 41 52 64 24 6
split_gain=2.3871 0.636733 0.397583 0.293167 0.294357 0.29268 0.270045 0.418483 0.392845 0.334614 0.2709 0.24691 0.290162 0.229617 0.22365 0.211951 0.206065 0.197687 0.187998 0.171208 0.16939 0.158173 0.151757 0.143281 0.158912 0.132013 0.116333 0.115983 0.117368 0.192514
threshold=0.12258333333333331 0.23767857142857143 15.000000000000002 0.0073280526115460836 -0.89391031859722869 23.703571428571433 6.230243308574293 0.60503365783732044 0.40481443313539739 -157.54999999999998 -0.2760944163666606 -1074.1800424114604 25.050000000000004 87.607142857142875 0.72894870098491826 0.273189880952381 3.2682286764115149 0.081122655193761981 1.0000000180025095e-35 20.296428571428578 9.7924897844572829 -400.13529377322789 0.38314583333333335 81.450000000000017 29.035714285714288 0.72379114831077829 56.464285714285722 108.50000000000001 -11.660623808458736 -22.269755271383193
decision_type=2 2 2 2 2 2 2 2 2 2 2 2 2 2 2 2 2 2 2 2 2 2 2 2 2 2 2 2 2 2
left_child=2 3 19 27 5 25 8 14 9 15 -9 -10 -13 -7 -8 -3 17 -6 -18 -1 23 -12 -11 24 -21 -5 -4 28 29 -2
right_child=1 6 26 4 16 13 7 10 11 22 21 12 -14 -15 -16 -17 18 -19 -20 20 -22 -23 -24 -25 -26 -27 -28 -29 -30 -31
leaf_value=0.0025483506750315424 0.00042046775432235783 0.00028358591143247343 -0.00042591596448397843 -0.00011839748016637764 7.4121481995964724e-05 -0.00078050125182361867 0.0010719210882731076 0.0012244895099218459 0.0019383869771995854 0.00059246360413679191 -0.0006748516714459909 0.00013847885941733543 -0.00045125374467753045 2.0651890194025965e-05 0.00036901905938964478 -0.00055979046605172109 -0.0010014247192007464 0.00051877768012915265 -7.4197520822646981e-05 0.00022060208209849735 0.00053520248877582193 0.00019068882122202937 6.8649066986567931e-05 0.00049877788773020071 -0.00032814914713490974 0.001102882302677666 -0.00024945053738015011 0.0016150234166861456 0.00081920607839662595 -0.00037003923247829856
leaf_weight=23 1050 676 7873 160 6021 1070 1238 148 61 4093 326 4189 913 450 632 442 206 1063 4364 657 460 445 582 325 1664 150 6087 67 366 372
leaf_count=23 1050 676 7873 160 6021 1070 1238 148 61 4093 326 4189 913 450 632 442 206 1063 4364 657 460 445 582 325 1664 150 6087 67 366 372
internal_value=6.36914e-07 0.000166046 -0.000280693 3.29465e-05 -1.54956e-05 -0.000369268 0.00031435 0.000578681 0.00024674 0.000416391 5.08909e-05 5.57631e-05 3.22909e-05 -0.000541488 0.00083629 -4.73633e-05 3.9826e-05 0.000141332 -0.00011686 2.40505e-05 3.5783e-06 -0.0001718 0.000527923 -8.78771e-05 -0.000171495 0.000464544 -0.00034921 0.000386507 0.000337918 0.000211446
internal_weight=46173 29084 17089 15339 13484 1830 13745 2789 10956 5793 919 5163 5102 1520 1870 1118 11654 7084 4570 3129 3106 771 4675 2646 2321 310 13960 1855 1788 1422
internal_count=46173 29084 17089 15339 13484 1830 13745 2789 10956 5793 919 5163 5102 1520 1870 1118 11654 7084 4570 3129 3106 771 4675 2646 2321 310 13960 1855 1788 1422
is_linear=0
shrinkage=0.03


Tree=81
num_leaves=31
num_cat=0
split_feature=22 22 0 23 53 70 53 21 21 7 70 53 26 63 70 50 27 48 3 44 57 15 7 7 7 0 46 52 52 7
split_gain=2.24615 0.599209 0.374343 0.275964 0.254129 0.393687 0.337471 0.268677 0.391717 0.222377 0.260545 0.257211 0.220419 0.206204 0.306575 0.299275 0.187778 0.176883 0.16779 0.167595 0.164474 0.158136 0.214676 0.17818 0.150712 0.163093 0.120383 0.112072 0.10939 0.111907
threshold=0.12258333333333331 0.23767857142857143 15.000000000000002 0.0073280526115460836 6.230243308574293 0.60503365783732044 1.0377490433255463 0.009132798182672942 0.065206454351340357 -27.844611059962542 -0.60505606964884906 8.8735004802693531 -5.9215473940455592 -107.37499999999999 -0.9668120007078248 47.928571428571438 3.617908848064586 12.16666666666667 26.350000000000005 21.421428571428574 45.95000000000001 -1500.0000000000025 -1500.0000000000025 -1499.999999999997 -1499.9999999999989 15.000000000000002 16.546428571428574 79.678571428571431 56.464285714285722 -51.174743845091911
decision_type=2 2 2 2 2 2 2 2 2 2 2 2 2 2 2 2 2 2 2 2 2 2 2 2 2 2 2 2 2 2
left_child=2 3 19 -2 6 26 16 20 -9 13 11 -11 -12 15 -15 -5 17 -3 -18 -1 -8 -21 -23 -24 -7 -26 -6 -28 -4 -30
right_child=1 4 28 9 5 24 7 8 -10 10 12 -13 -14 14 -16 -17 18 -19 -20 21 -22 22 23 -25 25 -27 27 -29 29 -31
leaf_value=0.001928920025903186 0.00037500055043216985 -0.0011271732034609774 -0.00041314011693627614 0.00017019248054136763 0.0014764942561167602 -0.00059131727700582535 0.00089859160758624056 -0.00020338800536313657 0.00055307058672141528 4.3887240037292026e-05 -0.00037881958315234349 0.0027173258792608976 0.0019709464358359883 -0.00040244961356491907 0.00031743433648586132 -0.00035153275221383343 -0.0010033491445817233 0.00060447712933973301 0.00029802776840224393 -0.00044504244454039238 0.00023928792161995687 -0.00040141715331768434 0.00087458855972382353 0.00011832189697366469 0.0011472326693175619 2.5643431154682281e-05 0.00080204769493445282 0 -0.00014367001285450502 -0.00041315665847171712
leaf_weight=40 1855 52 7873 2066 224 240 383 3037 771 1996 2979 32 35 613 3872 1891 129 2910 279 586 3395 580 344 1579 151 528 1476 170 3879 2208
leaf_count=40 1855 52 7873 2066 224 240 383 3037 771 1996 2979 32 35 613 3872 1891 129 2910 279 586 3395 580 344 1579 151 528 1476 170 3879 2208
internal_value=6.39387e-07 0.000161093 -0.000272257 3.19683e-05 0.000304961 0.000561408 0.00023936 0.000127818 -4.93364e-05 -1.50246e-05 -0.000172836 8.88687e-05 -0.000349893 7.88827e-05 0.000218306 -7.84012e-05 0.000489441 0.000572694 -0.000107549 2.34198e-05 0.00030714 -9.00204e-07 0.00010202 0.000255552 4.93883e-05 0.000280801 0.000811273 0.000718082 -0.000338741 -0.000241968
internal_weight=46173 29084 17089 15339 13745 2789 10956 7586 3808 13484 5042 2028 3014 8442 4485 3957 3370 2962 408 3129 3778 3089 2503 1923 919 679 1870 1646 13960 6087
internal_count=46173 29084 17089 15339 13745 2789 10956 7586 3808 13484 5042 2028 3014 8442 4485 3957 3370 2962 408 3129 3778 3089 2503 1923 919 679 1870 1646 13960 6087
is_linear=0
shrinkage=0.03


Tree=82
num_leaves=31
num_cat=0
split_feature=22 22 0 53 41 69 7 62 24 44 45 22 23 69 64 42 52 69 69 7 53 7 2 28 8 7 7 3 21 46
split_gain=2.11401 0.632077 0.315897 0.239374 0.333843 0.327727 0.340805 0.257788 0.242888 0.303287 0.214849 0.212162 0.211963 0.253032 0.505635 0.220634 0.209706 0.313312 0.171259 0.197225 0.271065 0.162623 0.15602 0.147575 0.146811 0.13682 0.220475 0.133397 0.133269 0.130807
threshold=0.11047321428571426 0.23767857142857143 15.000000000000002 6.7663110343475665 0.40481443313539739 -0.038721922313638066 -69.749646941746988 -63.984999999999992 -1074.1800424114604 25.064285714285717 0.34503277967119061 0.29584241071428569 0.016379505188849831 0.2843565540399125 595.50000000000011 22.916666666666675 78.464285714285737 0.90518480756366027 0.83827194252655779 -25.008939436248365 7.6832914192396489 -1500.0000000000002 5.3150000000000004 -1499.999999999997 0.34102916666666677 -1500.0000000000025 -1499.999999999997 23.150000000000002 0.062535875544722896 32.889285714285727
decision_type=2 2 2 2 2 2 2 2 2 2 2 2 2 2 2 2 2 2 2 2 2 2 2 2 2 2 2 2 2 2
left_child=2 12 10 4 7 27 24 11 -6 -10 -1 -3 18 14 15 -14 28 -18 19 23 -21 -20 -9 -2 -7 -12 -27 -5 -15 -28
right_child=1 3 -4 5 8 6 -8 22 9 -11 25 -13 13 16 -16 -17 17 -19 21 20 -22 -23 -24 -25 -26 26 29 -29 -30 -31
leaf_value=-0.0003484151005829064 -0.00060445826490936061 0.00031121496783151055 -0.00034419623384800596 0.001159015310716167 0.0018068133374520888 -0.00044810223372154676 0.00075092224936670763 0.00054374757280441558 0.0001512506423050534 -0.00044101679906956011 -0.00031739077637165969 -0.00044420196114855259 0.00023605865925077312 -0.00012746669284913526 0.0020272645123302936 -0.00031579331827045212 0.00055123630397878136 -0.00022240832694975717 -0.0011157545436966171 2.5180862820739647e-07 0.002433234147594443 0 -0.00064296333275735366 0.00048728352126256011 0.00049606524131530407 0.0015507164889651543 0.0003170345375371739 -0.00045116747218986694 0.00032682794172476736 -0.0011876138580264523
leaf_weight=868 114 1001 13020 764 71 496 751 4245 4631 933 310 500 753 3329 89 4585 1542 671 160 2335 41 419 99 2249 208 130 1059 46 701 53
leaf_count=868 114 1001 13020 764 71 496 751 4245 4631 933 310 500 753 3329 89 4585 1542 671 160 2335 41 419 99 2249 208 130 1059 46 701 53
internal_value=6.34333e-07 0.000144579 -0.00028568 0.000295841 0.000239746 0.000578599 0.000306088 0.000398691 7.43034e-05 5.13357e-05 2.79174e-05 5.74515e-05 2.20056e-05 -4.93289e-05 -0.000199297 -0.000237355 8.05683e-05 0.000315311 0.000179088 0.000238958 4.45032e-05 -0.000305326 0.00051587 0.000433111 -0.00016458 0.000240413 0.000382196 0.00106343 -4.76385e-05 0.000241622
internal_weight=46173 30733 15440 13745 11480 2265 1455 5845 5635 5564 2420 1501 16988 11670 5427 5338 6243 2213 5318 4739 2376 579 4344 2363 704 1552 1242 810 4030 1112
internal_count=46173 30733 15440 13745 11480 2265 1455 5845 5635 5564 2420 1501 16988 11670 5427 5338 6243 2213 5318 4739 2376 579 4344 2363 704 1552 1242 810 4030 1112
is_linear=0
shrinkage=0.03


Tree=83
num_leaves=31
num_cat=0
split_feature=12 8 53 7 69 21 23 70 65 44 70 0 7 70 7 31 16 66 53 0 65 35 66 10 70 28 7 72 28 69
split_gain=1.97341 0.616559 0.267086 0.316349 0.287836 0.242206 0.344766 0.275682 0.237914 0.200496 0.250692 0.196495 0.189074 0.178224 0.285034 0.216859 0.180707 0.176878 0.163117 0.161394 0.160813 0.156704 0.1806 0.148922 0.125134 0.264685 0.142938 0.123989 0.119607 0.16529
threshold=0.083229166666666674 0.22147291666666663 6.845629069898294 -132.09717633687754 -0.10738035228456493 0.009132798182672942 0.059059829534046336 -0.5488429582847193 -0.0019583333333334087 25.107142857142858 0.51972456038539816 15.000000000000002 -269.57058082401647 -0.55599684127981919 -1500.0000000000016 0.17320508076320862 -7.5210674077420103 0.17217083333333336 10.464618559850708 57.500000000000007 -4.1666666666596151e-05 0.63695705170342609 -0.00037500000000000722 0.20212708333333337 -0.79354221435844496 -92.306486439865111 -1500.0000000000025 -0.1616264297687495 -15.177103079612413 0.39753913293121995
decision_type=2 2 2 2 2 2 2 2 2 2 2 2 2 2 2 2 2 2 2 2 2 2 2 2 2 2 2 2 2 2
left_child=11 8 5 4 12 21 7 -7 28 10 -5 18 -4 15 -15 16 -10 -6 24 -8 -16 22 -3 -17 -1 -26 -27 -23 29 -2
right_child=1 2 3 9 17 6 19 -9 13 -11 -12 -13 -14 14 20 23 -18 -19 -20 -21 -22 27 -24 -25 25 26 -28 -29 -30 -31
leaf_value=-0.0012547614439626378 -0.00033014418849519318 0.0010003797408228896 0.0013485280433045504 0.0011916656582763238 -6.3312714471565522e-05 0.00020269143361153152 0.00062400473511073915 -0.00022681532337475051 0.00036856317723367563 -0.0016368576015790624 0.00033108475434272808 -0.00032934968790694445 -0.00029413922187235454 -0.00060349275743064301 0.00039842385110103396 -0.00022433291207658119 0.0019191183379431531 -0.0023851027638020533 0.00081653883018747606 0.00014765374416231719 -2.0041976098577627e-05 4.7094888874084072e-05 0.00029227125541951842 0.00040797385327374003 -0.00024601414668118252 -8.3648398083592345e-05 0.0012501678687687409 0.0003802580790513125 -0.00045910530861093126 0.00016403703843808997
leaf_weight=78 1267 654 234 902 716 2432 1292 3001 2181 27 478 12814 82 687 953 1132 70 30 201 1310 6115 1523 675 474 1077 109 192 3089 1215 1163
leaf_count=78 1267 654 234 902 716 2432 1292 3001 2181 27 478 12814 82 687 953 1132 70 30 201 1310 6115 1523 675 474 1077 109 192 3089 1215 1163
internal_value=6.22895e-07 0.000133195 0.000260625 0.000548983 0.000154428 0.000209434 0.000101501 -3.39991e-05 -3.96897e-06 0.000844341 0.000896208 -0.000289588 0.000913219 6.22059e-05 -2.03305e-05 0.000228896 0.000418944 -0.000163766 1.60992e-05 0.000385483 3.6005e-05 0.000354863 0.000643477 -3.57073e-05 -9.28266e-05 -2.4019e-05 0.000758547 0.000270923 -0.000215567 -9.24244e-05
internal_weight=46173 31702 16445 2469 1062 13976 8035 5433 15257 1407 1380 14471 316 11612 7755 3857 2251 746 1657 2602 7068 5941 1329 1606 1456 1378 301 4612 3645 2430
internal_count=46173 31702 16445 2469 1062 13976 8035 5433 15257 1407 1380 14471 316 11612 7755 3857 2251 746 1657 2602 7068 5941 1329 1606 1456 1378 301 4612 3645 2430
is_linear=0
shrinkage=0.03


Tree=84
num_leaves=31
num_cat=0
split_feature=22 22 0 23 69 46 10 24 65 44 47 29 46 69 44 46 7 7 47 39 69 69 23 46 41 57 50 63 7 41
split_gain=1.88408 0.499606 0.313529 0.246237 0.256276 0.258375 0.225927 0.221024 0.208786 0.243191 0.259071 0.201233 0.192828 0.286822 0.227845 0.197059 0.186709 0.278846 0.166271 0.157039 0.151812 0.146504 0.18355 0.143494 0.142683 0.136614 0.133542 0.132078 0.174614 0.124678
threshold=0.12258333333333331 0.23767857142857143 15.000000000000002 0.0073280526115460836 -0.89391031859722869 23.703571428571433 0.26735087719298251 -9.0247924880201449 -0.0048750000000000104 25.092857142857149 0.44752064228901417 73.223646275120032 19.653571428571432 0.18399664778440331 16.478571428571431 25.303571428571434 -1500.0000000000152 -1500.0000000000066 3.5060067008909095e-07 0.22315913604422002 -0.43664718845046341 0.93535928755917841 0.0070170527427803686 32.303571428571438 1.0000000180025095e-35 81.450000000000017 83.642857142857153 -164.70499999999996 -1499.999999999998 0.72379114831077829
decision_type=2 2 2 2 2 2 2 2 2 2 2 2 2 2 2 2 2 2 2 2 2 2 2 2 2 2 2 2 2 2
left_child=2 3 19 -2 5 29 -7 8 9 20 -11 24 14 15 -9 -14 -6 -18 -13 -1 -3 22 23 -21 -10 -24 -16 -23 -29 -5
right_child=1 7 -4 4 16 6 -8 12 11 10 -12 18 13 -15 26 -17 17 -19 -20 21 -22 27 25 -25 -26 -27 -28 28 -30 -31
leaf_value=-0.00028695023068610906 0.00035367938004390777 0.00057690366157987381 -0.00031016577080505769 -0.00012788780262731363 -0.00130812795466298 -0.00060042283091400739 0.00092276402326989108 0.00085908716200045929 0.00053866729716902197 -5.0640102810761006e-05 -0.0014139189122179738 -0.00075219362332258188 0.00057165740921356759 0.0012462950873349311 0.00025410248843431353 -0.00048886748501698342 0.00065603644598909085 1.185810760125755e-05 0.0011999151899734302 0.00037287746728234794 -4.6845394336368676e-05 8.1687267791438295e-05 -0.00051010473545248531 -0.0019151701341569424 0.00018426860851120916 0.00063524316078256984 -0.00040352962051722806 0.00031986999977549982 0.0019145520147526773 0.0010589234636501342
leaf_weight=1003 1855 480 13960 160 91 1429 91 386 1244 313 214 42 1391 565 789 174 640 10923 325 909 1275 226 601 24 6120 108 427 136 122 150
leaf_count=1003 1855 480 13960 160 91 1429 91 386 1244 313 214 42 1391 565 789 174 640 10923 325 909 1275 226 601 24 6120 108 427 136 122 150
internal_value=6.09883e-07 0.000147569 -0.000249319 2.96438e-05 -1.47344e-05 -0.00034484 -0.000506713 0.000278939 0.000204933 -4.60699e-05 -0.000611541 0.000279407 0.000476586 0.000664288 0.000224889 0.000451593 3.68691e-05 4.78258e-05 0.000966924 2.11996e-05 0.000122276 0.000168055 3.07959e-05 0.000308821 0.000244609 -0.000330763 2.05672e-05 0.000626505 0.00109001 0.000438288
internal_weight=46173 29084 17089 15339 13484 1830 1520 13745 10013 2282 527 7731 3732 2130 1602 1565 11654 11563 367 3129 1755 2126 1642 933 7364 709 1216 484 258 310
internal_count=46173 29084 17089 15339 13484 1830 1520 13745 10013 2282 527 7731 3732 2130 1602 1565 11654 11563 367 3129 1755 2126 1642 933 7364 709 1216 484 258 310
is_linear=0
shrinkage=0.03


Tree=85
num_leaves=31
num_cat=0
split_feature=20 11 51 70 47 60 73 23 7 10 70 64 12 46 0 21 17 7 47 21 70 69 7 16 34 7 60 20 24 69
split_gain=1.69344 0.640918 0.334684 0.323746 0.497028 0.396911 0.386188 0.32265 0.283108 0.220242 0.147638 0.140992 0.132686 0.121662 0.117521 0.118078 0.162092 0.113341 0.138314 0.127609 0.111622 0.131126 0.187462 0.108054 0.175764 0.103013 0.181202 0.387299 0.146465 0.119838
threshold=0.087998511904761892 0.32193750000000004 7.5023805745715677 -0.47495107206705001 0.71441207673492324 50.535000000000011 0.16768600646408152 0.07027121409310183 -23.30986661629046 0.083472916666666605 0.26780438508363441 179.50000000000003 0.1740142857142857 16.546428571428574 15.000000000000002 0.0026459515963491247 -59.155726547755449 -768.1964637440127 0.80651536275279201 0.0055531752094389528 -0.55599684127981919 0.6254047815183511 -1499.999999999997 -1500.0000000000025 0.57142857142857106 -8.4868267591966795 44.965000000000011 0.39133690476190486 -8.4738691787917535 -0.98211651112579568
decision_type=2 2 2 2 2 2 2 2 2 2 2 2 2 2 2 2 2 2 2 2 2 2 2 2 2 2 2 2 2 2
left_child=11 2 3 4 5 -2 -6 8 -5 -9 13 14 -3 -4 15 23 -17 19 -19 -12 21 -16 -23 -1 -25 26 27 -14 -28 -27
right_child=1 12 10 7 6 -7 -8 9 -10 -11 17 -13 25 -15 20 16 -18 18 -20 -21 -22 22 -24 24 -26 29 28 -29 -30 -31
leaf_value=-0.00012943344822847883 4.1971547127544844e-05 -0.00049491291712426273 0.0020328266710275787 -1.9616745269572529e-05 0.00013264113966310158 0.00045501312542728161 -0.00077794318080740184 -0.00051479905092795904 -0.0003246129377169186 0.00036420326324189021 0.0012369012524772968 -0.00036018793788823684 9.1182824802461555e-05 0.000639501389137348 -0.00015484443830976645 -0.00049508965763035175 0.00081604769983943724 -2.5392424720478154e-05 0.00088011079030194588 -0.00071731245125996278 -0.00035522025195972501 0.0015549753698768864 -9.597063669122553e-05 0.00088587680076927583 -0.00053339659544872115 -0.0004392815932099308 0.00034641868232316203 -0.0026212224226015118 0.00090514271773092976 0.00070957303467206905
leaf_weight=286 4231 143 63 7413 837 4179 829 290 4365 2038 34 8029 517 756 1700 455 102 318 279 186 2892 103 145 386 95 83 3370 51 493 1358
leaf_count=286 4231 143 63 7413 837 4179 829 290 4365 2038 34 8029 517 756 1700 455 102 318 279 186 2892 103 145 386 95 83 3370 51 493 1358
internal_value=-4.43329e-06 0.000117008 5.18933e-05 2.36589e-05 0.000153621 0.000247602 -0.00031886 -6.89654e-05 -0.000132923 0.000253243 0.000467128 -0.00027701 0.000395942 0.000752687 -0.000168137 8.05833e-05 -0.000248581 0.000176632 0.00039353 -0.000397493 -0.000236798 -5.93559e-05 0.000581147 0.000323543 0.000598814 0.000418229 0.000344956 -0.000151267 0.000418716 0.000641061
internal_weight=46026 31833 25818 24182 10076 8410 1666 14106 11778 2328 1636 14193 6015 819 6164 1324 557 817 597 220 4840 1948 248 767 481 5872 4431 568 3863 1441
internal_count=46026 31833 25818 24182 10076 8410 1666 14106 11778 2328 1636 14193 6015 819 6164 1324 557 817 597 220 4840 1948 248 767 481 5872 4431 568 3863 1441
is_linear=0
shrinkage=0.03


Tree=86
num_leaves=31
num_cat=0
split_feature=20 20 70 47 44 31 26 47 7 12 29 7 52 38 53 73 7 70 4 39 11 47 70 70 7 46 7 7 17 73
split_gain=1.59356 0.608487 0.313913 0.450907 0.433488 0.452845 0.366378 0.324039 0.295771 0.238128 0.219723 0.213399 0.206782 0.147819 0.14114 0.115068 0.131101 0.127532 0.145079 0.117964 0.109001 0.118371 0.131093 0.136572 0.118605 0.116734 0.119877 0.265556 0.0868764 0.0846591
threshold=0.087998511904761892 0.30651309523809528 -0.14153505243942446 0.61733208332225809 24.007142857142863 0.17320508076320862 -596.35606991554459 0.82168414562095393 -53.584859043651228 0.3176811594202899 0.12341628510019188 -1500.0000000000025 80.750000000000014 5.3864285714285725 6.230243308574293 0.85152194868297226 -4.8091077400348032 -0.5488429582847193 29.500000000000004 0.61296313879695552 0.036520833333333259 0.65080253089160489 -0.57022117041332299 -0.78295110140207613 -37.895016326175487 32.889285714285727 -1499.999999999998 -1499.9999999999925 -5.2175559090290333 4.5992208551873199
decision_type=2 2 2 2 2 2 2 2 2 2 2 2 2 2 2 2 2 2 2 2 2 2 2 2 2 2 2 2 2 2
left_child=20 2 3 6 14 -6 -2 8 11 -10 -8 -4 13 -9 -5 16 17 28 -19 -17 -1 22 23 -22 -25 26 -23 -28 -3 -21
right_child=1 15 7 4 5 -7 10 12 9 -11 -12 -13 -14 -15 -16 19 -18 18 -20 29 21 25 -24 24 -26 -27 27 -29 -30 -31
leaf_value=-0.00035283167707109782 0.0020402990847145598 0.00041754164160471234 -0.00072710139666927421 -9.2458828759596236e-06 0.00017522613107451578 -0.00071338543071182599 0.0014203082990250551 0.00068777327255582614 -0.00035872792554655057 0.00060070943032975485 0.00021828819792712946 5.7569380375577401e-05 -0.00054943938698296681 -4.3985407324749731e-06 0.00059811813355150993 0.0010995899963922853 0.0008022452061679777 0.00096946274644704831 0.00012185176679317878 0.00051220091271203289 -0.00023013624331005009 -0.00026310734559673163 -0.00032528352083307214 0.00070163265829940012 -0.00022935663971437168 -0.0010854089263151398 0.001912706926244247 0.00015739868879263691 0.0013135685529115056 -0.00094918999082098398
leaf_weight=7054 102 2180 329 700 797 1438 139 927 4307 243 9135 5651 198 384 659 366 487 193 3289 160 829 451 4383 357 181 74 86 778 105 44
leaf_count=7054 102 2180 329 700 797 1438 139 927 4307 243 9135 5651 198 384 659 366 487 193 3289 160 829 451 4383 357 181 74 86 778 105 44
internal_value=-4.29831e-06 0.000113505 4.48482e-05 0.000147315 -0.000137818 -0.000395229 0.000256935 -6.52962e-05 -0.000124431 -0.000306708 0.000236779 1.37834e-05 0.00034518 0.000482896 0.000283292 0.000364639 0.000326516 0.000285691 0.000169959 0.000776358 -0.000268716 -0.000185144 -0.000245282 9.08516e-06 0.000383009 6.16467e-05 0.000129251 0.000337594 0.000460585 0.000179272
internal_weight=46026 31833 25009 12970 3594 2235 9376 12039 10530 4550 9274 5980 1509 1311 1359 6824 6254 5767 3482 570 14193 7139 5750 1367 538 1389 1315 864 2285 204
internal_count=46026 31833 25009 12970 3594 2235 9376 12039 10530 4550 9274 5980 1509 1311 1359 6824 6254 5767 3482 570 14193 7139 5750 1367 538 1389 1315 864 2285 204
is_linear=0
shrinkage=0.03


Tree=87
num_leaves=31
num_cat=0
split_feature=22 11 8 21 47 5 46 69 27 12 17 2 69 3 28 63 41 49 10 51 53 41 69 22 44 17 24 8 30 6
split_gain=1.54471 0.360527 0.353925 0.23704 0.262012 0.253319 0.212169 0.220664 0.200338 0.178615 0.174334 0.173037 0.17193 0.266164 0.236267 0.348991 0.209839 0.158812 0.128698 0.124151 0.116486 0.146037 0.126305 0.188951 0.16503 0.115804 0.111996 0.123981 0.111813 0.109422
threshold=0.18108333333333335 0.039316666666666659 0.32131250000000006 0.0070791362425658517 0.2129076568131609 -9.1339886123601648 16.975000000000005 0.38168568572378603 51.338829319251047 0.29164583333333333 -17.207357819661897 4.8150000000000004 0.15005400879207817 23.150000000000002 -13.353838377528332 -71.129999999999981 0.67233887314611385 0.5773502691896284 0.24783749999999996 7.2044959507770931 6.230243308574293 0.75604814075079363 0.84753307444029569 0.37556458333333337 19.592857142857149 -163.25917285929285 -9.3382778046389951 0.38314583333333335 6.5000000000000036 -10.619409184379574
decision_type=2 2 2 2 2 2 2 2 2 2 2 2 2 2 2 2 2 2 2 2 2 2 2 2 2 2 2 2 2 2
left_child=1 -1 3 8 5 -5 7 -6 19 12 -8 -11 13 16 15 -14 -3 -15 -16 25 22 -22 26 24 -24 -2 27 -4 -7 -28
right_child=2 9 20 4 6 28 10 -9 -10 11 -12 -13 14 17 18 -17 -18 -19 -20 -21 21 -23 23 -25 -26 -27 29 -29 -30 -31
leaf_value=-0.00031767012661056008 -0.00038487440072733191 -4.4551769382550129e-05 0.00036643734394736625 0.00019617240400012585 0.0010723072811872189 0.00043269616133723523 8.3802828662594457e-05 -0.00070809658888054715 0.0010181677057445292 -0.00079294602460193832 -0.00019051772983318376 0.0014017852022920286 -6.481847682649863e-05 -0.00014846723961457943 -0.00056197032972857611 0.0004050169839204621 0.0009970646896022531 -0.00048076309585887183 0.001789883317425847 0.00094008356152981947 0.0008201367727717632 0.00013229816172922548 -0.0012104856026201667 0.00067514549687938436 -1.1625787388150696e-05 0.00024575987521059336 0.0011532336115663829 -0.00011158392040217118 0.0017655438070007144 0.00045371471827299796
leaf_weight=9175 281 496 1990 2629 277 108 3579 78 325 40 4958 133 5989 3211 773 1863 263 2213 20 215 966 406 153 210 330 3209 257 635 140 1104
leaf_count=9175 281 496 1990 2629 277 108 3579 78 325 40 4958 133 5989 3211 773 1863 263 2213 20 215 966 406 153 210 330 3209 257 635 140 1104
internal_value=-4.15241e-06 -0.000169438 0.000178591 0.000103593 3.52963e-05 0.000284239 -4.49344e-05 0.000671803 0.000302241 -7.85604e-05 -7.51655e-05 0.000875451 -8.99516e-05 -0.000210738 -3.20246e-06 4.63121e-05 0.000313267 -0.000284661 -0.000496697 0.000238374 0.000373861 0.000619022 0.000301216 -6.88865e-05 -0.000399304 0.000194029 0.000366315 0.000249661 0.00120123 0.000588758
internal_weight=46026 24176 21850 15799 11769 2877 8892 355 4030 15001 8537 173 14828 6183 8645 7852 759 5424 793 3705 6051 1372 4679 693 483 3490 3986 2625 248 1361
internal_count=46026 24176 21850 15799 11769 2877 8892 355 4030 15001 8537 173 14828 6183 8645 7852 759 5424 793 3705 6051 1372 4679 693 483 3490 3986 2625 248 1361
is_linear=0
shrinkage=0.03


Tree=88
num_leaves=31
num_cat=0
split_feature=12 11 11 70 29 70 73 7 35 69 69 69 7 53 62 46 46 17 19 53 19 65 33 51 23 42 69 0 18 69
split_gain=1.4205 0.429436 0.300987 0.300081 0.32749 0.260583 0.511573 0.248246 0.315376 0.277839 0.241685 0.254354 0.420819 0.232246 0.211548 0.196737 0.170856 0.184795 0.169212 0.158817 0.155425 0.145544 0.140592 0.126587 0.121448 0.107657 0.0934592 0.244399 0.173149 0.177792
threshold=0.16522916666666668 0.32193750000000004 0.037304166666666659 -0.15855351192338588 225.96521697396832 -0.9668120007078248 -0.1939666128437629 -15.192115019570704 1.9576350882608498 -0.5123666674339783 0.41327478071396911 0.82876241254485883 -1500.0000000000016 1.8708286933869713 61.350000000000009 19.567857142857147 27.960714285714293 -10.282695972625261 1.9245008972966257e-05 11.596702673249391 0.068639730128281687 -0.001249999999999994 1.4150551057753742 1.9023794624222716 0.010853332422392295 25.216666666666672 0.4900241286343337 15.000000000000002 0.40446319444444451 0.7266007961912001
decision_type=2 2 2 2 2 2 2 2 2 2 2 2 2 2 2 2 2 2 2 2 2 2 2 2 2 2 2 2 2 2
left_child=2 3 -1 4 5 6 -2 8 15 -10 19 16 24 -7 -14 -5 17 -12 -9 21 -20 23 -18 -4 -13 -23 -3 -28 -29 -30
right_child=1 26 10 7 -6 13 -8 18 9 -11 11 12 14 -15 -16 -17 22 -19 20 -21 -22 25 -24 -25 -26 -27 27 28 29 -31
leaf_value=-0.00031860072979826391 0.00079292390703256815 0.00046300898837777551 -0.00016154733801168738 0.00078604060147123198 0.0015981321328002397 0.00050089825263434178 -0.0003390942290100432 0.00078026661871073515 0.00084345384015128988 8.8253822569821417e-05 0.00048540204693049883 -0.0010154706259048768 0.00016138851411068162 0.00013904765973742894 -0.0010856333674489369 -0.00015269791273645576 0.00010381613881032868 -0.00044201556547821653 -0.00042123930511193914 0.00088743511955432879 0.0010249716587953598 3.0931026246196784e-05 -0.00073598326940119206 -0.00072026407428854317 -0.0003659861363797146 -0.00023958642326792534 0.00086930408325163616 -9.8357073847415345e-05 -0.0013058264058513134 0.0013523193349287859
leaf_weight=8176 450 4058 653 211 148 2477 1754 118 708 1177 1908 415 2274 4588 128 3614 841 211 2103 116 67 1896 226 878 756 4249 387 1273 25 141
leaf_count=8176 450 4058 653 211 148 2477 1754 118 708 1177 1908 415 2274 4588 128 3614 841 211 2103 116 67 1896 226 878 756 4249 387 1273 25 141
internal_value=-4.01029e-06 0.000160525 -0.000172818 8.54276e-05 0.000200248 0.000177434 -0.00010635 -4.93972e-05 5.59638e-05 0.000373792 -9.06821e-05 4.02212e-05 -0.000133009 0.000266391 9.32635e-05 -9.99379e-05 0.000235416 0.000391474 -0.00031356 -0.000204607 -0.000374753 -0.000221614 -7.17744e-05 -0.00048418 -0.000599392 -0.00015564 0.000382228 0.000200909 1.85909e-05 0.00092861
internal_weight=46026 23299 22727 17415 9417 9269 2204 7998 5710 1885 14551 6759 3573 7065 2402 3825 3186 2119 2288 7792 2170 7676 1067 1531 1171 6145 5884 1826 1439 166
internal_count=46026 23299 22727 17415 9417 9269 2204 7998 5710 1885 14551 6759 3573 7065 2402 3825 3186 2119 2288 7792 2170 7676 1067 1531 1171 6145 5884 1826 1439 166
is_linear=0
shrinkage=0.03


Tree=89
num_leaves=31
num_cat=0
split_feature=22 22 11 70 26 70 68 3 69 23 46 53 72 12 2 69 46 28 63 64 70 69 33 53 12 11 39 12 44 7
split_gain=1.37573 0.320947 0.307398 0.250355 0.305355 0.288679 0.415906 0.239924 0.391259 0.351074 0.22496 0.222083 0.196826 0.172022 0.164235 0.157129 0.235171 0.212006 0.333074 0.199367 0.149065 0.139273 0.127089 0.11967 0.114361 0.125814 0.0935711 0.092898 0.147127 0.12495
threshold=0.18108333333333335 0.035659374999999986 0.32552083333333343 -0.021515300460958474 -473.75922604389558 -0.9668120007078248 -4.9614137427203744 23.450000000000003 -0.4673548892883575 0.055599629593016391 21.160714285714292 1.8708286933869713 0.0021728423129994128 0.29164583333333333 4.8150000000000004 0.15005400879207817 24.803571428571434 -13.353838377528332 -71.129999999999981 24.500000000000004 0.87377473702374975 -0.7721494341254892 6.9369341648454791e-07 1.3587324409744121 0.20303749999999995 0.35147916666666662 0.03741657386777638 0.27238750000000006 18.43571428571429 -8.4868267591966795
decision_type=2 2 2 2 2 2 2 2 2 2 2 2 2 2 2 2 2 2 2 2 2 2 2 2 2 2 2 2 2 2
left_child=1 -1 3 4 -2 6 -6 8 12 20 -10 -7 -5 15 -15 16 19 18 -17 -3 -9 -18 -11 -19 25 -4 -16 28 -26 -29
right_child=2 13 24 7 5 11 -8 9 10 22 -12 -13 -14 14 26 17 21 23 -20 -21 -22 -23 -24 -25 27 -27 -28 29 -30 -31
leaf_value=-0.00032418163511524717 0.0016278947882662365 -7.5017091976483575e-05 0.00049861864276506279 0.00018163848412354114 0.00082406843592734258 0.00049060679938415792 -0.00030982876780006545 -0.00050932928226771711 -0.00026136978868060879 0.00010650850730319251 0.00059684128717504544 0.00014345838561429522 0.0011130875684218422 -0.00077446705503399877 -0.00030106438275264656 -6.9800060081323288e-05 -0.00047144599443659912 0.00052271391224101218 0.00038594949094343457 0.00064968840905691089 0.00010494771151716121 -0.00016747859059207471 0.0012537724487136732 -0.00060051380487055248 -0.0013003429208071 -0.0010570431344105668 0.0017191228848491198 0.00023491875490971146 0.00078039702815262742 0.00057665683194000966
leaf_weight=7425 132 1545 80 373 345 2595 1812 2082 1321 1322 345 4700 476 40 22 6247 2370 93 1874 436 419 3282 93 731 30 105 111 3537 727 1356
leaf_count=7425 132 1545 80 373 345 2595 1812 2082 1321 1322 345 4700 476 40 22 6247 2370 93 1874 436 419 3282 93 731 30 105 111 3537 727 1356
internal_value=-3.87988e-06 -0.000159867 0.000168574 0.00010038 0.000197593 0.000177131 -0.00012678 -4.40357e-05 0.000183963 -0.000191241 -8.15979e-05 0.000267409 0.000708089 -8.68389e-05 0.000849794 -9.68448e-05 -0.000196842 -1.11666e-05 3.50338e-05 8.32177e-05 -0.000405218 -0.00029553 0.000184863 -0.000469625 0.000355179 -0.000369132 0.00136282 0.000379488 0.000692373 0.000330336
internal_weight=46026 24176 21850 16015 9584 9452 2157 6431 2515 3916 1666 7295 849 16751 173 16578 7633 8945 8121 1981 2501 5652 1415 824 5835 185 133 5650 757 4893
internal_count=46026 24176 21850 16015 9584 9452 2157 6431 2515 3916 1666 7295 849 16751 173 16578 7633 8945 8121 1981 2501 5652 1415 824 5835 185 133 5650 757 4893
is_linear=0
shrinkage=0.03


Tree=90
num_leaves=31
num_cat=0
split_feature=8 11 65 70 53 35 69 42 69 21 0 46 69 47 65 39 23 13 7 70 46 0 9 35 6 57 39 35 39 23
split_gain=1.3471 0.366587 0.272398 0.240478 0.296027 0.282937 0.235574 0.202085 0.625665 0.274691 0.239027 0.231486 0.200977 0.181815 0.171376 0.225235 0.185104 0.156766 0.126088 0.122735 0.121213 0.114452 0.112462 0.111031 0.13221 0.147623 0.134981 0.0997843 0.10123 0.0891782
threshold=0.19565833333333332 0.038306250000000007 -0.0060833333333333911 0.1159303052754759 6.6848196076492661 0.80255393175562395 0.75548631800528554 23.116666666666674 -0.43664718845046341 0.089865122029519726 92.500000000000014 20.767857142857149 0.21772121422198085 0.21649048909359223 -0.0020416666666666981 1.0000000180025095e-35 0.089283006070862397 -7.7132270180652442 -63.911219561055056 -0.47495107206705001 16.546428571428574 35.000000000000007 0.086543749999999961 6.5581088134302572 -759.35543395636523 92.550000000000026 2.8639209648229232e-08 11.831840306722539 0.587219031088131 0.044782255787703014
decision_type=2 2 2 2 2 2 2 2 2 2 2 2 2 2 2 2 2 2 2 2 2 2 2 2 2 2 2 2 2 2
left_child=1 -1 20 4 5 6 -4 8 18 13 -11 -10 -7 -9 -3 17 19 22 -5 -17 -2 -18 -16 24 26 -26 -22 28 -25 -6
right_child=2 14 3 7 29 12 -8 9 11 10 -12 -13 -14 -15 15 16 21 -19 -20 -21 23 -23 -24 27 25 -27 -28 -29 -30 -31
leaf_value=-0.00029326015764978005 0.00091988272863604561 -0.00025288735146292444 0.00067146576941852769 0.0013239405847386507 0.00093756066192439305 3.8391007548978971e-05 -1.3272482430104462e-05 2.9037222922976208e-05 -0.00023985811537824737 0.0010552289889182169 -0.00064199974565053695 0.00054974887671740177 0.00039825317405223817 -0.00047175155133119057 -0.0001150592550624416 0.00017023641705600625 0.00038184528531826398 0.0019424774397549958 0.00060037830100364165 -4.6591201141472369e-05 -0.0011899127167593689 0.0015531814625094596 -0.00049512734304303033 -8.599868094347584e-05 0.00049690756263411474 -1.4407726161762656e-05 -0.00012689300221925163 0.00023223543385994042 -0.00088404032612239124 -5.2901812588029044e-05
leaf_weight=8847 118 3246 2252 397 860 3867 555 1512 1352 312 95 442 2205 1133 1843 3464 433 28 537 7269 124 94 1159 255 746 1556 849 183 354 84
leaf_count=8847 118 3246 2252 397 860 3867 555 1512 1352 312 95 442 2205 1133 1843 3464 433 28 537 7269 124 94 1159 255 746 1556 849 183 354 84
internal_value=4.5187e-06 -0.000135751 0.000191687 0.000249345 0.000339802 0.000285527 0.000535054 9.50639e-05 0.000282866 -7.18566e-05 0.000651114 -4.34481e-05 0.00016961 -0.000184442 -5.61034e-05 -1.11791e-05 5.03884e-05 -0.000240906 0.000912227 2.31182e-05 -2.25737e-05 0.000599002 -0.000262909 -5.0875e-05 2.53843e-05 0.000150133 -0.000266528 -0.000369633 -0.000555492 0.000846289
internal_weight=46171 26383 19788 15603 9823 8879 2807 5780 2728 3052 407 1794 6072 2645 17536 14290 11260 3030 934 10733 4185 527 3002 4067 3275 2302 973 792 609 944
internal_count=46171 26383 19788 15603 9823 8879 2807 5780 2728 3052 407 1794 6072 2645 17536 14290 11260 3030 934 10733 4185 527 3002 4067 3275 2302 973 792 609 944
is_linear=0
shrinkage=0.03


Tree=91
num_leaves=31
num_cat=0
split_feature=22 22 21 21 53 69 46 6 44 8 47 69 28 63 70 10 44 70 21 38 39 44 23 70 10 15 44 52 73 70
split_gain=1.33494 0.299553 0.272743 0.264594 0.282942 0.348333 0.31599 0.309713 0.221532 0.217648 0.210091 0.154652 0.220637 0.323014 0.209696 0.208223 0.195547 0.188741 0.173269 0.169159 0.151791 0.18636 0.164647 0.16026 0.235389 0.150184 0.148365 0.204392 0.126206 0.154849
threshold=0.18108333333333335 0.035659374999999986 0.0093988469018246919 0.050202064436219655 6.9460242403300123 -0.84293373149377071 24.103571428571435 -758.03897108904914 25.107142857142858 0.33593750000000006 0.79816065560509586 0.42888796625999276 -15.177103079612413 -66.884999999999977 0.030119189164198128 0.23492916666666666 25.200000000000006 0.1159303052754759 0.0025868111877153164 4.2535714285714299 0.10155927192672093 23.87857142857143 0.05773569048593704 0.72064045540576316 0.29862083333333339 -1499.999999999997 27.764285714285723 69.107142857142875 -0.018778730922303307 0.20088311396693925
decision_type=2 2 2 2 2 2 2 2 2 2 2 2 2 2 2 2 2 2 2 2 2 2 2 2 2 2 2 2 2 2
left_child=1 -1 26 4 5 6 -4 9 -9 -6 -7 15 13 17 -15 16 19 -13 -18 -3 23 -22 -23 -5 -25 -17 27 -2 29 -29
right_child=2 11 3 20 7 10 -8 8 -10 -11 -12 12 -14 14 -16 25 18 -19 -20 -21 21 22 -24 24 -26 -27 -28 28 -30 -31
leaf_value=-0.00030634448154068927 0.00072378850767825626 -7.253041724197701e-05 0.00023187413420746125 0.00028626839387799224 -0.00058116442438180748 9.3124534546949481e-05 -0.00069596248532227103 0.00069846237825320465 -0.0019337897763170044 0.00099256130704734641 -0.0004751885194725677 -0.00023338728501521387 -0.00046269119588074608 0.00067385454497616922 -0.00018264069603855147 0.0018729956209659576 -7.3752093741729409e-06 0.00012416829980458033 -0.00036779671034548175 0.00058329351751896684 -0.00013752048746503603 -0.00041809938906738016 0.00090425132033553665 -6.3533467781806742e-05 -0.0021544439309951046 0.00021323350171113142 -0.00050975406960315393 0.00027097921458772776 0.00039002449088890162 -0.00015157071374411041
leaf_weight=7512 1020 2150 445 1738 393 5906 1231 1147 28 97 648 2336 759 1107 328 69 1636 3071 4693 422 246 90 873 316 57 183 193 2550 3813 1114
leaf_count=7512 1020 2150 445 1738 393 5906 1231 1147 28 97 648 2336 759 1107 328 69 1636 3071 4693 422 246 90 873 316 57 183 193 2550 3813 1114
internal_value=4.38729e-06 -0.000148807 0.000174229 8.80562e-05 9.9764e-06 -6.18783e-05 -0.000447829 0.000366775 0.000631594 -0.000262134 3.64133e-05 -7.79785e-05 2.16937e-05 7.59259e-05 0.000476004 -0.000161071 -0.00018544 -2.97672e-05 -0.00027512 3.40926e-05 0.00031979 0.000588679 0.00077725 0.000164168 -0.000395984 0.000685157 0.000304903 0.000323818 0.000268764 0.000141683
internal_weight=46171 24266 21905 13215 9895 8230 1676 1665 1175 490 6554 16754 7601 6842 1435 9153 8901 5407 6329 2572 3320 1209 963 2111 373 252 8690 8497 7477 3664
internal_count=46171 24266 21905 13215 9895 8230 1676 1665 1175 490 6554 16754 7601 6842 1435 9153 8901 5407 6329 2572 3320 1209 963 2111 373 252 8690 8497 7477 3664
is_linear=0
shrinkage=0.03


Tree=92
num_leaves=31
num_cat=0
split_feature=12 11 55 11 46 53 69 29 70 70 0 69 69 7 7 41 66 46 46 26 53 42 70 69 42 9 7 72 35 46
split_gain=1.26305 0.278326 0.22538 0.2225 0.204979 0.452919 0.363675 0.328383 0.304132 0.270758 0.252034 0.187721 0.218889 0.321895 0.458834 0.151609 0.139215 0.136151 0.161364 0.148229 0.135136 0.121828 0.0944496 0.150226 0.215513 0.209686 0.195689 0.19352 0.121873 0.120234
threshold=0.16106249999999997 0.32193750000000004 208.10000000000002 0.037304166666666659 22.38571428571429 3.7999421626596659 -0.52707282776374165 1.7306362191506626 -0.87792756428346708 0.064506059999340642 27.500000000000004 0.41327478071396911 0.81900730237416519 -1499.9999999999989 -1499.999999999997 0.72894870098491826 -0.014874999999999984 27.960714285714293 25.753571428571437 -97.348780909152524 11.596702673249391 25.216666666666672 -0.19244445339415753 -0.48250327361223916 24.483333333333338 0.37842083333333337 -844.75762544341444 -0.66963093884499958 13.54233289417129 19.567857142857147
decision_type=2 2 2 2 2 2 2 2 2 2 2 2 2 2 2 2 2 2 2 2 2 2 2 2 2 2 2 2 2 2
left_child=3 2 4 -1 6 9 7 -2 -8 -6 -7 16 17 15 -15 -14 -5 18 -13 -19 21 -18 28 24 -24 -26 27 -25 -3 -28
right_child=1 22 -4 11 5 10 8 -9 -10 -11 -12 12 13 14 -16 -17 20 19 -20 -21 -22 -23 23 26 25 -27 29 -29 -30 -31
leaf_value=-0.00028234006691080612 2.9122272488033673e-05 0.00046962327082746919 0.0017078959980728822 -0.00046711892677638159 0.00021792018709126937 -0.0005767559625201173 0.00052932184071733594 0.00096811856835588321 -9.6326931037452821e-05 -9.7721654728114086e-05 0.00010497133514748901 -0.00022351889666197031 -0.00064162967079043839 0.0011263088648075944 -8.5620984112858326e-05 0.00022031500966363952 4.4986707344314387e-05 0.00014254294282404047 0.00048610745192468534 -0.00070856554247582043 0.0009112010679742194 -0.00024071882935019435 0.00087229976606924265 0.00024217975371559677 0.00034420824843920138 -0.001010032425794978 -9.5774096458208277e-05 -0.00094275858788258108 -0.0017973669958966118 0.00051231464904234899
leaf_weight=8227 520 2987 77 1330 7011 1535 978 978 2431 3740 705 342 1103 328 1915 214 1982 741 1661 243 109 4063 596 202 534 126 521 306 20 646
leaf_count=8227 520 2987 77 1330 7011 1535 978 978 2431 3740 705 342 1103 328 1915 214 1982 741 1661 243 109 4063 596 202 534 126 521 306 20 646
internal_value=4.24742e-06 0.000155689 9.66182e-05 -0.00015832 8.94235e-05 2.6762e-05 0.000254666 0.000644403 8.23868e-05 0.000107839 -0.000360905 -8.53721e-05 3.15569e-05 -0.000126786 9.06889e-05 -0.000499235 -0.000188053 0.000221259 0.000363395 -6.50996e-05 -0.000127188 -0.000146555 0.000333952 0.000210726 0.000458743 7.99959e-05 2.27978e-05 -0.000466138 0.000452955 0.000238419
internal_weight=46171 23913 17975 22258 17898 12991 4907 1498 3409 10751 2240 14031 6547 3560 2243 1317 7484 2987 2003 984 6154 6045 5938 2931 1256 660 1675 508 3007 1167
internal_count=46171 23913 17975 22258 17898 12991 4907 1498 3409 10751 2240 14031 6547 3560 2243 1317 7484 2987 2003 984 6154 6045 5938 2931 1256 660 1675 508 3007 1167
is_linear=0
shrinkage=0.03


Tree=93
num_leaves=31
num_cat=0
split_feature=22 22 70 40 44 23 53 57 69 44 69 7 40 23 69 7 51 70 7 7 22 69 47 22 20 69 28 63 70 10
split_gain=1.18369 0.266876 0.230689 0.310948 0.424326 0.244848 0.23356 0.213329 0.275865 0.181083 0.632991 0.296903 0.271606 0.262553 0.237006 0.209611 0.177911 0.199184 0.169733 0.160065 0.158174 0.209836 0.142509 0.161381 0.147717 0.138016 0.205944 0.251312 0.223189 0.194951
threshold=0.18108333333333335 0.035659374999999986 -0.19244445339415753 3.3789285714285722 27.764285714285723 0.059059829534046336 7.0211611074454154 51.149999999999999 0.25118773779856129 23.450000000000006 -0.43664718845046341 -1499.2057758465926 4.0503571428571439 0.055599629593016391 -0.98211651112579568 -63.911219561055056 1.951800145896196 -0.91583036384466876 -85.06562915558446 -6.9846740349841019 0.33015741341991345 -0.69016699705532225 0.51950948970186028 0.37089012034161489 0.31414910714285721 0.42888796625999276 -12.818552476944587 -95.304999999999993 0.1159303052754759 0.23492916666666666
decision_type=2 2 2 2 2 2 2 2 2 2 2 2 2 2 2 2 2 2 2 2 2 2 2 2 2 2 2 2 2 2
left_child=1 -1 3 6 7 -6 16 18 -9 10 11 -4 -12 22 -13 -14 17 -2 -5 -18 21 -15 23 -11 -24 29 27 28 -27 -3
right_child=2 25 9 4 5 -7 -8 8 -10 13 12 14 15 20 -16 -17 19 -19 -20 -21 -22 -23 24 -25 -26 26 -28 -29 -30 -31
leaf_value=-0.00028883033036439904 -0.00014583525434417466 -0.00017534903127919721 0.0014129337062414448 0.00042130769063267859 -0.0009247832216466819 0.00033184678274623226 0.0012553155692417214 0.00015564731567043754 0.00059312219284043976 -7.7508681283737369e-05 -0.00034096451043470917 -0.00019081080140860874 -0.00013211700213805862 0.00071426925268819395 0.00073245756459532627 0.00056162530432002356 -0.00024830823545247017 0.000451757316827162 0.0011049982391728159 0.00064428001083433625 -0.00070120185865853266 6.1433441157005003e-05 -0.00070075874398203017 -0.001530226247201503 0.001110080358239689 -0.00030550531599090176 -0.00051635583341112811 0.00033030466779352286 0.00011183451956249021 0.00066702893017809618
leaf_weight=7512 817 8901 389 643 336 233 141 2840 2427 2665 1489 355 751 660 809 806 2030 1275 711 196 159 1381 681 70 41 1924 590 2223 2864 252
leaf_count=7512 817 8901 389 643 336 233 141 2840 2427 2665 1489 355 751 660 809 806 2030 1275 711 196 159 1381 681 70 41 1924 590 2223 2864 252
internal_value=4.12497e-06 -0.000140126 0.00016406 0.000255484 0.000377608 -0.000405263 5.78505e-05 0.00044539 0.000357877 5.99114e-05 0.000199837 0.000692668 -5.05932e-05 -5.33294e-05 0.000448379 0.000225212 1.77722e-05 0.000216985 0.000783086 -0.000168114 0.000202108 0.000274257 -0.000216766 -0.000116332 -0.000592385 -7.32593e-05 2.08813e-05 6.65867e-05 -5.52708e-05 -0.000151759
internal_weight=46171 24266 21905 11649 7190 569 4459 6621 5267 10256 4599 1553 3046 5657 1164 1557 4318 2092 1354 2226 2200 2041 3457 2735 722 16754 7601 7011 4788 9153
internal_count=46171 24266 21905 11649 7190 569 4459 6621 5267 10256 4599 1553 3046 5657 1164 1557 4318 2092 1354 2226 2200 2041 3457 2735 722 16754 7601 7011 4788 9153
is_linear=0
shrinkage=0.03


Tree=94
num_leaves=31
num_cat=0
split_feature=12 11 55 20 65 46 29 24 66 39 41 0 70 29 43 0 53 69 66 7 64 63 6 44 73 39 68 63 7 25
split_gain=1.12865 0.254058 0.212132 0.197787 0.184915 0.182654 0.326369 0.217626 0.175572 0.152007 0.128618 0.208749 0.130805 0.123492 0.178868 0.161121 0.160155 0.140601 0.10713 0.105959 0.102239 0.105899 0.0936741 0.0922782 0.0922152 0.185274 0.177077 0.164066 0.166419 0.126984
threshold=0.16106249999999997 0.32193750000000004 208.10000000000002 0.087998511904761892 -0.0062500000000000029 22.38571428571429 2.1056819238981865 -9.4901594511580161 -0.014874999999999984 2.8639209648229232e-08 0.78535006542464225 15.000000000000002 -0.2093068927635835 44.050835265582641 0.057735026918963171 47.500000000000007 3.7151309266560562 0.63209755774300602 0.16709583333333336 -484.41783110830869 179.50000000000003 -223.40999999999997 -805.85097580645402 19.178571428571434 -0.21056949864858329 0.08552359741197553 -3.0260877736795773 -93.654999999999987 -10.473612964179972 42.69917708901415
decision_type=2 2 2 2 2 2 2 2 2 2 2 2 2 2 2 2 2 2 2 2 2 2 2 2 2 2 2 2 2 2
left_child=3 2 4 20 10 6 -6 -7 9 22 12 -12 -2 14 15 -10 18 -16 -15 -11 21 -1 -5 -18 25 26 29 -27 -29 -3
right_child=1 24 -4 8 5 7 -8 -9 13 19 11 -13 -14 16 17 -17 23 -19 -20 -21 -22 -23 -24 -25 -26 27 -28 28 -30 -31
leaf_value=0.00063633994784285724 0.00017448039636448927 0.0008290915573849829 0.0016539137641576908 -0.0019764653749109523 -7.7559247117489659e-05 5.6771003577427731e-06 0.00051163315595786538 0.00036705145780908287 0.00036992748083111693 8.6951702152977554e-05 -0.0010390229694154187 7.233094327374877e-06 -0.00023229622274776923 -0.00031681962203205328 -0.00036352913883821569 -4.7320513042121191e-05 -0.00088543336754664777 0.00010450662167999205 0.0016812624068787464 -0.00041393238805155052 -0.00029294617528850044 -0.00014768663605955207 -0.00050526457412991359 0.00078896965982742375 0.00037389368783749023 0.001209931341641479 -0.0016834442888809004 -0.00012432518976630635 0.0010319877202156931 -0.0017866069721058008
leaf_weight=157 1470 66 77 73 1270 8811 2485 1811 1422 629 319 358 1374 299 1705 1983 29 860 25 927 7706 5841 100 502 4841 134 96 646 134 21
leaf_count=157 1470 66 77 73 1270 8811 2485 1811 1422 629 319 358 1374 299 1705 1983 29 860 25 927 7706 5841 100 502 4841 134 96 646 134 21
internal_value=4.00797e-06 0.000147169 9.07229e-05 -0.000149663 8.37381e-05 0.000131553 0.000311593 6.76009e-05 -3.60446e-05 -0.00030615 -0.00011063 -0.00048214 -2.10006e-05 3.19774e-05 -1.58562e-05 0.000126108 0.000369107 -0.000205456 -0.000148717 -0.000209602 -0.000220356 -0.000126562 -0.00115109 0.000690392 0.000317488 6.57289e-05 -0.000799186 0.000242864 7.15492e-05 0.000150498
internal_weight=46171 23913 17975 22258 17898 14377 3755 10622 8554 1729 3521 677 2844 6825 5970 3405 855 2565 324 1556 13704 5998 173 531 5938 1097 183 914 780 87
internal_count=46171 23913 17975 22258 17898 14377 3755 10622 8554 1729 3521 677 2844 6825 5970 3405 855 2565 324 1556 13704 5998 173 531 5938 1097 183 914 780 87
is_linear=0
shrinkage=0.03


Tree=95
num_leaves=31
num_cat=0
split_feature=12 20 65 0 0 53 0 7 69 47 64 19 39 53 69 7 53 69 41 29 11 0 0 63 64 9 10 53 69 37
split_gain=1.02879 0.269222 0.210668 0.195185 0.24157 0.467411 0.20048 0.185156 0.182102 0.387928 0.314834 0.171702 0.214576 0.180639 0.278497 0.169547 0.168048 0.146423 0.144294 0.133542 0.122521 0.177754 0.113497 0.111058 0.110347 0.122672 0.108986 0.0997565 0.097886 0.0945562
threshold=0.19774999999999998 0.087998511904761892 -0.0060833333333333911 27.500000000000004 15.000000000000002 6.4641870552850103 35.000000000000007 -363.60620418940567 0.41327478071396911 0.52398515204211782 595.50000000000011 0.090689699159082079 4.8991017055294459e-09 6.845629069898294 0.36571913681022045 -19.011519745241959 1.0690449676496601 0.823915376013162 0.91213521947453302 65.187106387011951 0.25460416666666669 72.500000000000014 92.500000000000014 100.16000000000001 44.500000000000007 0.1554791666666667 0.20212708333333337 11.596702673249391 -0.82391537601316178 1.0000000180025095e-35
decision_type=2 2 2 2 2 2 2 2 2 2 2 2 2 2 2 2 2 2 2 2 2 2 2 2 2 2 2 2 2 2
left_child=1 27 18 4 8 7 24 -6 9 -3 -10 13 -13 16 -15 -7 23 -16 -2 -18 21 -8 26 -4 25 -5 -14 -1 -20 -22
right_child=2 3 11 6 5 15 20 -9 10 -11 -12 12 22 14 17 -17 19 -19 28 -21 29 -23 -24 -25 -26 -27 -28 -29 -30 -31
leaf_value=-0.00022169544990247806 1.1834568669298014e-05 0.00012010801056142066 0.00022595570320777664 0.0010922886759759105 4.8229466334212045e-05 0.00012448381252690253 6.3919757103839429e-05 -0.00072493209975504945 0.00029854311100066717 -0.00059771848738099376 -0.0008608688084992724 -6.1189290831264643e-05 0.001863907363271244 0.00076878059884116182 -0.00030596664816772313 0.0014383504386830798 5.8517575086570957e-05 0.00044213161023010073 0.00043218370413747976 0.00057994374470130092 0.00049210376806152847 -0.00046186932790578613 -0.00061560766920447352 0.00060986653058221947 2.6457550740832785e-05 0.00026768247369520366 0.00078668378431836822 0.00044202343988838358 -0.00098269067054639601 -0.00044646749865058635
leaf_weight=13765 3218 1684 2688 367 330 469 2670 1571 2211 1127 231 209 158 1140 466 110 8990 471 51 466 697 736 29 931 312 313 219 203 221 108
leaf_count=13765 3218 1684 2688 367 330 469 2670 1571 2211 1127 231 209 158 1140 466 110 8990 471 51 466 697 736 29 931 312 313 219 203 221 108
internal_value=-5.72543e-07 -0.000120457 0.00016676 -2.15817e-05 -0.000117359 -0.000361332 0.000120187 -0.000589185 -1.55856e-06 -0.00016673 0.000187334 0.000213473 0.000706353 0.000193225 0.000453791 0.000381318 0.000151572 6.69506e-05 -4.34226e-05 8.45897e-05 2.90018e-05 -4.89193e-05 0.00110802 0.000325688 0.000503823 0.000718083 0.00124982 -0.000211804 -0.000705801 0.000362064
internal_weight=46161 26904 19257 12936 7733 2480 5203 1901 5253 2811 2442 15767 615 15152 2077 579 13075 937 3490 9456 4211 3406 406 3619 992 680 377 13968 272 805
internal_count=46161 26904 19257 12936 7733 2480 5203 1901 5253 2811 2442 15767 615 15152 2077 579 13075 937 3490 9456 4211 3406 406 3619 992 680 377 13968 272 805
is_linear=0
shrinkage=0.03


Tree=96
num_leaves=31
num_cat=0
split_feature=12 22 65 70 53 35 73 69 44 7 69 41 69 17 63 70 70 10 23 7 53 11 44 0 69 68 17 53 7 70
split_gain=0.968047 0.257242 0.198226 0.168017 0.321673 0.246471 0.230701 0.369431 0.276436 0.174069 0.169256 0.136204 0.127807 0.280868 0.368907 0.226297 0.200806 0.140073 0.174224 0.162977 0.149908 0.139791 0.146215 0.115937 0.132561 0.11552 0.15171 0.0988884 0.131667 0.125662
threshold=0.19774999999999998 0.035659374999999986 -0.0060833333333333911 0.13300977955191609 6.7663110343475665 0.55355990771463914 -0.018778730922303307 -0.43664718845046341 22.150000000000002 -1119.644632236201 0.21772121422198085 0.85370878005088935 0.41327478071396911 -10.377641501591908 -95.304999999999993 0.030119189164198128 1.0000000180025095e-35 0.24342083333333334 0.0067259823717254657 -18.195647904692319 7.99123828772625 0.11285208333333331 17.078571428571433 15.000000000000002 -0.23448921811828094 -44.405826626933894 -114.38549053050509 6.6120934823836466 -76.442463833338209 0.63207999751838673
decision_type=2 2 2 2 2 2 2 2 2 2 2 2 2 2 2 2 2 2 2 2 2 2 2 2 2 2 2 2 2 2
left_child=1 -1 11 4 5 -4 25 8 -8 -9 -7 27 17 14 16 -16 -14 18 20 -20 -3 -19 -23 -13 -25 26 -5 -2 29 -29
right_child=2 12 3 6 -6 10 7 9 -10 -11 -12 23 13 -15 15 -17 -18 21 19 -21 -22 22 -24 24 -26 -27 -28 28 -30 -31
leaf_value=-0.00026759795380778417 -5.2405552009319653e-05 -5.0312434575322893e-05 0.00048521073150563029 0.0009516221128773308 0.00081644170480368481 1.6343346050845798e-05 0.001047719139612195 -0.00071511651129587707 0.00018101123412967595 9.3199151243199822e-05 0.00032894057730443793 -0.0011495623583097894 -0.00032861172130244125 -0.00061251826987842076 0.00049945354798993323 -9.6144034324587016e-05 5.317051169160732e-05 0.0013045374750894935 -0.00037278112579194281 -3.2439231355717691e-05 0.00076310038954407956 0.0016165223626731806 -4.7634752792307758e-06 0.0010051113567662549 -0.0005714576798890919 -0.00022716310538324961 -0.00023149029542797835 0.0002945071152492386 0.0008287833934954665 -0.0012105725272558627
leaf_weight=7395 2547 3378 2440 186 920 4245 682 282 663 1557 2483 172 1876 583 2143 773 3625 94 4058 1870 216 52 841 66 165 2112 197 183 290 67
leaf_count=7395 2547 3378 2440 186 920 4245 682 282 663 1557 2483 172 1876 583 2143 773 3625 94 4058 1870 216 52 841 66 165 2112 197 183 290 67
internal_value=-5.28776e-07 -0.000116822 0.000161786 0.0002071 0.000280684 0.000226511 7.58332e-05 0.000245403 0.000623168 -2.94422e-05 0.000132186 -4.2073e-05 -5.95046e-05 2.31857e-05 6.76414e-05 0.00034056 -7.65191e-05 -0.000130602 -0.000166043 -0.000265949 -3.93027e-07 0.000208093 8.7992e-05 -0.000560381 -0.000105688 -0.000139374 0.000336245 2.47788e-05 0.000393801 -0.000100118
internal_weight=46161 26904 19257 15767 10088 9168 5679 3184 1345 1839 6728 3490 19509 9000 8417 2916 5501 10509 9522 5928 3594 987 893 403 231 2495 383 3087 540 250
internal_count=46161 26904 19257 15767 10088 9168 5679 3184 1345 1839 6728 3490 19509 9000 8417 2916 5501 10509 9522 5928 3594 987 893 403 231 2495 383 3087 540 250
is_linear=0
shrinkage=0.03


Tree=97
num_leaves=31
num_cat=0
split_feature=8 11 70 24 60 6 52 7 73 69 42 20 18 20 35 21 6 11 37 7 30 69 44 44 63 35 21 69 51 70
split_gain=0.845663 0.242319 0.169305 0.267888 0.206233 0.201001 0.264798 0.158492 0.15459 0.210447 0.242228 0.159517 0.15365 0.239284 0.174384 0.163586 0.14606 0.136791 0.135851 0.135212 0.122925 0.11836 0.272417 0.199521 0.259565 0.267262 0.223036 0.188762 0.154589 0.24082
threshold=0.19565833333333332 0.037304166666666659 -0.19244445339415753 -523.84198887837044 45.385000000000012 -759.35543395636523 74.107142857142875 -1499.9999999999989 0.24052653430960905 -0.71466676797886819 18.816666666666674 0.21357083333333335 0.31135833333333346 0.19376488095238095 3.5037694010373815e-07 2.0044593147621389e-05 -613.47868879320561 0.3490375 0.76213515791097819 -7.6643886267027357 0.76666666666666694 0.047320950113892181 21.778571428571436 24.321428571428577 -71.129999999999981 12.689089394893989 0.00063298340283792615 -0.2595093939220976 2.138089935300227 0.76663042157996963
decision_type=2 2 2 2 2 2 2 2 2 2 2 2 2 2 2 2 2 2 2 2 2 2 2 2 2 2 2 2 2 2
left_child=1 -1 3 -2 18 7 -7 -6 12 11 17 -10 13 14 -4 -15 -12 -11 19 -5 -13 22 27 -23 26 -26 -25 -3 -24 -30
right_child=2 21 8 4 5 6 -8 -9 9 10 16 20 -14 15 -16 -17 -18 -19 -20 -21 -22 23 28 24 25 -27 -28 -29 29 -31
leaf_value=-0.00024706263277516179 0.0015482552703318146 0.00056811266540871366 0.00092674672172690274 -2.7489104911216497e-06 0.00038539995861174248 0.00090286167486489132 0.00030122282647718229 -0.00025439757109221872 -0.00050747974354611782 -0.00047374335875022494 -3.5073312708226366e-05 2.7822789539266183e-05 0.00017674535275511184 0.0014507490555471223 -2.6152062505267773e-05 -0.00020488943204081687 0.00075205447927950643 -0.002579338069073856 -0.00060663386720226885 0.00063591398422526389 0.0012669042150826827 -0.00037792834695516596 -0.00010174329771412396 0.00039996022883346692 0.00037013870909871497 -0.0013240371727869238 -0.00010760099027903053 -0.00040414126652280963 -0.00057932995225111114 0.00011591450777558922
leaf_weight=8200 137 738 322 2466 563 769 4884 910 68 152 498 96 2835 53 359 4237 360 35 291 337 365 1036 4596 899 2537 85 5754 233 1753 593
leaf_count=8200 137 738 322 2466 563 769 4884 910 68 152 498 96 2835 53 359 4237 360 35 291 337 365 1036 4596 899 2537 85 5754 233 1753 593
internal_value=-5.06179e-07 -0.000111544 0.000147998 0.000231702 0.00021361 0.000302411 0.000383742 -7.72769e-06 5.52408e-05 0.000326362 7.61484e-05 0.000813905 1.52851e-07 -9.99711e-05 0.00042071 -0.000183403 0.000292189 -0.00089542 8.0841e-06 7.3166e-05 0.00101599 -5.03915e-05 -0.000137698 1.6326e-05 6.07229e-05 0.000313589 -3.85151e-05 0.00033155 -0.000203803 -0.00040234
internal_weight=46161 26424 19737 10357 10220 7126 5653 1473 9380 1574 1045 529 7806 4971 681 4290 858 187 3094 2803 461 18224 7913 10311 9275 2622 6653 971 6942 2346
internal_count=46161 26424 19737 10357 10220 7126 5653 1473 9380 1574 1045 529 7806 4971 681 4290 858 187 3094 2803 461 18224 7913 10311 9275 2622 6653 971 6942 2346
is_linear=0
shrinkage=0.03


Tree=98
num_leaves=31
num_cat=0
split_feature=12 20 65 0 0 3 23 69 46 0 40 19 39 42 69 7 41 0 26 41 11 0 41 0 64 10 22 22 41 69
split_gain=0.866855 0.231338 0.184149 0.181849 0.224404 0.285644 0.234711 0.227866 0.227821 0.187487 0.169082 0.16288 0.202303 0.152824 0.271795 0.344026 0.204493 0.195728 0.166212 0.127055 0.113304 0.16774 0.111141 0.106257 0.100597 0.100377 0.0996859 0.0939728 0.0897187 0.0882878
threshold=0.19774999999999998 0.087998511904761892 -0.0060833333333333911 27.500000000000004 15.000000000000002 22.050000000000004 0.016379505188849831 0.63874350706337069 24.025000000000006 35.000000000000007 3.9910714285714293 0.090689699159082079 4.8991017055294459e-09 22.216666666666672 -0.4673548892883575 -15.192115019570704 0.059669418971861836 15.000000000000002 -9.1711666839023991 0.91213521947453302 0.25460416666666669 72.500000000000014 0.30907074464548095 92.500000000000014 44.500000000000007 0.20212708333333337 0.28162589932712218 0.37089012034161489 0.153602347897037 -0.82391537601316178
decision_type=2 2 2 2 2 2 2 2 2 2 2 2 2 2 2 2 2 2 2 2 2 2 2 2 2 2 2 2 2 2
left_child=1 -1 19 4 6 10 22 -8 -7 24 -6 13 28 14 15 -4 27 -16 -18 -2 21 -11 -3 25 -5 -14 -22 -15 -13 -21
right_child=2 3 11 9 5 8 7 -9 -10 20 -12 12 23 16 17 -17 18 -19 -20 29 26 -23 -24 -25 -26 -27 -28 -29 -30 -31
leaf_value=-0.00019521703671055969 8.4247933291433544e-06 -3.9433163994221462e-05 0.00098023408348345449 0.00069361640758671913 -0.0002630191019894223 -0.0014734934947926376 -0.00032844546471220168 0.0001602407403462656 -0.0004493803499037127 6.444928618128408e-05 0.00052060264743355512 0.00041963798029043004 0.0017941615227093691 0.00040173027496063677 0.00067507678247221922 0.00010610842058754975 -4.8428768951093735e-05 7.9056851005979603e-05 0.000328515629357832 0.00041400958140058302 0.00055202910359656849 -0.00044632371685535897 0.00047219910719267067 -0.00059889809191226951 3.2600163674326438e-05 0.00075864521839830558 -0.00019378896777431457 -0.00025958758685737848 -0.00084062720502593692 -0.00092812107684880473
leaf_weight=13968 3218 572 988 680 671 239 2188 1403 1179 2670 391 126 158 2165 581 701 5739 3485 1287 51 591 736 1090 29 312 219 214 206 83 221
leaf_count=13968 3218 572 988 680 671 239 2188 1403 1179 2670 391 126 158 2165 581 701 5739 3485 1287 51 591 736 1090 29 312 219 214 206 83 221
internal_value=-4.89696e-07 -0.00011054 0.000153104 -1.88682e-05 -0.000111326 -0.000346465 0 -0.00013669 -0.000625023 0.000117966 2.28856e-05 0.000196783 0.000676766 0.00017706 0.000299066 0.000619491 0.000101996 0.000165106 2.02287e-05 -4.33672e-05 2.97579e-05 -4.51413e-05 0.000294392 0.00106685 0.000488979 0.00120416 0.000350045 0.000342923 -6.81841e-05 -0.000664888
internal_weight=46161 26904 19257 12936 7733 2480 5253 3591 1418 5203 1062 15767 615 15152 5755 1689 9397 4066 7026 3490 4211 3406 1662 406 992 377 805 2371 209 272
internal_count=46161 26904 19257 12936 7733 2480 5253 3591 1418 5203 1062 15767 615 15152 5755 1689 9397 4066 7026 3490 4211 3406 1662 406 992 377 805 2371 209 272
is_linear=0
shrinkage=0.03


Tree=99
num_leaves=31
num_cat=0
split_feature=12 22 65 53 69 19 39 70 23 53 48 64 0 41 69 46 46 63 58 23 64 53 0 47 0 70 69 21 41 20
split_gain=0.815812 0.219653 0.173508 0.150936 0.189861 0.161236 0.171893 0.151709 0.150063 0.286271 0.172211 0.137475 0.117387 0.111983 0.111746 0.255837 0.187411 0.174844 0.221398 0.220776 0.160799 0.176809 0.121355 0.222826 0.0959279 0.109605 0.104129 0.0835086 0.0806391 0.0788128
threshold=0.19774999999999998 0.035659374999999986 -0.0048750000000000104 7.1897362741834243 0.45972848220565493 0.090689699159082079 4.8991017055294459e-09 0.51972456038539816 0.010715769223046512 1.0690449676496601 65.833333333333357 1090.5000000000002 92.500000000000014 0.91213521947453302 -0.74981945761428159 24.646428571428576 19.38214285714286 -95.304999999999993 12.110000000000008 0.0036739130858731562 35.500000000000007 6.4641870552850103 22.500000000000004 0.55810708334833203 15.000000000000002 -0.44437817810461328 -0.25118773779856163 0.040210871090016267 0.153602347897037 0.37689708646616543
decision_type=2 2 2 2 2 2 2 2 2 2 2 2 2 2 2 2 2 2 2 2 2 2 2 2 2 2 2 2 2 2
left_child=1 -1 13 5 29 8 28 11 10 -10 -4 -6 -8 -2 15 20 -16 19 -19 -18 21 -3 23 -17 25 -15 -26 -24 -7 -5
right_child=2 14 3 4 7 6 12 -9 9 -11 -12 -13 -14 24 16 22 17 18 -20 -21 -22 -23 27 -25 26 -27 -28 -29 -30 -31
leaf_value=-0.00024655787841907208 2.1914308728683247e-05 -0.00016501581817132948 0.00093577298553282166 0.00085395469410869888 0.00062031138318178081 0.0004071479631011744 0.0011617549048576379 -0.00041244760078158429 0.00030288881407460814 -6.5660892393944485e-05 0.00022584846268717523 -0.0014637678109342231 -0.00087426457296197228 -0.0020593466860961847 -0.0005031613157445025 -0.00033560872821677057 0.00023382472404293432 -3.0936672441664014e-05 0.00032473727351525132 -0.00015965454221177538 0.0014673832980635917 0.00062599272058699472 -0.00016660069993869808 -0.0014448223331592434 0.0010744267044938169 -0.00024355740912869806 -0.00054660488185990185 -0.00086053983233332163 -0.00081581355291060519 -5.4322037886937734e-06
leaf_weight=7395 3908 858 335 815 395 126 361 298 2923 5376 4179 29 25 65 681 560 1578 3596 2783 6762 78 359 1845 236 47 63 134 173 77 101
leaf_count=7395 3908 858 335 815 395 126 361 298 2923 5376 4179 29 25 65 681 560 1578 3596 2783 6762 78 359 1845 236 47 63 134 173 77 101
internal_value=-4.6175e-07 -0.000107225 0.00014854 0.000196239 0.000468994 0.000162647 0.000648981 0.00010015 0.000140007 6.38058e-05 0.000279395 0.000467601 0.00102022 -2.08774e-05 -5.42464e-05 -0.000193296 -1.69405e-05 5.38417e-06 0.000123791 -8.48261e-05 0.00015396 6.61813e-05 -0.000354166 -0.000669635 -0.000570077 -0.00119771 -0.0001056 -0.000227974 -4.37533e-05 0.000756023
internal_weight=46161 26904 19257 15040 1638 13402 589 722 12813 8299 4514 424 386 4217 19509 4109 15400 14719 6379 8340 1295 1217 2814 796 309 128 181 2018 203 916
internal_count=46161 26904 19257 15040 1638 13402 589 722 12813 8299 4514 424 386 4217 19509 4109 15400 14719 6379 8340 1295 1217 2814 796 309 128 181 2018 203 916
is_linear=0
shrinkage=0.03


Tree=100
num_leaves=31
num_cat=0
split_feature=8 12 53 7 23 21 69 44 44 70 8 69 20 23 0 39 70 23 6 24 14 53 5 22 0 10 8 41 34 12
split_gain=0.834475 0.211594 0.205668 0.297404 0.227483 0.359957 0.238378 0.195558 0.166501 0.207084 0.160358 0.149172 0.1699 0.161971 0.133616 0.259005 0.231564 0.18057 0.166333 0.144138 0.151159 0.271935 0.164314 0.132415 0.118384 0.244731 0.200848 0.128816 0.128763 0.120885
threshold=0.19565833333333332 0.075364583333333304 6.9460242403300123 -85.06562915558446 0.059059829534046336 0.0096478697410089676 -0.85206963063867713 24.107142857142858 25.107142857142858 0.49001051533419943 0.34337083333333335 0.21772121422198085 0.19753988095238095 0.043008941231296782 27.500000000000004 1.0000000180025095e-35 -0.30081980763566762 0.084486852739744947 -17.86842523941521 -6.1409103658028004 -17.138908241381294 1.9889806323953902 -1500.0000000000016 0.29130297619047624 57.500000000000007 0.16784523809523808 0.2889107142857143 0.10784604411275127 1.7142857142857146 0.26302708333333336
decision_type=2 2 2 2 2 2 2 2 2 2 2 2 2 2 2 2 2 2 2 2 2 2 2 2 2 2 2 2 2 2
left_child=1 -1 4 10 5 -2 7 -7 9 23 11 13 -13 -4 19 -16 18 -18 -17 20 22 -22 -3 -5 26 -26 29 -27 -28 -6
right_child=2 14 3 8 24 6 -8 -9 -10 -11 -12 12 -14 -15 15 16 17 -19 -20 -21 21 -23 -24 -25 25 27 28 -29 -30 -31
leaf_value=-0.00018616352627106469 0.0002160550844179652 -0.00046464052479549124 0.00050142575066756663 0.0014102808725317505 0.0011843308371176275 7.9094634839864514e-05 0 -0.00066594535228737661 -0.0014980906504555604 0.00026752435963599302 0.00072003019511623228 0.0010641323980733245 -0.00062484533815349301 -0.0010199459552611798 -0.00035040198256830273 0.00077266998567066219 -3.3253627273639703e-05 0.0012834432460720453 0 0.0015577735320257487 0.00020718384213916697 -0.00047951879834453199 3.8052962534794843e-05 0.00066094410982070017 -0.00079313143274760075 0.00054413380928830296 -0.00043821000502052406 -2.1973760548475507e-05 0.00048729084044858375 0.00051332878219614213
leaf_weight=13319 6807 648 424 419 387 453 5343 1004 29 554 267 58 496 72 793 934 1718 98 338 47 718 1821 5925 483 210 825 258 626 281 725
leaf_count=13319 6807 648 424 419 387 453 5343 1004 29 554 267 58 496 72 793 934 1718 98 338 47 718 1821 5925 483 210 825 258 626 281 725
internal_value=8.31185e-06 -0.000102044 0.000155963 0.000394435 0.00011627 6.17175e-05 -9.23469e-05 -0.00043235 0.000685564 0.000732115 6.36219e-05 -0.000100965 -0.000441017 0.000272937 -1.58869e-05 0.000131328 0.000256081 3.68178e-05 0.000566485 -7.86021e-05 -8.75417e-05 -0.000284141 -1.11119e-05 0.00101353 0.000339403 0.000157838 0.000520046 0.000297987 3.874e-05 0.000750402
internal_weight=46080 26359 19721 2802 16919 13607 6800 1457 1485 1456 1317 1050 554 496 13040 3881 3088 1816 1272 9159 9112 2539 6573 902 3312 1661 1651 1451 539 1112
internal_count=46080 26359 19721 2802 16919 13607 6800 1457 1485 1456 1317 1050 554 496 13040 3881 3088 1816 1272 9159 9112 2539 6573 902 3312 1661 1651 1451 539 1112
is_linear=0
shrinkage=0.03


Tree=101
num_leaves=31
num_cat=0
split_feature=8 39 53 7 53 23 21 0 66 21 7 66 44 53 46 46 57 8 24 9 69 69 23 63 28 23 66 47 22 11
split_gain=0.785292 0.201243 0.193582 0.27981 0.215362 0.306289 0.260222 0.272 0.201916 0.173156 0.19425 0.169943 0.157031 0.154818 0.154757 0.151959 0.165829 0.150896 0.146958 0.168464 0.133677 0.162097 0.15083 0.133349 0.252887 0.137061 0.123837 0.161089 0.118268 0.110772
threshold=0.19565833333333332 1.0000000180025095e-35 6.9460242403300123 -85.06562915558446 1.0377490433255463 0.011022268196560504 0.067505819343284992 57.500000000000007 -0.070270833333333282 0.031942006361317075 -524.68098400272618 0.001291666666666712 25.107142857142858 9.7924897844572829 27.003571428571437 17.132142857142863 19.650000000000002 0.33960833333333335 -13.523387360464385 0.086543749999999961 0.21772121422198085 0.823915376013162 0.043008941231296782 -145.90499999999997 -17.425988167150894 0.0010001605760311398 -0.07731250000000002 2.4002367479100129e-08 0.40917663507127794 0.23442291666666673
decision_type=2 2 2 2 2 2 2 2 2 2 2 2 2 2 2 2 2 2 2 2 2 2 2 2 2 2 2 2 2 2
left_child=1 18 4 17 11 15 8 -8 -7 13 14 29 28 23 -11 -6 -17 20 19 26 22 -22 -4 25 -25 -3 27 -1 -5 -2
right_child=2 9 3 12 5 6 7 -9 -10 10 -12 -13 -14 -15 -16 16 -18 -19 -20 -21 21 -23 -24 24 -26 -27 -28 -29 -30 -31
leaf_value=0.00096929569342433218 -0.0001080482998678283 0.00024589822431583737 0.00048196942178106765 0.00074397412786854019 -0.00024180161375466814 -0.00096559783279681296 0.00071178587360021207 -0.00033939150176011022 -0.00010147413152819369 0.00082853687871861116 -7.0477962174772714e-05 0.00013114598729218577 -0.0014546460350160486 0.00033553300817216168 0.00018422580932143451 0.0011260973083783098 0.00025859085313261913 0.00066889209219896648 0.00046420258156504681 -0.00058998829914582883 -0.00099428525511757455 3.2626761536666893e-05 -0.00098976672956184149 6.9497050238066273e-05 -0.00024632339249154513 -0.00029492387508535687 -0.00022278596084216983 -0.00027092362560996694 -0.0014833548739552496 0.00058618917380941129
leaf_weight=184 227 462 410 1436 509 253 699 319 6514 507 1628 2659 29 740 1042 211 3824 288 265 1124 248 299 72 6256 3584 4196 6185 186 20 1704
leaf_count=184 227 462 410 1436 509 253 699 319 6514 507 1628 2659 29 740 1042 211 3824 288 265 1124 248 299 72 6256 3584 4196 6185 186 20 1704
internal_value=8.07417e-06 -9.8978e-05 0.00015131 0.000382682 0.000112794 4.7186e-05 -6.67507e-05 0.000379436 -0.000134363 -4.43259e-05 0.000156776 0.000288318 0.000665075 -8.64585e-05 0.000397448 0.00024302 0.000304966 6.17278e-05 -0.000225268 -0.00024951 -0.000105779 -0.000428447 0.00025432 -0.000108226 -4.5242e-05 -0.000240598 -0.000190588 0.000338698 0.000710323 0.000503011
internal_weight=46080 26359 19721 2802 16919 12329 7785 1018 6767 18415 3177 4590 1485 15238 1549 4544 4035 1317 7944 7679 1029 547 482 14498 9840 4658 6555 370 1456 1931
internal_count=46080 26359 19721 2802 16919 12329 7785 1018 6767 18415 3177 4590 1485 15238 1549 4544 4035 1317 7944 7679 1029 547 482 14498 9840 4658 6555 370 1456 1931
is_linear=0
shrinkage=0.03


Tree=102
num_leaves=31
num_cat=0
split_feature=12 18 70 31 41 19 52 6 23 46 48 23 17 53 21 46 18 53 29 70 26 66 38 22 52 23 21 35 20 28
split_gain=0.735726 0.279404 0.232557 0.357546 0.276897 0.35205 0.218539 0.321288 0.208711 0.172203 0.171182 0.167109 0.143935 0.143047 0.129392 0.128137 0.109398 0.109307 0.0866839 0.0902995 0.0810224 0.0777111 0.0745028 0.121347 0.0739295 0.115438 0.101489 0.0802653 0.0780629 0.0730842
threshold=0.086433333333333265 0.31389465811965817 0.030119189164198128 0.75055534994651407 0.79720700621550789 0.0039933393618949318 73.892857142857153 -24.341790234926428 0.017187929361092136 17.725000000000005 77.833333333333357 0.024923102391367368 -18.460243774990701 6.9460242403300123 0.00089532516037266446 19.567857142857147 0.13595833333333338 11.266623842802359 12.483718985237601 0.95989713290459411 -4.8076847713732356 -0.20409374999999999 2.8292857142857151 0.37799285714285719 55.964285714285722 0.0007910036510309726 0.035340617708603375 0.36543664748892885 0.079801785714285714 -12.949990467367391
decision_type=2 2 2 2 2 2 2 2 2 2 2 2 2 2 2 2 2 2 2 2 2 2 2 2 2 2 2 2 2 2
left_child=17 2 3 8 13 -6 7 14 12 11 -10 -8 -2 -5 -4 -11 -9 21 20 -20 22 -1 23 -3 25 27 28 -23 -26 -24
right_child=1 18 6 4 5 -7 9 16 10 15 -12 -13 -14 -15 -16 -17 -18 -19 19 -21 -22 24 29 -25 26 -27 -28 -29 -30 -31
leaf_value=-0.0014289452381432055 0.0006594729548874132 9.308812845210056e-05 0.00050463086954589205 -1.398015007960403e-05 0.0005002077839498289 -0.00081595301843826124 1.6464392506089564e-05 -0.00048292199677477284 -7.0962835573278634e-05 -0.00069590084856198788 0.00026530233172968124 0.001676034552109195 0.00025657020095221696 0.00063556492958662363 -2.3700774887198959e-05 -0.00019536718329214251 0.0015040953810257431 0.00045344128714692571 0.00066051266408553074 -0.00049212637525488387 0.00056404215261142681 0.00044549776110270955 7.8400664334071432e-05 -0.0010783826896654707 -8.107700806154756e-05 -0.00024803746691535067 0.00031926741928013511 -0.0012979376089945435 -0.00041924562994976878 0.00032453078286749101
leaf_weight=44 1415 314 454 3963 234 792 184 26 2287 527 3327 79 1919 329 4957 4015 177 250 731 63 580 317 1914 104 4728 8482 499 24 714 2631
leaf_count=44 1415 314 454 3963 234 792 184 26 2287 527 3327 79 1919 329 4957 4015 177 250 731 63 580 317 1914 104 4728 8482 499 24 714 2631
internal_value=7.83159e-06 9.14096e-05 4.56411e-05 0.0001244 -6.99723e-05 -0.00051266 -6.1911e-05 6.47887e-05 0.000240249 -0.00021055 0.000127794 0.00053079 0.000428614 3.52479e-05 2.01586e-05 -0.000254244 0.00123377 -0.000164148 0.000269186 0.000564779 0.000226209 -0.000174808 0.000186018 -0.000193096 -0.00017077 -0.000226075 -8.81084e-05 0.000310584 -0.000126065 0.00022158
internal_weight=46080 31022 24685 14266 5318 1026 10419 5614 8948 4805 5614 263 3334 4292 5411 4542 203 15058 6337 794 5543 14808 4963 418 14764 8823 5941 341 5442 4545
internal_count=46080 31022 24685 14266 5318 1026 10419 5614 8948 4805 5614 263 3334 4292 5411 4542 203 15058 6337 794 5543 14808 4963 418 14764 8823 5941 341 5442 4545
is_linear=0
shrinkage=0.03


Tree=103
num_leaves=31
num_cat=0
split_feature=8 39 53 7 23 21 69 46 19 70 46 8 53 69 69 23 22 13 9 72 46 69 28 5 0 70 7 12 8 11
split_gain=0.706931 0.182152 0.176645 0.26086 0.208366 0.316548 0.223283 0.186919 0.173533 0.149217 0.197169 0.13897 0.131283 0.129746 0.158791 0.141069 0.123979 0.118702 0.159548 0.116976 0.180951 0.128184 0.116201 0.279684 0.155816 0.115708 0.115002 0.113337 0.125399 0.102158
threshold=0.19565833333333332 1.0000000180025095e-35 6.9460242403300123 -85.06562915558446 0.059059829534046336 0.0096478697410089676 -0.85206963063867713 23.860714285714288 0.038191720306893752 0.49751328890718055 25.303571428571434 0.34337083333333335 10.464618559850708 0.21772121422198085 0.823915376013162 0.043008941231296782 0.29130297619047624 -13.503557185805336 0.086543749999999961 -0.11138526752558463 19.053571428571434 -0.15005400879207767 -17.11320894909063 -48.613132252772793 22.500000000000004 -0.9668120007078248 -524.68098400272618 0.086433333333333265 0.21714583333333334 0.091489583333333263
decision_type=2 2 2 2 2 2 2 2 2 2 2 2 2 2 2 2 2 2 2 2 2 2 2 2 2 2 2 2 2 2
left_child=1 17 4 11 5 19 7 -7 12 10 16 13 22 15 -15 -4 -5 18 29 21 -21 -2 23 -3 -24 -8 -10 -6 -29 -1
right_child=2 8 3 9 27 6 25 -9 26 -11 -12 -13 -14 14 -16 -17 -18 -19 -20 20 -22 -23 24 -25 -26 -27 -28 28 -30 -31
leaf_value=-0.00021237104637611491 -0.00015984346356482456 -0.00012465525071398768 0.00046352864131714929 0.0013327453569292622 -0.00017544887871035673 0.00027110653584906164 -0.00031059075949884242 -0.00058512950303793096 0.00050869235074503354 0.00023923952312191406 -0.0015315128473227778 0.00066581522109753237 0.0003540893112840944 -0.00097064157350360599 3.9110739636298338e-05 -0.00095584672209742948 0.00060830489975414223 0.0004025468931042758 -0.00056767697217295523 -8.5586555460736899e-05 0.0004016091615406219 0.00025412043524819582 -0.00031697717394581725 0.00020664970382998791 0.00017774082889026918 6.2583646252838712e-05 2.4967364063747624e-06 0.0014201726258813755 0.00034323275192260264 0.00023793869162811219
leaf_weight=6072 1357 9169 424 420 361 279 898 1178 802 554 28 267 626 252 302 72 483 267 1122 856 3266 1328 3241 3053 687 4445 837 102 2849 483
leaf_count=6072 1357 9169 424 420 361 279 898 1178 802 554 28 267 626 252 302 72 483 267 1122 856 3266 1328 3241 3053 687 4445 837 102 2849 483
internal_value=7.6016e-06 -9.39656e-05 0.000143506 0.000364541 0.000106703 5.44853e-05 -8.99768e-05 -0.000419038 -4.19607e-05 0.000637193 0.00087027 5.45824e-05 -7.089e-05 -9.84766e-05 -0.000415715 0.000249945 0.000949674 -0.00021412 -0.000236008 0.000199232 0.000299711 4.38044e-05 -8.75695e-05 -4.16412e-05 -0.000229665 0 0.000252178 0.000320247 0.000381941 -0.000178702
internal_weight=46080 26359 19721 2802 16919 13607 6800 1457 18415 1485 931 1317 16776 1050 554 496 903 7944 7677 6807 4122 2685 16150 12222 3928 5343 1639 3312 2951 6555
internal_count=46080 26359 19721 2802 16919 13607 6800 1457 18415 1485 931 1317 16776 1050 554 496 903 7944 7677 6807 4122 2685 16150 12222 3928 5343 1639 3312 2951 6555
is_linear=0
shrinkage=0.03


Tree=104
num_leaves=31
num_cat=0
split_feature=8 39 53 7 53 23 21 0 66 65 66 65 46 57 44 8 24 8 35 17 35 53 23 69 20 23 22 52 64 57
split_gain=0.66516 0.171389 0.166259 0.245452 0.196387 0.274886 0.234741 0.254749 0.190716 0.16234 0.157651 0.190683 0.141503 0.153438 0.137305 0.130778 0.127704 0.142478 0.123551 0.223678 0.16748 0.140633 0.138556 0.121976 0.158459 0.132861 0.109791 0.113006 0.100968 0.0956941
threshold=0.19565833333333332 1.0000000180025095e-35 6.9460242403300123 -85.06562915558446 1.0377490433255463 0.011022268196560504 0.067505819343284992 57.500000000000007 -0.070270833333333282 0.061604166666666654 0.001291666666666712 -0.053607142857142846 17.132142857142863 19.650000000000002 25.107142857142858 0.34337083333333335 -13.523387360464385 0.086543749999999961 2.697802064245909e-08 -16.475007974649145 3.5037694010373815e-07 2.5938430364181841 0.001268192151358681 0.21772121422198085 0.19753988095238095 0.043008941231296782 0.40917663507127794 80.964285714285737 386.50000000000006 498.75000000000006
decision_type=2 2 2 2 2 2 2 2 2 2 2 2 2 2 2 2 2 2 2 2 2 2 2 2 2 2 2 2 2 2
left_child=1 16 4 15 10 12 8 -8 -7 18 11 -2 29 -14 26 23 17 -1 22 20 -20 -21 -3 25 -25 -4 27 -5 -24 -6
right_child=2 9 3 14 5 6 7 -9 -10 -11 -12 -13 13 -15 -16 -17 -18 -19 19 21 -22 -23 28 24 -26 -27 -28 -29 -30 -31
leaf_value=-0.00017578001307574635 -0.00030421158424334666 0.00034700286767434081 0.00044965550441075771 0.00079374705648770289 -0.00046993883188617527 -0.00093921207315673483 0.00067836875217689211 -0.00033889141540348642 -9.933210087892013e-05 0.00042819041229886351 0.00011969828296023001 0.00059077341241981808 0.0010760735532073665 0.00024154771461015436 -0.0013619784811511634 0.00064591529325214159 0.00043480082062691012 -0.00054190781072878565 0.0011803824657268705 2.3353883594451351e-05 5.1020893121676939e-05 -0.00034157219228746254 -0.00046772008762974745 0.0010503827406259222 -0.00058090672471989896 -0.00092756413153615097 -0.0014525100610085894 0 -0.000141367825498799 0.00049625639303910965
leaf_weight=6545 240 376 424 1256 392 253 699 319 6514 639 2659 1691 211 3824 29 267 265 1134 119 1520 9415 2471 1311 58 496 72 20 180 2564 117
leaf_count=6545 240 376 424 1256 392 253 699 319 6514 639 2659 1691 211 3824 29 267 265 1134 119 1520 9415 2471 1311 58 496 72 20 180 2564 117
internal_value=7.38657e-06 -9.11323e-05 0.000139216 0.000353668 0.000103504 4.08454e-05 -6.70814e-05 0.000356637 -0.00013131 -4.0681e-05 0.000271111 0.000477885 0.000226385 0.000286186 0.000618151 5.29277e-05 -0.000207686 -0.000230302 -5.77276e-05 -1.31441e-05 6.55541e-05 -0.000201865 -0.000198833 -9.54773e-05 -0.000403132 0.000242236 0.000660557 0.000693065 -0.000252646 -0.000241427
internal_weight=46080 26359 19721 2802 16919 12329 7785 1018 6767 18415 4590 1931 4544 4035 1485 1317 7944 7679 17776 13525 9534 3991 4251 1050 554 496 1456 1436 3875 509
internal_count=46080 26359 19721 2802 16919 12329 7785 1018 6767 18415 4590 1931 4544 4035 1485 1317 7944 7679 17776 13525 9534 3991 4251 1050 554 496 1456 1436 3875 509
is_linear=0
shrinkage=0.03


Tree=105
num_leaves=31
num_cat=0
split_feature=10 11 53 28 53 40 70 6 70 73 20 18 69 29 39 2 52 10 0 52 48 35 46 69 2 63 7 63 12 3
split_gain=0.583109 0.229943 0.19492 0.217541 0.207634 0.18765 0.179323 0.175601 0.162574 0.226577 0.235089 0.27028 0.22359 0.20477 0.17235 0.196558 0.209683 0.157151 0.148124 0.145505 0.142335 0.137848 0.201137 0.18794 0.135089 0.150928 0.132529 0.163028 0.113592 0.1135
threshold=0.2192166666666667 0.11404166666666667 2.0542103640523863 -20.132206347497625 8.3613448626454225 5.2539285714285731 -0.90146829171281539 -828.05504771651533 0.13300977955191609 0.16768600646408152 0.19753988095238095 0.30604444444444451 -0.5416228050394748 157.36009736266058 0.7013660140855752 5.1950000000000012 78.178571428571431 0.23492916666666666 72.500000000000014 69.750000000000014 89.166666666666671 6.0994617700882658 19.38214285714286 0.20088869483109786 4.5750000000000011 -173.07499999999996 -787.58573514437728 58.830000000000005 0.28147604166666668 31.350000000000005
decision_type=2 2 2 2 2 2 2 2 2 2 2 2 2 2 2 2 2 2 2 2 2 2 2 2 2 2 2 2 2 2
left_child=1 28 18 5 20 6 -4 -7 13 10 24 -12 17 14 15 16 -2 -11 -3 -6 -5 22 -16 -23 -10 -26 -14 -28 -1 -17
right_child=8 2 3 4 19 7 -8 -9 9 12 11 -13 26 -15 21 29 -18 -19 -20 -21 -22 23 -24 -25 25 -27 27 -29 -30 -31
leaf_value=-0.00015804982826898614 0.0005830510947821793 0.00024051254344667117 -0.00030202900465549229 -0.0003972694673362532 0.0018872321713643034 6.714894684279605e-05 0.0002709621533958426 -0.00067717649308921706 -0.00068422418821390473 -0.00058473773376317684 -0.00032942023274467035 0.00011831559802217201 -0.00047730955887886043 0.0011142639988607715 -0.00068522702123392635 -0.00042027342488971839 0.00020096726000316299 0.0010762322529969314 -0.00033715854754776283 3.4292926798046277e-05 0.00022343544651135392 -0.0010045234202891052 0.00037016954922932202 9.3187012417739946e-05 0.00037108659588813996 0.0019345274391104875 0.00067382006333725189 -0.0013757551095018594 0.0012015057107603007 0.0012226992319308919
leaf_weight=17066 1598 3836 589 2651 63 613 2839 522 45 55 2562 2291 267 220 212 531 7077 435 441 103 373 295 674 258 135 102 288 38 54 39
leaf_count=17066 1598 3836 589 2651 63 613 2839 522 45 55 2562 2291 267 220 212 531 7077 435 441 103 373 295 674 258 135 102 288 38 54 39
internal_value=-1.18793e-06 -8.2871e-05 1.742e-05 -7.19942e-05 -0.000262189 6.03421e-05 0.000171576 -0.000272829 0.000137698 1.47576e-05 -6.79274e-05 -0.000117455 0.000409274 0.000207522 0.000188467 0.000236109 0.000271755 0.000882876 0.000180183 0.000762571 -0.000319667 -0.000115481 0.000113767 -0.000487732 0.000771201 0.00106187 1.20549e-05 0.000422262 -0.000153516 -0.000300661
internal_weight=46272 29150 12030 7753 3190 4563 3428 1135 17122 6218 5135 4853 1083 10904 10684 9245 8675 490 4277 166 3024 1439 886 553 282 237 593 326 17120 570
internal_count=46272 29150 12030 7753 3190 4563 3428 1135 17122 6218 5135 4853 1083 10904 10684 9245 8675 490 4277 166 3024 1439 886 553 282 237 593 326 17120 570
is_linear=0
shrinkage=0.03


Tree=106
num_leaves=31
num_cat=0
split_feature=22 22 46 65 51 70 49 7 7 70 11 40 24 44 47 21 16 48 2 40 4 7 46 73 65 23 12 41 13 35
split_gain=0.569018 0.199615 0.155046 0.174738 0.131916 0.166868 0.251896 0.221383 0.2603 0.212463 0.173317 0.139733 0.131553 0.123029 0.280499 0.11664 0.127829 0.115053 0.195029 0.185212 0.120006 0.114772 0.113517 0.114102 0.0915711 0.0863533 0.0762162 0.0732726 0.0722947 0.0670224
threshold=0.23767857142857143 0.034930505952380946 16.382142857142863 -0.0038535714285714176 8.3466560170324247 -0.45973273945210419 1.7320508075688841 -1500.0000000000025 -55.877552811890354 -0.86955717898714324 0.063814583333333313 5.1567857142857152 -11.547665613101623 25.092857142857149 0.60054919919968652 0.0011467763036694279 -233.27253073565768 15.16666666666667 7.0850000000000009 8.3546428571428581 18.500000000000004 -12.888408870400841 19.567857142857147 -5.9109929480466681 -0.014083333333333397 0.015499902762163774 0.32472916666666668 0.2207019260389502 -7.7132270180652442 6.0994617700882658
decision_type=2 2 2 2 2 2 2 2 2 2 2 2 2 2 2 2 2 2 2 2 2 2 2 2 2 2 2 2 2 2
left_child=1 -1 21 13 5 6 9 10 -9 -3 -7 -8 15 22 28 -6 -17 19 20 27 -19 -2 -4 -24 -16 26 -23 -5 -15 -27
right_child=2 4 3 17 12 7 11 8 -10 -11 -12 -13 -14 14 24 16 -18 18 -20 -21 -22 25 23 -25 -26 29 -28 -29 -30 -31
leaf_value=-0.0002106192203065923 -0.00064323255350388095 -5.9994568053874374e-05 -0.00017446163943576727 -0.0019038410317470235 0.00062451442148291146 -0.00016837563699181204 -0.00011411069485113852 4.5410935408507549e-05 -0.00023562937950253777 0.00029737189196116822 -0.00069753234276261967 -0.00085913125052840256 0.0013080278910375244 -0.00012051535764990675 -0.00041685853976019616 -0.00056917816399928111 0.00027689552521581147 -0.001268270249126897 0.0015898937801943132 0.0015249307856429366 0.00021196194881919868 -0.00071614046301163563 -0.0009424868697836381 0.00026370931778961704 -0.0018775732082644161 0.002553537912504828 0.00079252634872053129 2.7346488420984567e-05 0.0012966487514919467 0.00092264729363273875
leaf_weight=7088 45 2405 1207 65 349 1490 2463 8182 4641 3912 910 251 103 429 66 261 412 48 92 23 9652 32 72 1566 122 45 221 20 34 66
leaf_count=7088 45 2405 1207 65 349 1490 2463 8182 4641 3912 910 251 103 429 66 261 412 48 92 23 9652 32 72 1566 122 45 221 20 34 66
internal_value=-1.13786e-06 -6.98018e-05 0.000160124 0.000142246 -3.03486e-05 -4.51905e-05 5.67537e-05 -0.000105865 -5.60819e-05 0.000160853 -0.000370471 -0.000184409 0.000286721 -3.93562e-05 -0.000411518 0.000179681 -4.71318e-05 0.000206676 0.000217684 -0.000756705 0.000204198 0.000736584 4.48634e-05 0.000208317 -0.00138556 0.00091668 0.000587828 -0.00141953 -7.41142e-06 0.0016275
internal_weight=46272 32467 13805 13396 25379 24254 9031 15223 12823 6317 2400 2714 1125 3496 651 1022 673 9900 9792 108 9700 409 2845 1638 188 364 253 85 463 111
internal_count=46272 32467 13805 13396 25379 24254 9031 15223 12823 6317 2400 2714 1125 3496 651 1022 673 9900 9792 108 9700 409 2845 1638 188 364 253 85 463 111
is_linear=0
shrinkage=0.03


Tree=107
num_leaves=31
num_cat=0
split_feature=22 22 0 0 21 70 19 46 65 22 10 24 3 10 19 3 47 29 3 23 70 70 7 46 28 0 40 23 70 25
split_gain=0.535398 0.191339 0.15498 0.207446 0.279231 0.189804 0.178463 0.145969 0.16465 0.132982 0.118718 0.117428 0.113709 0.151573 0.121014 0.111658 0.254361 0.110775 0.149036 0.137904 0.140834 0.135041 0.108266 0.107173 0.135464 0.0920096 0.0890641 0.0815794 0.0769704 0.0750943
threshold=0.23767857142857143 0.084125595238095222 72.500000000000014 27.500000000000004 0.075178052728295711 -0.28435918728100346 0.0013471506281177768 16.382142857142863 -0.0036187499999999931 0.20688590191511383 0.17456249999999998 -6.1409103658028004 24.050000000000004 0.19541874999999997 0.00012509255832459734 25.050000000000004 0.60054919919968652 73.223646275120032 27.050000000000004 0.11592003539765373 0.16704543776228128 0.75546532993267157 -12.888408870400841 19.567857142857147 -116.61746180502384 27.500000000000004 6.5053571428571439 0.014833462108711139 0.7987497853924842 0.45815709518620867
decision_type=2 2 2 2 2 2 2 2 2 2 2 2 2 2 2 2 2 2 2 2 2 2 2 2 2 2 2 2 2 2
left_child=1 -1 3 6 5 -5 10 22 15 -6 -3 -8 -4 29 -15 23 -17 19 -19 20 -10 -21 -2 28 -25 -18 -20 -24 -9 -14
right_child=7 2 12 4 9 -7 11 8 17 -11 -12 -13 13 14 -16 16 25 18 26 21 -22 -23 27 24 -26 -27 -28 -29 -30 -31
leaf_value=-0.00015379697543247214 -0.00062435508005665211 2.4410480076556652e-05 0.0009089904473493656 0.00032617137711239789 0.0013800393328687979 -4.0251276961630752e-05 -0.00013386951503494238 -0.00028397410230484433 0.00024979838624005033 -4.9551683436594387e-05 0.00043329057203667223 0.00075462048136784381 -0.0012629701279347793 -0.0004794486723706624 0.00034560901829451258 -9.4158087578434178e-06 -0.0015588132075063186 0.0010002755897852169 -0.0013868265417018677 0.0016260520120414638 3.2466880615746429e-07 -0.00069304483054050548 0.00054748673702591602 -0.00049018688619709226 0.00030936298873855244 0.00028656332200178162 0.00091282302060757164 0.0015342112014435016 0.0002771031014833075 -0.00049462618762032267
leaf_weight=13545 45 2279 61 2222 240 2946 8889 1002 6206 72 897 134 186 329 307 487 167 300 42 106 3067 26 242 216 1455 25 21 122 276 360
leaf_count=13545 45 2279 61 2222 240 2946 8889 1002 6206 72 897 134 186 329 307 487 167 300 42 106 3067 26 242 216 1455 25 21 122 276 360
internal_value=-1.10713e-06 -6.77137e-05 -5.92894e-06 1.6683e-05 0.000170121 0.000116746 -5.20062e-05 0.000155316 0.000137961 0.00104144 0.000140935 -0.00012026 -0.000329701 -0.000396877 -7.65628e-05 -3.39023e-05 -0.000380919 0.000202099 0.000718493 0.000181774 0.000167619 0.00114493 0.0007147 4.50825e-05 0.000203984 -0.00130275 -0.000571116 0.000889719 -0.000160335 -0.000763685
internal_weight=46272 32467 18922 17679 5480 5168 12199 13805 13396 312 3176 9023 1243 1182 636 3628 679 9768 363 9405 9273 132 409 2949 1671 192 63 364 1278 546
internal_count=46272 32467 18922 17679 5480 5168 12199 13805 13396 312 3176 9023 1243 1182 636 3628 679 9768 363 9405 9273 132 409 2949 1671 192 63 364 1278 546
is_linear=0
shrinkage=0.03


Tree=108
num_leaves=31
num_cat=0
split_feature=22 63 69 7 70 7 53 6 57 23 21 20 22 6 11 42 24 63 70 7 4 41 42 53 69 23 0 2 44 69
split_gain=0.503814 0.182985 0.240776 0.590731 0.321119 0.298489 0.190162 0.175761 0.218252 0.17441 0.162585 0.146434 0.170163 0.144686 0.176093 0.142015 0.116201 0.163619 0.224642 0.191711 0.193883 0.167147 0.222104 0.26988 0.172117 0.153999 0.143945 0.130684 0.130609 0.250631
threshold=0.23767857142857143 -110.30499999999999 0.4900241286343337 -23.735737941222805 -0.44437817810461328 -1500.0000000000025 7.99123828772625 -10.754197450567561 77.75 0.0011284369960035058 0.08845226656646131 0.12528720238095237 0.19487439182194619 -32.618685968891725 0.13319374999999997 24.31666666666667 -9.0247924880201449 -28.995000000000001 0.68389408864483059 -1500.0000000000002 15.500000000000002 0.40481443313539739 25.016666666666669 4.6880723093849808 -0.48250327361223916 0.11592003539765373 15.000000000000002 5.3450000000000006 19.292857142857148 0.18399664778440331
decision_type=2 2 2 2 2 2 2 2 2 2 2 2 2 2 2 2 2 2 2 2 2 2 2 2 2 2 2 2 2 2
left_child=1 9 6 4 15 -6 7 8 -3 -1 -11 -12 -13 -8 -15 -4 17 18 25 -20 -21 27 24 -24 -23 26 -2 -19 -18 -30
right_child=16 2 3 -5 5 -7 13 -9 -10 10 11 12 -14 14 -16 -17 28 21 19 20 -22 22 23 -25 -26 -27 -28 -29 29 -31
leaf_value=0.00023533369070884646 0.00066921875211916433 6.11243006025822e-06 -0.00062618050158575725 -0.00049314725866576653 -0.00057774933355618757 0.00026648267016928288 0.00015404042580386876 0.00016358918852340845 -0.00030300142626653542 -0.00018171987376489814 -0.00051983321309518552 0.00092562661324302811 -0.00019187701961931745 -5.4929030507111975e-05 0.0019212587465074153 0.00063851864549794213 7.4555987950821609e-05 0.00022367904211703085 -0.0012298593522768145 -0.0013503588256426153 0.00011722331137019441 0.00029699527207637606 -0.00038767815125924333 -0.0021408930376055654 -0.00021096394991173165 0.0014592047643659791 0.00020281868436168324 -0.002143874543053763 0.00024608377245684591 0.00097180897289494668
leaf_weight=1062 772 3688 80 961 495 1560 511 1771 4591 14859 151 343 184 61 105 2045 1485 1965 126 87 1020 918 497 95 1724 108 2770 20 1628 590
leaf_count=1062 772 3688 80 961 495 1560 511 1771 4591 14859 151 343 184 61 105 2045 1485 1965 126 87 1020 918 497 95 1724 108 2770 20 1628 590
internal_value=-1.06402e-06 -6.5678e-05 6.98591e-06 0.000175943 0.000330568 6.14863e-05 -7.37171e-05 -0.000106751 -0.000164956 -0.000135319 -0.000160861 0.000291463 0.000530148 0.000411676 0.00118112 0.000589223 0.000150674 9.75155e-05 0.000222365 -0.000125882 0 -1.87418e-05 -0.000152261 -0.000677217 -3.32857e-05 0.00034083 0.00030548 0.000197247 0.000294816 0.000440834
internal_weight=46272 32467 15868 5141 4180 2055 10727 10050 8279 16599 15537 678 527 677 166 2125 13805 10102 4883 1233 1107 5219 3234 592 2642 3650 3542 1985 3703 2218
internal_count=46272 32467 15868 5141 4180 2055 10727 10050 8279 16599 15537 678 527 677 166 2125 13805 10102 4883 1233 1107 5219 3234 592 2642 3650 3542 1985 3703 2218
is_linear=0
shrinkage=0.03


Tree=109
num_leaves=31
num_cat=0
split_feature=22 22 46 65 51 70 49 7 7 70 10 40 5 44 53 65 69 21 28 29 3 53 23 70 70 53 7 69 7 7
split_gain=0.474048 0.171911 0.138758 0.151962 0.120988 0.146228 0.229314 0.201165 0.238171 0.191111 0.164122 0.130177 0.119259 0.107788 0.233864 0.160089 0.115978 0.105689 0.125487 0.103616 0.13815 0.122563 0.122358 0.124137 0.123354 0.10411 0.102471 0.101824 0.169482 0.118607
threshold=0.23767857142857143 0.034930505952380946 16.382142857142863 -0.0038535714285714176 8.3466560170324247 -0.46734190575957718 1.7320508075688841 -1500.0000000000025 -55.877552811890354 -0.86955717898714324 0.063814583333333313 5.1567857142857152 -10.756649481386825 25.092857142857149 4.2195906139070081 -0.019431249999999994 -0.92913280730858783 0.0010938213317475665 -202.56739983523434 73.223646275120032 27.050000000000004 2.0232168923295339 0.11592003539765373 0.16704543776228128 0.75546532993267157 0.51355259101309481 -12.888408870400841 -0.5416228050394748 -236.75007887321934 -1499.2057758465926
decision_type=2 2 2 2 2 2 2 2 2 2 2 2 2 2 2 2 2 2 2 2 2 2 2 2 2 2 2 2 2 2
left_child=1 -1 26 13 5 6 9 10 -9 -3 -7 -8 17 27 16 -16 -15 -6 -19 22 25 -22 23 -5 -24 -21 -2 28 -4 -29
right_child=2 4 3 19 12 7 11 8 -10 -11 -12 -13 -14 14 15 -17 -18 18 -20 20 21 -23 24 -25 -26 -27 -28 29 -30 -31
leaf_value=-0.00019438662469484794 -0.00061028110236435642 -5.4281086051390024e-05 0.0013827851334413104 0.00023337927748757491 0.00060752379867987224 -0.0001512764374346256 -0.00010769080911029881 4.7008878630705953e-05 -0.00022081746400685217 0.0002854960123986265 -0.00066354051282181789 -0.00082712184037890915 0.0012931108998527634 -0.00081061872502075549 -6.385191788689958e-05 -0.0021875553767177021 0.00019978887745089537 -0.00047215034436270926 0.00033957353776502242 -0.00098431088918798861 0.0005179857133975807 -0.0020749735357468513 0.0015376653787005413 8.7552498220611161e-07 -0.00067640997337487831 0.0011010047622076764 0.00086191146996283518 -0.00042810079014543129 0.00013934871964625572 7.2446250735594726e-05
leaf_weight=7088 45 2405 117 6276 344 1488 2444 8188 4694 3858 926 251 95 140 53 93 365 318 368 21 36 27 106 3120 26 288 364 594 655 1479
leaf_count=7088 45 2405 117 6276 344 1488 2444 8188 4694 3858 926 251 95 140 53 93 365 318 368 21 36 27 106 3120 26 288 364 594 655 1479
internal_value=-1.02551e-06 -6.37037e-05 0.000146159 0.000129234 -2.70813e-05 -4.13006e-05 5.47371e-05 -9.77404e-05 -5.03596e-05 0.000154554 -0.000349214 -0.00017609 0.000276573 -4.00832e-05 -0.000388424 -0.00144271 -7.54437e-05 0.000178741 -3.24794e-05 0.000189327 0.000682578 -0.000561465 0.000169684 0.000156503 0.0010772 0.000946889 0.000691524 3.86795e-05 0.000333223 -6.96719e-05
internal_weight=46272 32467 13805 13396 25379 24254 8958 15296 12882 6263 2414 2695 1125 3496 651 146 505 1030 686 9900 372 63 9528 9396 132 309 409 2845 772 2073
internal_count=46272 32467 13805 13396 25379 24254 8958 15296 12882 6263 2414 2695 1125 3496 651 146 505 1030 686 9900 372 63 9528 9396 132 309 409 2845 772 2073
is_linear=0
shrinkage=0.03


Tree=110
num_leaves=31
num_cat=0
split_feature=8 39 21 7 69 47 70 35 46 41 69 73 69 42 20 12 24 36 7 6 59 51 23 12 72 1 47 18 12 40
split_gain=0.503346 0.140641 0.150584 0.140286 0.160636 0.172469 0.132314 0.196649 0.214777 0.229912 0.248493 0.191333 0.219349 0.272507 0.236963 0.182522 0.160847 0.186571 0.155279 0.14811 0.130779 0.130368 0.190636 0.148714 0.147329 0.130352 0.128308 0.172118 0.115332 0.115043
threshold=0.19565833333333332 1.0000000180025095e-35 0.031942006361317075 -539.60536381467557 0.92913280730858816 0.77378050100545637 0.1159303052754759 5.4833940118369577 16.546428571428574 0.30331954644029707 0.20088869483109786 -0.046169533563777947 -0.34156760613242332 22.216666666666672 0.19097529761904761 0.13960416666666667 -450.07208938175501 5.1716666666666686 -896.34425147434661 -819.9194472624705 44.725000000000016 1.8898223650461328 0.028709771197537041 0.30293750000000003 -0.501895253695963 28.300000000000001 0.10690449676520962 0.25972777777777772 0.093187499999999965 5.6385714285714297
decision_type=2 2 2 2 2 2 2 2 2 2 2 2 2 2 2 2 2 2 2 2 2 2 2 2 2 2 2 2 2 2
left_child=1 -1 -3 4 5 -4 7 16 -9 25 -11 21 13 15 28 -13 -2 19 -16 -18 -19 26 23 -23 -24 -10 27 -8 -14 -15
right_child=6 2 3 -5 -6 -7 11 8 9 10 -12 12 14 29 18 -17 17 20 -20 -21 -22 22 24 -25 -26 -27 -28 -29 -30 -31
leaf_value=-0.00019423490681637562 0.00090605564240033032 -8.2119116929415089e-05 0.00071800423587067093 -4.8927550493346905e-05 -0.00012734310107823864 -0.00025991504982601213 -0.00098589567465212505 0.00087235851304680453 0.0004645785263435421 -0.00049122306758124382 0.00013100689253955309 -0.0012804424679264998 0.0019176830700674994 -0.00016885431709607975 -0.00069403786181281241 0.00078798855221625275 -0.00045451085976433556 -0.00056770591885374792 -4.0421819926671553e-05 0.0002684854392623639 0.00048105484201646536 -0.0005108062394263913 0.0010823967568307261 8.4556464115200625e-05 -7.6662083966381285e-05 0.0027039632673064866 -0.00068944373674089256 0.00074595272260817829 0.00042514544396592515 0.00064930769756650153
leaf_weight=7964 313 15280 908 1609 442 192 78 209 244 1327 1011 38 60 747 397 987 259 435 1908 8509 138 713 211 786 176 26 676 146 243 194
leaf_count=7964 313 15280 908 1609 442 192 78 209 244 1327 1011 38 60 747 397 987 259 435 1908 8509 138 713 211 786 176 26 676 146 243 194
internal_value=-2.91837e-06 -8.87872e-05 -4.30526e-05 0.000145405 0.000350025 0.000544507 0.00011122 0.000170762 -4.88791e-05 -0.000124161 -0.000220934 9.91364e-06 0.000129668 0.000369043 -4.97042e-05 0.000707208 0.000235162 0.000212266 -0.00015455 0.000246737 -0.0003095 -0.000185596 -4.20089e-05 -0.00019678 0.000548709 0.000700475 -0.000482779 0.000127864 0.000735902 0
internal_weight=46226 26395 18431 3151 1542 1100 19831 12471 2817 2608 2338 7360 4574 1966 2608 1025 9654 9341 2305 8768 573 2786 1886 1499 387 270 900 224 303 941
internal_count=46226 26395 18431 3151 1542 1100 19831 12471 2817 2608 2338 7360 4574 1966 2608 1025 9654 9341 2305 8768 573 2786 1886 1499 387 270 900 224 303 941
is_linear=0
shrinkage=0.03


Tree=111
num_leaves=31
num_cat=0
split_feature=18 39 19 26 46 40 42 35 26 42 37 7 57 69 46 26 63 69 26 20 50 0 69 7 12 12 38 11 9 41
split_gain=0.455614 0.146592 0.251049 0.144479 0.130243 0.131777 0.18595 0.183478 0.162702 0.155784 0.218587 0.269253 0.208905 0.14726 0.141441 0.128051 0.180507 0.37043 0.131802 0.122192 0.110124 0.122806 0.110009 0.0988936 0.308267 0.0956423 0.105016 0.100529 0.0946882 0.115039
threshold=0.21719652777777776 1.0000000180025095e-35 0.090689699159082079 -9.3122586161736773 16.18214285714286 3.2417857142857147 18.916666666666675 6.030219224774247 -9.9858672574399208 25.016666666666669 0.011547005383792495 -1500.0000000000002 30.850000000000005 0.20088869483109786 19.653571428571432 -16.70312017288602 -78.189999999999984 0.56314550935064711 -40.950704243399024 0.37247321428571428 64.928571428571445 22.500000000000004 0.21772121422198085 -6.9846740349841019 0.38577916666666673 0.2550291666666667 7.5007142857142872 0.19068749999999998 0.086543749999999961 0.13352367366344983
decision_type=2 2 2 2 2 2 2 2 2 2 2 2 2 2 2 2 2 2 2 2 2 2 2 2 2 2 2 2 2 2
left_child=1 3 15 28 -2 6 23 8 -8 12 19 -12 22 -9 -14 16 18 -18 -3 -11 -17 -22 -7 24 -6 27 -27 -4 -1 -30
right_child=4 2 25 -5 5 9 7 13 -10 10 11 -13 14 -15 -16 20 17 -19 -20 -21 21 -23 -24 -25 -26 26 -28 -29 29 -31
leaf_value=-0.0001416870582272211 0.00073911076111661956 -9.5853662175460669e-05 0.00081494638499259508 0.0011424155572607908 -0.00051814034436371424 0.00098492940257904177 -7.8966914507207445e-05 -0.0005384238993580583 0.00044207449854789007 0.00017087497126345598 0.0011661882412907503 -0.00043157541874724159 2.5104859693514502e-05 0.00061171568528114778 0.00029162206283731592 0.0010629506417649929 -3.9230952107175919e-05 0.00053914737944847939 0.00037901678578056315 -0.00070777042191095488 -0.00026389696883907506 0.00010823942805580402 8.7481108426029587e-05 0 -0.0032288611125200987 0.0013129692026024979 -0.00084971702471375464 -0.00038998252468408571 -0.00021455212279230539 -0.00075030028631913189
leaf_weight=6699 301 10053 127 72 271 477 1089 658 1052 3716 101 1237 2981 115 4594 62 2914 1507 552 146 4145 975 176 168 44 204 20 117 1097 556
leaf_count=6699 301 10053 127 72 271 477 1089 658 1052 3716 101 1237 2981 115 4594 62 2914 1507 552 146 4145 975 176 168 44 204 20 117 1097 556
internal_value=-2.82721e-06 -7.51432e-05 -3.19843e-05 -0.000180701 0.000119872 0.000108572 -5.77016e-05 3.17558e-05 0.000175738 0.000150861 2.16806e-05 -0.000307946 0.000232124 -0.000362871 0.000187152 -4.80454e-05 -3.48975e-06 0.000157322 -7.082e-05 0.000136707 -0.000176637 -0.000192438 0.000748135 -0.000602558 -0.000915294 0.000653752 0.00110362 0.000225695 -0.000192601 -0.000396914
internal_weight=46226 29100 20676 8424 17126 16825 3397 2914 2141 13428 5200 1338 8228 773 7575 20208 15026 4421 10605 3862 5182 5120 653 483 315 468 224 244 8352 1653
internal_count=46226 29100 20676 8424 17126 16825 3397 2914 2141 13428 5200 1338 8228 773 7575 20208 15026 4421 10605 3862 5182 5120 653 483 315 468 224 244 8352 1653
is_linear=0
shrinkage=0.03


Tree=112
num_leaves=31
num_cat=0
split_feature=8 53 7 53 22 40 7 66 19 29 19 40 51 19 47 65 66 61 52 1 20 70 70 8 15 11 6 7 66 6
split_gain=0.447781 0.125732 0.239604 0.167518 0.210311 0.201407 0.260315 0.166295 0.166267 0.166053 0.148519 0.128326 0.120221 0.142891 0.119227 0.113647 0.107448 0.109038 0.105367 0.105085 0.105436 0.141841 0.101353 0.101308 0.12921 0.0942184 0.090708 0.079703 0.0787153 0.0783625
threshold=0.19565833333333332 7.3768273951318717 -85.06562915558446 1.0377490433255463 0.35613764880952387 3.2260714285714291 -8.303427138274289 0.001291666666666712 0.048488115408377851 68.683266736621732 0.068639730128281687 4.6960714285714298 0.53452248382485068 0.090689699159082079 0.56490785011439726 -0.0019583333333334087 0.18564583333333337 -46.334999999999994 74.107142857142875 5.7500000000000009 0.19753988095238095 0.78827585631460517 -0.63872576220844923 0.12210416666666667 -16.745204776591724 0.23442291666666673 -880.626095266883 -20.534054692262298 -0.045295833333333362 -36.997759092704307
decision_type=2 2 2 2 2 2 2 2 2 2 2 2 2 2 2 2 2 2 2 2 2 2 2 2 2 2 2 2 2 2
left_child=12 3 16 7 9 6 -6 8 25 10 -5 -11 19 15 -4 -14 17 -3 27 20 -1 -22 -21 -17 -25 -2 -7 -16 -19 -20
right_child=1 2 14 4 5 26 -8 -9 -10 11 -12 -13 13 -15 18 23 -18 28 29 22 21 -23 -24 24 -26 -27 -28 -29 -30 -31
leaf_value=-0.00016610275471590119 -9.6464743190840388e-05 0.001691510987015707 0.0013364826367013823 -8.2746161339245454e-05 -0.00096048962375100118 -0.0013209083403926342 0.0004719273759549497 7.7486912227945143e-05 -0.00012596389187657665 0.00093379429410676558 0.00042798634915477003 0 -0.00020537524932398891 0.00070452541831077394 0.00043357021509918991 -6.264396624848921e-05 -0.0017760799686424432 -0.00063077643880276538 0.0013733689129907399 0.00055124509949457904 -0.00038128862106631749 -0.0018548276061564684 -0.00027826374251246184 0.00024706307870179031 -9.6186217631777729e-05 0.00065971147525760378 0.00050807482631208436 0.0012400263828749385 9.6435170784058344e-05 8.4596540902874914e-05
leaf_weight=9353 158 34 174 9892 227 23 225 2642 362 276 538 263 3125 232 261 8553 29 156 46 347 321 74 208 2612 1570 1399 1473 216 907 530
leaf_count=9353 158 34 174 9892 227 23 225 2642 362 276 538 263 3125 232 261 8553 29 156 46 347 321 74 208 2612 1570 1399 1473 216 907 530
internal_value=-2.73706e-06 0.000104914 0.000311167 7.69587e-05 2.15072e-05 0.000308807 -0.00024136 0.000233304 0.000446111 -2.92647e-05 -5.60755e-05 0.000483128 -8.37314e-05 -3.22648e-05 0.000601005 -4.32755e-05 -2.26112e-06 4.34737e-05 0.000475475 -0.000163814 -0.000186851 -0.000668907 0.000235029 -3.24978e-06 0.000117492 0.000581039 0.000477088 0.000806864 -7.95937e-06 0.00019492
internal_weight=46226 19831 2353 17478 12917 1948 452 4561 1919 10969 10430 539 26395 16092 1227 15860 1126 1097 1053 10303 9748 395 555 12735 4182 1557 1496 477 1063 576
internal_count=46226 19831 2353 17478 12917 1948 452 4561 1919 10969 10430 539 26395 16092 1227 15860 1126 1097 1053 10303 9748 395 555 12735 4182 1557 1496 477 1063 576
is_linear=0
shrinkage=0.03


Tree=113
num_leaves=31
num_cat=0
split_feature=8 70 73 69 3 44 35 41 69 42 12 26 36 70 12 51 57 63 47 18 1 63 52 69 51 19 65 8 18 1
split_gain=0.421523 0.124304 0.179407 0.210616 0.259441 0.186088 0.174134 0.182993 0.209183 0.180864 0.170362 0.142281 0.172924 0.151092 0.137833 0.128481 0.171984 0.126127 0.125694 0.161867 0.123513 0.120055 0.113918 0.113438 0.113144 0.134488 0.106924 0.106674 0.0998286 0.098848
threshold=0.19565833333333332 0.1159303052754759 -0.055193865735184026 -0.34156760613242332 22.550000000000004 19.750000000000004 5.4833940118369577 0.31484515625597181 0.20088869483109786 17.283333333333339 0.13960416666666667 -473.75922604389558 5.1716666666666686 -0.87792756428346708 0.37195624999999999 1.8898223650461328 41.45000000000001 -205.76499999999996 0.10690449676520962 0.25972777777777772 28.300000000000001 -197.66999999999996 45.392857142857146 0.25118773779856129 0.53452248382485068 0.090689699159082079 -0.0019583333333334087 0.22777083333333339 0.35431597222222228 5.7500000000000009
decision_type=2 2 2 2 2 2 2 2 2 2 2 2 2 2 2 2 2 2 2 2 2 2 2 2 2 2 2 2 2 2
left_child=24 6 15 4 10 23 11 20 9 -9 -4 17 13 -13 -10 18 27 -2 19 -3 -8 -14 -6 -5 29 26 -26 -17 -20 -1
right_child=1 2 3 5 22 -7 7 8 14 -11 -12 12 21 -15 -16 16 -18 -19 28 -21 -22 -23 -24 -25 25 -27 -28 -29 -30 -31
leaf_value=-0.00018127150051519409 -0.00093154918773356691 -0.00095931307839883977 -0.0012438629118797296 0.00017334642713855933 0.00055525358083347487 9.3853968729520779e-05 0.00044853619767618784 0.00070051967415918066 0 -0.00047800603164784039 0.00075304885077483055 8.4290569712399335e-05 0.00086823973440101215 0.00033785101913984364 0.000808956529825486 -0.00013741573082981631 -0.00017068891602918998 0.001116732558190763 -0.00055639991183149774 0.00072428032778653088 0.0026185783056749236 -0.0004630696579803322 -0.00019571798483969648 -0.00069126900435975268 -0.00019921596232408718 0.0006834803644638677 -3.1520794744860416e-06 0.0010558527780059751 -0.0017556164141042736 0.00022783107346885443
leaf_weight=9748 28 78 38 176 242 1927 267 126 858 1298 1006 3652 67 5152 242 99 1552 247 585 144 26 508 720 535 3125 232 12735 185 73 555
leaf_count=9748 28 78 38 176 242 1927 267 126 858 1298 1006 3652 67 5152 242 99 1552 247 585 144 26 508 720 535 3125 232 12735 185 73 555
internal_value=-2.64584e-06 0.000101799 3.60986e-06 0.000117274 0.00034909 -5.79338e-05 0.000159502 -4.71359e-05 -0.000130589 -0.000371203 0.000676373 0.000220107 0.000199914 0.000233033 0.000178225 -0.000189608 -4.48736e-05 0.000894691 -0.000487776 0.000117645 0.000659555 -0.000301497 -3.30846e-06 -0.000473087 -8.12314e-05 -3.12958e-05 -4.19831e-05 0.000630341 -0.000696458 -0.000158923
internal_weight=46226 19831 7360 4644 2006 2638 12471 2817 2524 1424 1044 9654 9379 8804 1100 2716 1836 275 880 222 293 575 962 711 26395 16092 15860 284 658 10303
internal_count=46226 19831 7360 4644 2006 2638 12471 2817 2524 1424 1044 9654 9379 8804 1100 2716 1836 275 880 222 293 575 962 711 26395 16092 15860 284 658 10303
is_linear=0
shrinkage=0.03


Tree=114
num_leaves=31
num_cat=0
split_feature=8 53 6 53 22 40 6 21 0 23 27 70 41 39 21 0 19 17 17 70 8 23 16 17 10 69 53 52 70 2
split_gain=0.396666 0.118076 0.198635 0.15472 0.194645 0.189594 0.199456 0.188947 0.295116 0.213392 0.138786 0.146993 0.163432 0.113626 0.134212 0.11009 0.108529 0.0978241 0.269983 0.123695 0.0964979 0.112375 0.093857 0.0918151 0.091472 0.148749 0.132691 0.090202 0.0882397 0.0870106
threshold=0.19565833333333332 7.3768273951318717 -613.47868879320561 1.0377490433255463 0.35613764880952387 3.2260714285714291 -8.8806976826835804 0.065206454351340357 57.500000000000007 0.011022268196560504 9.5396646973714478 -0.97106408147883394 0.31484515625597181 1.0000000180025095e-35 0.031942006361317075 27.500000000000004 0.0068647440264170646 -1500.0000000000016 -1499.9999999702752 0.87377473702374975 0.086543749999999961 0.016644310351481586 -8.0054379347654194 -1500.0000000000066 0.23492916666666666 0.56314550935064711 0.49724515809884634 79.964285714285737 0.70252747416915695 5.9450000000000012
decision_type=2 2 2 2 2 2 2 2 2 2 2 2 2 2 2 2 2 2 2 2 2 2 2 2 2 2 2 2 2 2
left_child=13 3 16 10 7 6 -6 9 -9 -5 11 -2 -13 20 17 24 -3 23 19 -19 -1 -22 -23 -15 25 -16 -26 -4 -18 -12
right_child=1 2 27 4 5 -7 -8 8 -10 -11 29 12 -14 14 15 -17 28 18 -20 -21 21 22 -24 -25 26 -27 -28 -29 -30 -31
leaf_value=-0.00012649208408759794 -0.00016524512321661904 0.00025615651797776198 0.00062094262870953938 0.00012226936287113106 -0.00088814843773941411 0.00045807932889304666 0.0003650130769178856 0.00070566159908333188 -0.00036578601406944526 -0.00017104010490403908 -0.00069941825979399138 0.00028270105637601296 0.00096942983958454279 -8.7238565696415201e-05 -0.00034455914520671561 0.00041598031882622094 -0.00013489601887527538 0.00078821847070733133 -8.3058540220955077e-05 5.1139126524658615e-05 0.00079075855846660068 -0.00051405461947975776 0.0012461231975919669 -0.00055283680217172609 -0.00085187969947860215 0.00020291664733102863 0.00061791440320771625 -2.7566250257024708e-05 -0.0011452326671672968 9.3706570325122822e-05
leaf_weight=6651 565 495 1213 3373 220 1496 232 702 340 6554 217 3151 351 865 894 922 320 477 12855 375 64 1223 26 708 62 885 388 219 106 277
leaf_count=6651 565 495 1213 3373 220 1496 232 702 340 6554 217 3151 351 865 894 922 320 477 12855 375 64 1223 26 708 62 885 388 219 106 277
internal_value=-2.55872e-06 9.87576e-05 0.000298629 7.16625e-05 1.83641e-05 0.000294773 -0.000238924 -3.04726e-05 0.000353161 -7.10748e-05 0.000221912 0.000279937 0.000352644 -7.87939e-05 -3.7666e-05 0.000140246 -4.20693e-05 -7.45575e-05 -4.85705e-05 0.000467757 -0.000173582 -0.000409557 -0.000474046 -0.000298926 2.47103e-05 -7.05597e-05 0.000407318 0.000519721 -0.000395413 -0.000249339
internal_weight=46226 19831 2353 17478 12917 1948 452 10969 1042 9927 4561 4067 3502 26395 18431 3151 921 15280 13707 852 7964 1313 1249 1573 2229 1779 450 1432 426 494
internal_count=46226 19831 2353 17478 12917 1948 452 10969 1042 9927 4561 4067 3502 26395 18431 3151 921 15280 13707 852 7964 1313 1249 1573 2229 1779 450 1432 426 494
is_linear=0
shrinkage=0.03


Tree=115
num_leaves=31
num_cat=0
split_feature=12 4 19 12 47 3 9 53 20 18 51 22 5 19 64 51 69 7 63 22 58 63 49 69 16 13 10 22 7 10
split_gain=0.410584 0.15167 0.142056 0.190966 0.142748 0.139439 0.138275 0.134561 0.153437 0.20993 0.119796 0.103776 0.121718 0.0989746 0.0947441 0.0907427 0.0880966 0.0846699 0.0837607 0.09706 0.0815512 0.074619 0.106088 0.132796 0.0710359 0.2057 0.138299 0.0957241 0.0675288 0.0671179
threshold=0.16106249999999997 18.500000000000004 0.0016550707716768852 0.33589583333333339 0.10271051820387002 28.650000000000002 0.41483333333333333 2.9050921568101904 0.19460119047619043 0.26609652777777781 8.3466560170324247 0.32780669642857146 -235.02886209707779 0.020191470618551817 2481.5000000000005 0.53452248382484457 0.97109105924028427 -865.93574230993011 -129.77499999999995 0.36169464285714287 21.275000000000002 -95.304999999999993 3.5118845842841524 -0.19244979981841004 -1500.0000000000016 -1499.9999999702752 0.091687499999999963 0.065435863095238064 -17.663411664918147 0.23776458333333331
decision_type=2 2 2 2 2 2 2 2 2 2 2 2 2 2 2 2 2 2 2 2 2 2 2 2 2 2 2 2 2 2
left_child=10 5 14 4 17 7 -6 8 15 -10 13 16 -13 24 18 -2 -5 -4 20 -20 -3 -15 23 -23 27 26 -26 -1 -24 -29
right_child=1 2 3 11 6 -7 -8 -9 9 -11 -12 12 -14 21 -16 -17 -18 -19 19 -21 -22 22 28 -25 25 -27 -28 29 -30 -31
leaf_value=-0.00019432435300781466 -0.00010166104274956227 0 -5.7484092032869478e-05 0.00064224562730958075 -3.453382667227299e-05 0.00064246458342047711 0.0013848487819167559 -0.0019571202074538077 -0.0017764649380056655 0.00016017813003470864 0.00027452979564676383 -0.00099648868895571997 0.00019490360755134451 -8.0069953967409796e-05 -0.00077330407603534268 0.0015862270592867085 -0.00047906067588403598 0.00054831279587946413 0.00035039442102120652 -5.9897878415027336e-06 0.00093671236148061728 -5.208476714760122e-05 -0.0008793719651764663 0.0006101732747790799 0.00065196369408068787 -0.00014027445434637605 9.1151404624671325e-06 -0.0008013771071603311 0.00045001251062216322 0.0008846678167049373
leaf_weight=1752 128 1658 293 751 12350 88 61 61 119 82 767 78 2447 1517 84 35 65 646 4088 807 87 453 114 654 486 15260 815 388 45 20
leaf_count=1752 128 1658 293 751 12350 88 61 61 119 82 767 78 2447 1517 84 35 65 646 4088 807 87 453 114 654 486 15260 815 388 45 20
internal_value=6.52998e-08 8.64109e-05 9.77016e-05 5.05598e-05 0 -0.000422283 -2.72049e-05 -0.000650781 -0.00041888 -0.000974658 -9.25696e-05 0.000253367 0.000156533 -0.000105815 0.000214251 0.000249938 0.000548777 0.000356232 0.00022731 0.000291038 4.67608e-05 6.03605e-05 0.000230931 0.000336658 -0.00013068 -0.000109273 0.000251877 -0.000293294 -0.00048392 -0.000709432
internal_weight=46199 23928 23415 16691 13350 513 12411 425 364 201 22271 3341 2525 21504 6724 163 816 939 6640 4895 1745 2783 1266 1107 18721 16561 1301 2160 159 408
internal_count=46199 23928 23415 16691 13350 513 12411 425 364 201 22271 3341 2525 21504 6724 163 816 939 6640 4895 1745 2783 1266 1107 18721 16561 1301 2160 159 408
is_linear=0
shrinkage=0.03


Tree=116
num_leaves=31
num_cat=0
split_feature=12 26 35 17 63 63 6 23 48 6 23 7 73 11 61 53 8 23 44 66 19 62 21 64 0 7 58 21 10 10
split_gain=0.386276 0.148011 0.156097 0.141932 0.179426 0.179388 0.165994 0.178259 0.158495 0.185707 0.146046 0.142148 0.131539 0.123543 0.114 0.111413 0.10891 0.106072 0.103992 0.102909 0.144838 0.102077 0.100936 0.156863 0.097343 0.149484 0.0969675 0.0966124 0.0950424 0.184472
threshold=0.16106249999999997 -9.0944627995809526 4.3794004520807368 -15.083442240742668 -60.504999999999988 -110.30499999999999 -239.54176046726988 0.031518038582419909 84.500000000000014 -795.09228650033606 0.077618979126823931 -10.906942375315632 0.063799516707275586 0.37593750000000004 6.424999999999998 8.3613448626454225 0.26570416666666674 0.008187914456913593 16.478571428571431 -0.019556250000000046 0.020191470618551817 -22.264999999999997 0.08845226656646131 564.50000000000011 15.000000000000002 -1500.0000000000002 11.065000000000007 0.031942006361317075 0.22492083333333332 0.30829166666666669
decision_type=2 2 2 2 2 2 2 2 2 2 2 2 2 2 2 2 2 2 2 2 2 2 2 2 2 2 2 2 2 2
left_child=19 3 14 5 -5 10 7 -6 9 -7 16 -8 27 -10 21 -12 -2 -14 -19 -1 22 -3 24 -24 25 -21 -16 -4 -22 -30
right_child=1 2 12 4 6 8 11 -9 13 -11 15 -13 17 -15 26 -17 -18 18 -20 20 28 -23 23 -25 -26 -27 -28 -29 29 -31
leaf_value=-0.00028205997434021987 -0.0002736414761997942 0.00065405293939505601 0.00017235875188003626 0.00073696407104456205 8.7240713119951705e-05 -9.9839047237122638e-05 -0.00024872568358717356 0.0012647987084358236 -4.9009386396599644e-05 0.00033752993631243095 0.00020937200010356108 4.105380192730264e-05 0.00036079069186114579 -0.0015506039785933142 0.00044250430855588676 -0.0011308418739292966 0.00018365724383482423 0.00077052379877899169 -0.00046028676235461413 -0.00034930529937049834 7.4757606022939137e-05 -7.5984758674248407e-05 0.00012693346384251277 0.0023934463742189107 -0.0001372655472288624 0.00015747252055697133 0.0010485806560582916 0.0009626814694090102 0.0010166682777333937 -0.00066794939739377916
leaf_weight=2260 2168 247 1541 245 503 1041 3834 152 1090 5120 1830 2501 241 51 889 56 589 65 719 665 2004 547 131 35 14421 2429 344 155 253 73
leaf_count=2260 2168 247 1541 245 503 1041 3834 152 1090 5120 1830 2501 241 51 889 56 589 65 719 665 2004 547 131 35 14421 2429 344 155 253 73
internal_value=6.15296e-08 8.38142e-05 0.000233917 4.64897e-05 -5.80942e-05 0.000110086 -8.64916e-05 0.000366591 0.000202842 0.000263138 -3.51569e-05 -0.000133861 8.40246e-05 -0.000120053 0.000433508 0.00016741 -0.000174826 -0.000182496 -0.000353569 -8.97875e-05 -6.79097e-05 0.000147881 -9.73139e-05 0.000634247 -0.000104454 4.75027e-05 0.00061474 0.00024688 0.00015388 0.000629375
internal_weight=46199 23928 4748 19180 7235 11945 6990 655 7302 6161 4643 6335 2721 1141 2027 1886 2757 1025 784 22271 20011 794 17681 166 17515 3094 1233 1696 2330 326
internal_count=46199 23928 4748 19180 7235 11945 6990 655 7302 6161 4643 6335 2721 1141 2027 1886 2757 1025 784 22271 20011 794 17681 166 17515 3094 1233 1696 2330 326
is_linear=0
shrinkage=0.03


Tree=117
num_leaves=31
num_cat=0
split_feature=20 53 49 47 70 73 70 7 7 70 16 7 20 70 69 66 7 44 70 51 44 68 7 69 62 10 21 5 10 70
split_gain=0.309106 0.181438 0.22995 0.221727 0.304356 0.317295 0.211964 0.274782 0.20182 0.200798 0.19783 0.181671 0.181664 0.162803 0.159927 0.155808 0.136873 0.20543 0.148348 0.133526 0.10088 0.0776133 0.125128 0.0745562 0.0693716 0.0595431 0.0499979 0.0639846 0.0952906 0.100073
threshold=0.087998511904761892 6.7663110343475665 1.0000000180025095e-35 0.71897362741841409 -0.87792756428346708 0.18500512719901699 -0.5488429582847193 -1500.0000000000016 -16.362104949208256 -0.96227343267549392 -15.137044051159918 -1500.0000000000066 0.17057113095238094 0.65837719692149965 0.51973899919070166 0.17217083333333336 -21.643553199504918 22.150000000000002 -0.57729161655172734 1.0000000180025095e-35 24.321428571428577 -56.624831126235577 -66.749227470071631 0.90880922144842624 -45.909999999999975 0.12210416666666667 0.00063298340283792615 -77.63459098329092 0.063814583333333313 -0.098820138732871751
decision_type=2 2 2 2 2 2 2 2 2 2 2 2 2 2 2 2 2 2 2 2 2 2 2 2 2 2 2 2 2 2
left_child=26 2 6 11 5 -5 9 -8 -6 10 -2 23 -13 15 21 16 18 -18 -3 -9 -11 24 -23 -4 -15 -16 -1 28 -28 -30
right_child=1 13 3 4 8 -7 7 19 -10 20 -12 12 -14 14 25 -17 17 -19 -20 -21 -22 22 -24 -25 -26 -27 27 -29 29 -31
leaf_value=5.0861376517968062e-07 0.00058049665287596315 -0.00019827443304338559 0.0011147759220944823 -2.6641586017816377e-05 7.4716923618377859e-05 -0.001426199104370554 -0.00065270781561333792 -5.9415747882222466e-05 -0.0005357510339316446 0.00011680851765985802 -0.00021562402806095268 -0.00022013090399190607 5.6972031405251449e-05 0.0017618856878184219 0.0003171440077749139 -0.0016233198341514383 0.00084835114153471874 -0.0009861417276692448 0.00038504452170875245 0.00018454147496604317 0.0004630984561374832 -0.00031795273975941018 0.00047842043003121085 -0.00040444364825680169 0 -0.00064383594434867537 -0.00013967161738462626 -8.7753235081650484e-06 -0.00089873498249054724 -0.00026872080168529488
leaf_weight=2651 364 501 177 243 1420 381 519 4145 736 1067 1213 2949 7632 50 63 34 745 57 1710 3913 2847 338 368 31 35 391 7766 2551 304 998
leaf_count=2651 364 501 177 243 1420 381 519 4145 736 1067 1213 2949 7632 50 63 34 745 57 1710 3913 2847 338 368 31 35 391 7766 2551 304 998
internal_value=7.50835e-08 5.20172e-05 2.37103e-05 -6.42605e-05 -0.000303123 -0.000886894 0.000108772 1.52191e-05 -0.000132441 0.000254328 -2.97125e-05 -2.41249e-06 -1.99885e-05 0.000233544 -5.33938e-05 0.00035175 0.000375564 0.000713168 0.000251482 5.86869e-05 0.000369516 0.000201462 9.30002e-05 0.000873148 0.00105589 -0.000503487 -0.00011593 -0.000142753 -0.000180108 -0.0004187
internal_weight=46199 31929 27637 13569 2780 624 14068 8577 2156 5491 1577 10789 10581 4292 1245 3047 3013 802 2211 8058 3914 791 706 208 85 454 14270 11619 9068 1302
internal_count=46199 31929 27637 13569 2780 624 14068 8577 2156 5491 1577 10789 10581 4292 1245 3047 3013 802 2211 8058 3914 791 706 208 85 454 14270 11619 9068 1302
is_linear=0
shrinkage=0.03


Tree=118
num_leaves=31
num_cat=0
split_feature=12 24 35 17 39 57 50 6 7 7 7 7 29 17 46 46 70 44 40 69 69 66 19 21 64 35 10 10 7 1
split_gain=0.346057 0.140725 0.152134 0.146155 0.178436 0.157113 0.153602 0.149832 0.164634 0.157799 0.145457 0.409899 0.143947 0.13763 0.128407 0.119422 0.151245 0.147831 0.106877 0.100513 0.143671 0.0977546 0.133351 0.0951309 0.147895 0.0899009 0.089141 0.174264 0.109234 0.0850098
threshold=0.16106249999999997 -9.1124449372752157 4.1548230906202912 -15.083442240742668 0.11224972160328923 28.750000000000007 18.071428571428573 -239.54176046726988 -1500.0000000000002 -8.303427138274289 -1499.2057758465926 -1499.999999999995 2.0633282393410077 -20.204112909940815 25.246428571428577 19.653571428571432 -0.97870382656940669 16.478571428571431 8.3546428571428581 -0.28435655403991289 -0.73831951690629072 -0.019556250000000046 0.020191470618551817 0.08845226656646131 544.50000000000011 6.2613172244335571 0.22492083333333332 0.30829166666666669 -422.14265715926905 6.5500000000000007
decision_type=2 2 2 2 2 2 2 2 2 2 2 2 2 2 2 2 2 2 2 2 2 2 2 2 2 2 2 2 2 2
left_child=21 3 29 4 6 -5 18 8 -7 -9 11 -6 -8 -12 15 17 -17 -4 -2 20 -16 -1 23 -23 -25 -21 -24 -28 -29 -3
right_child=1 2 14 5 10 7 12 9 -10 -11 13 -13 -14 -15 19 16 -18 -19 -20 25 -22 22 26 24 -26 -27 27 28 -30 -31
leaf_value=-0.00027236690183633289 -0.00082710685666742784 0.00023985425835297284 0.00050442589852684827 0.0010862287857968892 0.00010535753232343895 0 0.00018669533874095197 -0.00016255428855469869 0.0010066972959671269 0.00046134520292328402 0.00040721844947729072 -0.0017888944535252621 -0.00018263953965344206 1.1542275571704554e-05 -0.00046252778073751073 -0.00083075455876274241 0.00050851041487425766 -0.00019157797704372838 0.00088750800800210393 -7.8669100013725405e-07 0.0016456805363516595 -9.8807745236322269e-05 7.2468726952792353e-05 8.3474082195091859e-05 0.002186824108042368 -0.0020626614716908846 0.00098626052858271306 0.00028774753652599663 -0.0019848733374383297 0.00063686563446269725
leaf_weight=2260 317 1101 363 104 3334 414 1926 6081 225 385 3218 105 1871 1070 192 80 949 1114 34 33 33 17515 2004 126 40 56 253 42 31 923
leaf_count=2260 317 1101 363 104 3334 414 1926 6081 225 385 3218 105 1871 1070 192 80 949 1114 34 33 33 17515 2004 126 40 56 253 42 31 923
internal_value=6.22508e-08 7.93383e-05 0.000223873 4.24847e-05 0.000107262 -6.38038e-05 -5.08789e-05 -8.12102e-05 0.000355463 -0.000124876 0.000192539 4.61467e-05 3.91277e-06 0.000309209 8.00717e-05 0.000152691 0.000400771 -1.82669e-05 -0.000650447 -0.000488613 -0.000134136 -8.49771e-05 -6.36512e-05 -9.18706e-05 0.000618329 -0.00133998 0.000149149 0.000609686 -0.000650578 0.000422609
internal_weight=46199 23928 4844 19084 11875 7209 4148 7105 639 6466 7727 3439 3797 4288 2820 2506 1029 1477 351 314 225 22271 20011 17681 166 89 2330 326 73 2024
internal_count=46199 23928 4844 19084 11875 7209 4148 7105 639 6466 7727 3439 3797 4288 2820 2506 1029 1477 351 314 225 22271 20011 17681 166 89 2330 326 73 2024
is_linear=0
shrinkage=0.03


Tree=119
num_leaves=31
num_cat=0
split_feature=12 24 17 39 63 6 23 50 2 40 23 27 53 57 46 2 53 37 19 11 10 9 23 41 12 6 52 17 17 10
split_gain=0.3256 0.13234 0.137455 0.167889 0.15226 0.146772 0.160854 0.144405 0.141544 0.126353 0.120021 0.111843 0.110337 0.105697 0.0909915 0.0893954 0.0891613 0.084257 0.0835293 0.0908584 0.0916831 0.114228 0.082604 0.0822095 0.136309 0.113053 0.0668644 0.0610052 0.178 0.127284
threshold=0.16106249999999997 -9.1124449372752157 -15.083442240742668 0.11224972160328923 -60.504999999999988 -239.54176046726988 0.031518038582419909 18.071428571428573 7.0850000000000009 4.4396428571428581 0.010715769223046512 0.24482985514499753 1.8156825980063049 11.549999999999995 25.246428571428577 3.6850000000000005 10.464618559850708 0.22068076490712998 0.020191470618551817 0.32193750000000004 0.23635416666666667 0.32472916666666668 0.06879438922999534 0.70977631442963285 0.26302708333333336 -759.35543395636523 59.035714285714292 -1500.0000000000016 -1499.9999999702752 0.091687499999999963
decision_type=2 2 2 2 2 2 2 2 2 2 2 2 2 2 2 2 2 2 2 2 2 2 2 2 2 2 2 2 2 2
left_child=16 2 3 7 -4 6 -6 12 -9 11 -7 15 -2 -13 -15 -3 18 -18 27 20 22 -22 -20 24 -5 -25 -19 -1 29 -29
right_child=1 9 4 23 5 10 -8 8 -10 -11 -12 13 -14 14 -16 -17 17 26 19 -21 21 -23 -24 25 -26 -27 -28 28 -30 -31
leaf_value=-0.00026533277343736571 -0.00040048109225702293 0.00028564351265310863 0.0007066212408590218 0.00013359325005899751 7.2691483366323393e-05 5.4860286774587272e-05 0.0011983880078784608 -2.2972344932806923e-05 0.0012222292730252125 0.00098992738073213488 -0.00022206073003073974 0.0022615076409918918 -0.0019530179752595721 0.00017327951427921443 -0.00025006449052629031 0.0010914087624200072 -0.00021130589656786467 0.00079446762562013012 6.8653059700740318e-05 -0.0011553623183733885 0.00084100259141308027 -0.00024449074452315443 -0.00055456866491585964 -0.00021441974761396055 0.00043810052006339531 0.00025036833399332095 0 0.00064327767848240528 -0.00012366337590565807 1.2510938436290335e-05
leaf_weight=2182 302 356 223 3770 488 2079 151 3714 83 184 4268 20 49 3563 518 203 207 272 2137 53 278 121 209 956 2076 925 139 461 15421 791
leaf_count=2182 302 356 223 3770 488 2079 151 3714 83 184 4268 20 49 3563 518 203 207 272 2137 53 278 121 209 956 2076 925 139 461 15421 791
internal_value=7.16962e-08 7.69709e-05 4.12261e-05 0.000104049 -6.18424e-05 -8.68995e-05 0.000344845 -4.93304e-05 3.77172e-06 0.000217138 -0.000130887 0.000185775 -0.000630672 0.000130492 0.000118762 0.00058504 -8.2414e-05 0.000271386 -9.26624e-05 5.95724e-05 8.45348e-05 0.00050453 1.16407e-05 0.00018677 0.000242298 1.25618e-05 0.000521699 -0.000115414 -9.56e-05 0.000247488
internal_weight=46199 23928 19084 11875 7209 6986 639 4148 3797 4844 6347 4660 351 4101 4081 559 22271 618 21653 2798 2745 399 2346 7727 5846 1881 411 18855 16673 1252
internal_count=46199 23928 19084 11875 7209 6986 639 4148 3797 4844 6347 4660 351 4101 4081 559 22271 618 21653 2798 2745 399 2346 7727 5846 1881 411 18855 16673 1252
is_linear=0
shrinkage=0.03


Tree=120
num_leaves=31
num_cat=0
split_feature=12 53 66 46 69 46 22 28 53 6 53 69 0 25 59 22 19 19 46 69 23 34 69 52 53 66 66 66 22 69
split_gain=0.266032 0.136969 0.176575 0.172703 0.304639 0.403922 0.350812 0.313818 0.165511 0.247983 0.162247 0.164281 0.27654 0.155499 0.142516 0.122182 0.11931 0.117083 0.114098 0.194912 0.123983 0.111735 0.107333 0.106201 0.0808959 0.0802076 0.0778468 0.073551 0.0946712 0.114971
threshold=0.16522916666666668 1.0690449676496601 -0.0045018115942029582 22.575000000000006 0.34964421742355262 19.653571428571432 0.36169464285714287 -202.56739983523434 6.035153429953108 -51.590393243497822 3.6411868612090124 0.25118773779856129 35.000000000000007 2.5838568436755889 52.785000000000004 0.40917663507127794 0.016393313896113357 0.0062096506066193222 23.903571428571432 -0.52707282776374165 0.015302965475262787 6.003571428571429 0.18399664778440331 27.107142857142861 11.596702673249391 0.11838750000000002 -0.25025416666666661 -0.019556250000000046 0.034620089285714271 0.42888796625999276
decision_type=2 2 2 2 2 2 2 2 2 2 2 2 2 2 2 2 2 2 2 2 2 2 2 2 2 2 2 2 2 2
left_child=24 2 13 4 8 6 -6 -7 9 -3 18 12 -12 16 -13 -10 21 25 19 -5 -20 -2 -18 -15 27 -4 -25 -1 -29 -30
right_child=1 3 17 10 5 7 -8 -9 15 -11 11 14 -14 23 -16 -17 22 -19 20 -21 -22 -23 -24 26 -26 -27 -28 28 29 -31
leaf_value=-0.00024053300319404509 0.00046428947947093875 0.00051559474188420963 -0.00018364911801976963 5.0330713655541212e-05 -0.00064104747975708785 -0.0010569537605821405 0.00020503771666308904 0.0004166404828630265 0.00053989501598934958 -0.00010134131607183239 -0.00075394726676940619 6.5761688423183405e-05 0.00020187504162575974 0.0019296846711500122 -0.0018525233663773783 -0.00091477903623420455 -0.00033480207247448408 0.00031334551188001231 0.00021416824463171862 -0.00093231478632281725 -4.5558306334531946e-05 0.0010409467912922913 0.00057382540601326839 -0.0019064635855510182 0.00034426100962087647 0.00035247493291778174 -9.8752908282191869e-05 -0.00015278470165583545 -9.1015687267885975e-05 8.8702525537272749e-05
leaf_weight=2361 1011 944 1546 454 1319 141 655 1447 1968 1530 970 1091 372 21 35 51 246 952 2695 296 4247 457 219 22 405 296 421 6913 7623 5516
leaf_count=2361 1011 944 1546 454 1319 141 655 1447 1968 1530 970 1091 372 21 35 51 246 952 2695 296 4247 457 219 22 405 296 421 6913 7623 5516
internal_value=-1.07432e-06 6.9919e-05 0.000205949 3.09785e-05 0.000134819 -7.17008e-05 -0.000358824 0.000283328 0.000299192 0.000132963 -5.10573e-05 -0.000262723 -0.000486808 0.00039495 1.88192e-06 0.00050123 0.000513526 4.26469e-05 1.64915e-05 -0.000334217 5.48561e-05 0.000646436 8.70075e-05 -9.26222e-05 -7.40284e-05 -9.57244e-05 -0.000199375 -8.17357e-05 -6.28776e-05 -1.53373e-05
internal_weight=46224 23406 5191 18215 8055 3562 1974 1588 4493 2474 10160 2468 1342 2397 1126 2019 1933 2794 7692 750 6942 1468 465 464 22818 1842 443 22413 20052 13139
internal_count=46224 23406 5191 18215 8055 3562 1974 1588 4493 2474 10160 2468 1342 2397 1126 2019 1933 2794 7692 750 6942 1468 465 464 22818 1842 443 22413 20052 13139
is_linear=0
shrinkage=0.03


Tree=121
num_leaves=31
num_cat=0
split_feature=12 24 28 6 69 41 63 65 23 70 46 70 33 40 41 9 40 69 22 69 7 32 66 22 69 69 7 46 23 7
split_gain=0.250314 0.123676 0.197922 0.217561 0.184916 0.178151 0.169742 0.156769 0.151131 0.184575 0.168566 0.14924 0.330383 0.13889 0.128804 0.114987 0.114527 0.110621 0.248776 0.171348 0.0838835 0.072849 0.07183 0.105361 0.103973 0.133283 0.267167 0.141289 0.10903 0.116056
threshold=0.16522916666666668 -9.4901594511580161 -16.820577354818152 -654.75564364687773 -0.96683886033945943 0.072160535316354413 -95.304999999999993 0.12045480072463771 0.010088778323711857 -0.88603780069526494 16.546428571428574 0.16704543776228128 1.9972600136693794 3.9010714285714294 0.15939445851908887 0.28652083333333334 4.342500000000002 0.41327478071396911 0.37556458333333337 0.26781182513105634 -787.58573514437728 26.578571428571433 -0.019556250000000046 0.034620089285714271 0.42888796625999276 0.82876241254485883 -1499.9999999999989 27.960714285714293 0.0061669841548799174 -18.195647904692319
decision_type=2 2 2 2 2 2 2 2 2 2 2 2 2 2 2 2 2 2 2 2 2 2 2 2 2 2 2 2 2 2
left_child=22 2 3 4 20 15 14 -6 9 -7 -10 13 -13 -5 -3 21 17 19 -19 -8 -2 -4 -1 -24 28 27 -27 -26 -25 -30
right_child=1 6 5 11 7 8 16 -9 10 -11 -12 12 -14 -15 -16 -17 -18 18 -20 -21 -22 -23 23 24 25 26 -28 -29 29 -31
leaf_value=-0.0002275566032118065 0.0014524994859269722 0.00021843574701675345 0.00063096646686768975 0.00018418469959504034 -3.589037258974293e-05 -0.00035981494229035433 0.00015850515781985484 0.00091118693323834861 0.00099404271141431406 0.00027679872854487962 -0.00027783502852905551 -0.00025674836947201483 0.0006694710214639549 0.00065695700275621301 0.0032385717880880007 3.683107397601289e-05 0.00078232216796631079 -0.00040373558214648348 0.00051154478796613793 0.00087276604270309364 -0.00014991453352073829 0.0024208404072560367 -0.00014845000931316792 4.0409666333274641e-05 0.00040426891440061593 -0.00039262248501274147 0.00017638331815800993 -6.4988589767964563e-05 -0.00028133237222745982 8.1424422265557303e-05
leaf_weight=2396 113 27 280 1048 6680 599 3738 160 94 1282 4194 1008 526 1257 28 498 266 827 392 331 35 23 6931 3708 1759 1194 1956 844 2962 1068
leaf_count=2396 113 27 280 1048 6680 599 3738 160 94 1282 4194 1008 526 1257 28 498 266 827 392 331 35 23 6931 3708 1759 1194 1956 844 2962 1068
internal_value=-1.03949e-06 6.78228e-05 2.89055e-05 0.000109302 9.17235e-06 -9.55472e-05 0.000190743 -1.3168e-05 -0.000150541 7.23931e-05 -0.000249029 0.000290733 5.91219e-05 0.000443479 0.00183991 0.000323916 0.000173543 0.000142211 -0.000106767 0.000217545 0.00105495 0.000784216 -7.18076e-05 -5.33773e-05 -4.30399e-06 9.20397e-05 -3.84011e-05 0.000250998 -7.63233e-05 -0.000184457
internal_weight=46224 23406 17797 10827 6988 6970 5609 6840 6169 1881 4288 3839 1534 2305 55 801 5554 5288 1219 4069 148 303 22818 20422 13491 5753 3150 2603 7738 4030
internal_count=46224 23406 17797 10827 6988 6970 5609 6840 6169 1881 4288 3839 1534 2305 55 801 5554 5288 1219 4069 148 303 22818 20422 13491 5753 3150 2603 7738 4030
is_linear=0
shrinkage=0.03


Tree=122
num_leaves=31
num_cat=0
split_feature=12 70 40 44 63 7 44 21 4 32 41 47 23 10 10 73 70 3 52 50 61 18 71 72 66 22 9 66 63 3
split_gain=0.235699 0.120611 0.179083 0.172928 0.191783 0.309888 0.202413 0.15696 0.143447 0.142999 0.131332 0.164067 0.127943 0.121205 0.116215 0.115937 0.106151 0.164433 0.159382 0.0859532 0.0692948 0.0682004 0.114652 0.0677305 0.0675766 0.099144 0.0718728 0.13609 0.0677958 0.0672051
threshold=0.16522916666666668 -0.19244445339415753 3.2560714285714294 27.764285714285723 -62.234999999999992 -126.31450329426491 26.721428571428579 0.004099848764483432 42.500000000000007 0.14285714285714315 0.14379472548366665 3.5060067008909095e-07 0.040002990625479955 0.18233333333333326 0.16602083333333331 -0.018778730922303307 -0.96227343267549392 18.350000000000005 87.035714285714292 18.071428571428573 -7.6400000000000041 0.15296256038647341 -4.9770480860596811 2.8277391005081678 -0.019556250000000046 0.034620089285714271 0.34337083333333335 -0.20409374999999999 -166.63499999999996 24.250000000000004
decision_type=2 2 2 2 2 2 2 2 2 2 2 2 2 2 2 2 2 2 2 2 2 2 2 2 2 2 2 2 2 2
left_child=24 2 14 4 5 -4 -6 8 -3 23 12 -12 19 -11 29 -13 18 -18 -16 -9 -14 22 -10 -5 26 -26 27 -1 -28 -2
right_child=1 7 3 9 6 -7 -8 10 21 13 11 15 20 -15 16 -17 17 -19 -20 -21 -22 -23 -24 -25 25 -27 28 -29 -30 -31
leaf_value=-0.0015989917811344971 -0.00030586776706843154 -0.00052382066981759054 0.0001063333236879686 0.00080921633020406426 0.00011282342195603892 0.00090401316230427631 0.00072727651454706935 -0.0013389515745054396 -0.00040317738983347746 -7.2609892656039739e-05 -0.0017565630862243578 -0.00021454407006689301 0.00023960949925227123 -0.00095341740976676677 0.00011748161014537474 1.9211096711516541e-05 -0.00050402383287798721 0.00020607887296749143 -0.00064618458031761195 -9.3764140093283781e-05 0.0010214084905533086 0.00034217380772643351 0.0017836095820553601 -0.0002626936356089293 -0.00014399715136651411 -4.1616107865734143e-06 0 -0.00020831670346211273 0.0019394988712783043 -0.0015612057603464752
leaf_weight=65 110 163 855 146 5627 920 530 55 27 332 53 3678 1498 254 471 3926 342 1977 501 540 112 1072 74 77 6931 13491 39 2267 25 66
leaf_count=65 110 163 855 146 5627 920 530 55 27 332 53 3678 1498 254 471 3926 342 1977 501 540 112 1072 74 77 6931 13491 39 2267 25 66
internal_value=-9.80971e-07 6.58388e-05 0.000131067 0.000203493 0.000246284 0.000521744 0.000166313 -5.00994e-06 0.000299722 -0.000212143 -4.66221e-05 -0.000105605 0.000156793 -0.000460478 -5.06752e-05 -9.34735e-05 -9.47433e-06 9.98896e-05 -0.000273313 -0.000215952 0.000296458 0.000417065 0.00117139 0.000426182 -6.96539e-05 -5.17719e-05 -0.000220733 -0.000249034 0.000752297 -0.000799729
internal_weight=46224 23406 12208 8741 7932 1775 6157 11198 1336 809 9862 7657 2205 586 3467 7604 3291 2319 972 595 1610 1173 101 223 22818 20422 2396 2332 64 176
internal_count=46224 23406 12208 8741 7932 1775 6157 11198 1336 809 9862 7657 2205 586 3467 7604 3291 2319 972 595 1610 1173 101 223 22818 20422 2396 2332 64 176
is_linear=0
shrinkage=0.03


Tree=123
num_leaves=31
num_cat=0
split_feature=22 48 2 40 41 63 8 41 42 69 69 63 28 69 46 64 70 7 64 11 53 51 21 64 70 35 64 41 36 36
split_gain=0.22426 0.131364 0.212459 0.187678 0.142298 0.235607 0.20705 0.198161 0.194444 0.259083 0.228237 0.10972 0.202849 0.294579 0.263483 0.25567 0.181152 0.176553 0.163712 0.140352 0.131032 0.123403 0.114911 0.114029 0.103888 0.0974565 0.11906 0.0972474 0.0890408 0.168396
threshold=0.23767857142857143 15.16666666666667 7.0850000000000009 8.3546428571428581 0.3750457847507972 -157.54999999999998 0.38314583333333335 0.12347642880797623 25.016666666666669 -0.48250327361223916 -0.59817537509284324 -112.20499999999998 -15.58647458267626 0.42888796625999276 24.860714285714291 52.500000000000007 0.047319635496388741 -1500.0000000000066 74.500000000000014 0.26097083333333332 9.0484046314047379 2.1380899352993423 0.0010938213317475665 108.50000000000001 -0.70862667826445969 4.2226755729109113 117.50000000000001 0.39497982977380258 5.991666666666668 5.0583333333333353
decision_type=2 2 2 2 2 2 2 2 2 2 2 2 2 2 2 2 2 2 2 2 2 2 2 2 2 2 2 2 2 2
left_child=11 3 4 -2 5 7 -7 -3 9 -6 -10 19 13 14 23 16 -15 -16 20 22 21 -14 27 -13 -17 26 -24 -1 29 -21
right_child=1 2 -4 -5 8 6 -8 -9 10 -11 -12 12 18 15 17 24 -18 -19 -20 28 -22 -23 25 -25 -26 -27 -28 -29 -30 -31
leaf_value=-7.9481883240824195e-05 -0.0015753661896571805 0.00014069245667257916 0.0013832550203309766 0.0014818052874708716 0.00033764318020080138 0.00038546772879796259 -0.00022794419293725157 -0.00074316072991178345 -0.00080650128960333366 -4.8687941556447585e-05 4.4476403424630818e-05 0.00018422244267525512 -8.3406292692574303e-07 0.00054816516507438578 0.00012611893038004941 0.00081421253513728608 4.0862547610779492e-05 -0.00035376661857015429 0.0025270039258591297 -0.00072827119584525782 0.00069962908806012224 -0.00026071168733804586 -0.00031359210373415117 0.0017367737018079918 -0.00054338262721211614 0.0010790061221361675 -0.00010037636083087037 0.00031992232714162883 1.6436198408800091e-05 0.0017581471683965487
leaf_weight=1281 86 561 116 21 2311 3907 560 379 522 4788 606 2185 3076 2304 982 56 892 2256 20 30 169 3591 3045 43 382 57 10821 948 131 98
leaf_count=1281 86 561 116 21 2311 3907 560 379 522 4788 606 2185 3076 2304 982 56 892 2256 20 30 169 3591 3045 43 382 57 10821 948 131 98
internal_value=-9.59843e-07 9.99599e-05 0.000108334 -0.000939418 9.71662e-05 0.000216753 0.000307863 -0.000212893 1.81893e-05 7.66851e-05 -0.000347035 -4.42602e-05 1.15886e-05 0.000104599 -3.4086e-05 0.000313977 0.000407573 -0.00020731 -0.000111425 -9.87407e-05 -0.000119951 -0.000141278 -0.000110022 0.000216298 -0.000361516 -0.000142121 -0.000147435 8.91079e-05 0.000590961 0.00115101
internal_weight=46224 13857 13750 107 13634 5407 4467 940 8227 7099 1128 32367 15956 9100 5466 3634 3196 3238 6856 16411 6836 6667 16152 2228 438 13923 13866 2229 259 128
internal_count=46224 13857 13750 107 13634 5407 4467 940 8227 7099 1128 32367 15956 9100 5466 3634 3196 3238 6856 16411 6836 6667 16152 2228 438 13923 13866 2229 259 128
is_linear=0
shrinkage=0.03


Tree=124
num_leaves=31
num_cat=0
split_feature=12 53 66 29 46 69 46 29 22 70 70 53 22 35 7 70 46 11 52 19 69 19 56 66 53 2 66 36 66 10
split_gain=0.211341 0.116018 0.162801 0.160351 0.147368 0.267117 0.373802 0.338778 0.323209 0.199657 0.242521 0.14885 0.253301 0.223158 0.142634 0.139838 0.211164 0.192422 0.128432 0.123403 0.125549 0.110879 0.0921043 0.0750567 0.072214 0.0669023 0.0667655 0.0642987 0.0612203 0.0835424
threshold=0.16522916666666668 1.0690449676496601 -0.0045018115942029582 4.271505028699301 22.575000000000006 0.34964421742355262 19.653571428571432 49.18543612179058 0.36169464285714287 0.90515966073569365 0.21771516573566849 4.7306575525105705 0.32319642857142866 13.54233289417129 -1499.9999999999989 0.030119189164198128 23.946428571428577 0.41512916666666666 27.107142857142861 0.016393313896113357 0.18399664778440331 0.0064167793998078987 84.050000000000026 0.12795833333333337 11.596702673249391 6.8650000000000011 -0.25025416666666661 3.4100000000000001 -0.019556250000000046 0.11281666666666666
decision_type=2 2 2 2 2 2 2 2 2 2 2 2 2 2 2 2 2 2 2 2 2 2 2 2 2 2 2 2 2 2
left_child=24 2 3 19 5 9 8 -8 -7 10 -3 15 13 -13 -11 16 -6 -17 -5 22 -21 23 -2 -4 28 -23 -20 -25 -1 -30
right_child=1 4 21 18 11 6 7 -9 -10 14 -12 12 -14 -15 -16 17 -18 -19 26 20 -22 25 -24 27 -26 -27 -28 -29 29 -31
leaf_value=-0.00021813969360376156 0.00045737072744428674 0.00021016305753539355 -0.00017775653164550604 0.0019043460419544806 -0.00035272090483152107 -0.00061804910449864516 0.00046185320849310356 -0.00073416829482067395 0.00019393049933906452 -0.00071918470125385814 0.00074917491345342382 -0.00053681755362554155 0.0016563072712424227 0.0016764078745618461 0.00010706116371921108 -0.00015317286515811101 0.00015051909404884204 -0.0029165044652105752 -0.0018453119717659831 -0.00040396374367495497 0.00057736319120021409 0.00038032479793836135 0.00098175146901871221 -0.0010415064713452011 0.00032925452241944176 -0.000454943822313761 -0.00016254429483866895 0.0005642858580025196 -9.3229130079829867e-05 4.4535283817929885e-05
leaf_weight=2361 1013 2365 1612 25 876 1319 1337 251 655 247 1118 1122 52 41 763 2933 5114 22 22 245 222 854 459 23 405 92 411 213 14657 5395
leaf_count=2361 1013 2365 1612 25 876 1319 1337 251 655 247 1118 1122 52 41 763 2933 5114 22 22 245 222 854 459 23 405 92 411 213 14657 5395
internal_value=-9.14276e-07 6.23551e-05 0.000187551 0.000368999 2.65031e-05 0.000122437 -7.09114e-05 0.000270578 -0.000347142 0.000276371 0.000384206 -4.92641e-05 -0.000360734 -0.000454843 -9.25451e-05 -6.58617e-06 7.63761e-05 -0.00017574 -0.000130495 0.000488534 5.63609e-05 3.07362e-05 0.000623476 -0.000103278 -6.59454e-05 0.000295531 -0.00025901 0.000391397 -7.32349e-05 -5.60136e-05
internal_weight=46224 23406 5191 2397 18215 8055 3562 1588 1974 4493 3483 10160 1215 1163 1010 8945 5990 2955 458 1939 467 2794 1472 1848 22818 946 433 236 22413 20052
internal_count=46224 23406 5191 2397 18215 8055 3562 1588 1974 4493 3483 10160 1215 1163 1010 8945 5990 2955 458 1939 467 2794 1472 1848 22818 946 433 236 22413 20052
is_linear=0
shrinkage=0.03


Tree=125
num_leaves=31
num_cat=0
split_feature=22 48 36 40 38 72 11 66 0 21 36 51 47 22 19 11 70 65 11 12 35 36 40 38 12 6 0 66 20 50
split_gain=0.20334 0.100925 0.200788 0.189687 0.0983394 0.0969852 0.0952866 0.10548 0.108773 0.205498 0.141947 0.0927443 0.0923371 0.107712 0.114625 0.103472 0.0915045 0.0888666 0.0788886 0.130611 0.121867 0.0699828 0.0648013 0.0490755 0.0445907 0.0387009 0.0261034 0.0219958 0.0203502 0.0137167
threshold=0.23865208333333335 15.16666666666667 7.0616666666666665 8.3546428571428581 6.9785714285714304 -29.081202642055072 0.036520833333333259 -0.007500000000000096 92.500000000000014 0.067505819343284992 4.6216666666666688 8.3466560170324247 3.5060067008909095e-07 0.21597857142857141 0.020191470618551817 0.34142916666666673 0.047319635496388741 0.04487499999999995 0.19873125000000003 0.25307916666666669 8.486854663181455e-07 5.5716666666666663 4.6960714285714298 7.6507142857142876 0.29867499999999997 -26206.108435220594 15.000000000000002 -1.0000000180025095e-35 0.04788928571428569 35.071428571428577
decision_type=2 2 2 2 2 2 2 2 2 2 2 2 2 2 2 2 2 2 2 2 2 2 2 2 2 2 2 2 2 2
left_child=6 3 4 23 5 22 25 12 9 11 -11 -9 13 14 -8 16 -14 -7 19 -10 -20 -15 -3 -2 -4 -1 29 -25 -28 -27
right_child=1 2 24 -5 -6 17 7 8 18 10 -12 -13 15 21 -16 -17 -18 -19 20 -21 -22 -23 -24 27 -26 26 28 -29 -30 -31
leaf_value=0.00034391209809347148 -0.00025023692314113887 0.0013121450379964617 0.0016927059849152681 0.0016870629981692346 -0.0018132762245368212 8.1309744971368885e-05 0.00026615058883497215 1.7384508461606483e-05 -0.00017312156647769351 -2.0651505585373527e-05 0.00084660286587188765 0.00035392419380252398 -2.4749793882064088e-05 0.0020370343536664933 -0.00089014126763422706 -0.0016732594095743619 -0.00023479609937805874 0.00057092746692926635 0.00077853600564185669 -0.0010780755597924847 -0.00045099181582918386 0 -0.00019795389584596117 -0.0025104780129922019 0.00015880682049984376 0.0009109948252194694 -0.00013909928418707115 -0.00096401621002703899 -0.00042895042598011744 5.8926873477449744e-05
leaf_weight=146 27 96 87 20 23 12916 554 13700 1364 250 488 780 4274 45 88 38 3364 344 172 162 121 25 30 34 27 27 6716 24 236 67
leaf_count=146 27 96 87 20 23 12916 554 13700 1364 250 488 780 4274 45 88 38 3364 344 172 162 121 25 30 34 27 27 6716 24 236 67
internal_value=4.96202e-06 0.000102335 0.000109751 -0.000816466 9.87972e-05 0.000102442 -3.56324e-05 -8.23313e-06 3.45131e-05 6.08716e-05 0.000549128 3.57434e-05 -9.5407e-05 0.000229708 0.000101852 -0.00012598 -0.000117672 9.42801e-05 -0.00018427 -0.000271799 0.000260768 0.00134213 0.000930248 -0.00145318 0.00136004 -0.000132062 -0.000142398 -0.0019486 -0.000149431 0.000342262
internal_weight=46245 13628 13523 105 13409 13386 32617 25425 17037 15218 738 14480 8388 712 642 7676 7638 13260 1819 1526 293 70 126 85 114 7192 7046 58 6952 94
internal_count=46245 13628 13523 105 13409 13386 32617 25425 17037 15218 738 14480 8388 712 642 7676 7638 13260 1819 1526 293 70 126 85 114 7192 7046 58 6952 94
is_linear=0
shrinkage=0.03


Tree=126
num_leaves=31
num_cat=0
split_feature=10 7 20 12 46 69 39 73 44 36 66 17 69 5 21 9 11 7 7 42 26 36 53 57 70 18 21 10 40 70
split_gain=0.209908 0.152524 0.145587 0.11883 0.16339 0.132369 0.122438 0.115227 0.153963 0.241009 0.14627 0.117243 0.103007 0.204114 0.132331 0.121045 0.106623 0.127201 0.214 0.0979434 0.0919568 0.0910215 0.155502 0.0863459 0.0779485 0.10995 0.0743353 0.0886853 0.0699165 0.0666598
threshold=0.2192166666666667 -1500.0000000000016 0.16890178571428571 0.29418749999999999 24.996428571428577 -0.92913280730858783 0.026457513110646348 -2.5524956553507674 27.707142857142863 6.3416666666666668 -0.073854166666666679 -707.36370757943371 -0.86958133671945925 -1499.999999999997 0.0066317216444219691 0.10571458333333332 0.12002083333333331 -1500.0000000000152 -1500.0000000000066 22.216666666666672 -9.1711666839023991 4.8100000000000014 1.0894095588038299 20.349999999999998 0.70252747416915695 0.0939715277777778 0.00053254673870313778 0.060006249999999955 7.0103571428571438 -0.8140159405215136
decision_type=2 2 2 2 2 2 2 2 2 2 2 2 2 2 2 2 2 2 2 2 2 2 2 2 2 2 2 2 2 2
left_child=3 29 -3 12 5 -5 24 10 20 -10 11 -4 13 -1 15 -15 26 -18 -19 -16 -9 22 -8 -12 -6 -26 27 -14 -23 -2
right_child=1 2 7 4 6 -7 21 8 9 -11 23 -13 16 14 19 -17 17 18 -20 -21 -22 28 -24 -25 25 -27 -28 -29 -30 -31
leaf_value=-0.0015087621862701368 0.0012994104702192457 0.0012158851725995047 -0.001922323358245194 0.0010662902287122877 0.00045888855935518886 -0.0010627682814864736 0.0020854441764950752 2.4883504037077557e-05 -0.00081331721060426724 0.00013043753749779756 0.00073212245266260465 1.4997380428838651e-05 -5.0151151262098883e-05 -0.00011769548522378162 0.00024605268883247448 0.0004965931163937393 -0.00098990169991739082 0.00063694503493619899 2.2564151011001141e-05 -0.00048142376697649363 0.00019130789662189125 0.0016799687720583626 -0.00081324132846915447 0.00020116621237002249 -0.0021909839684286941 3.2837682401828693e-05 -0.00010922832330507609 0.00034048045541670087 -3.3966701985760163e-05 4.1497738535714436e-05
leaf_weight=105 133 100 41 32 274 113 24 10383 461 505 535 76 1658 1508 186 356 104 542 8725 1238 4226 148 48 612 25 76 13173 757 21 60
leaf_count=105 133 100 41 32 274 113 24 10383 461 505 535 76 1658 1508 186 356 104 542 8725 1238 4226 148 48 612 25 76 13173 757 21 60
internal_value=4.81241e-06 8.81868e-05 7.84092e-05 -4.41488e-05 0.000324993 -0.000568274 0.000540701 7.14042e-05 4.88121e-05 -0.000317219 0.000347154 -0.000649007 -5.41739e-05 -0.000209405 -0.000166552 0 -3.29437e-05 4.68221e-05 5.88861e-05 -0.000384191 7.32408e-05 0.00106965 0.000127223 0.000451858 0.000190844 -0.000504285 -8.10886e-05 7.11438e-05 0.0014504 0.000926043
internal_weight=46245 17132 16939 29113 761 145 616 16839 15575 966 1264 117 28352 3393 3288 1864 24959 9371 9267 1424 14609 241 72 1147 375 101 15588 2415 169 193
internal_count=46245 17132 16939 29113 761 145 616 16839 15575 966 1264 117 28352 3393 3288 1864 24959 9371 9267 1424 14609 241 72 1147 375 101 15588 2415 169 193
is_linear=0
shrinkage=0.03


Tree=127
num_leaves=31
num_cat=0
split_feature=10 20 7 46 47 69 70 60 29 12 46 39 19 10 25 69 23 18 42 52 69 64 22 17 17 17 58 53 25 52
split_gain=0.197634 0.156737 0.151099 0.152977 0.302511 0.406026 0.247739 0.132604 0.132288 0.11114 0.142725 0.113144 0.106544 0.101915 0.0998644 0.0907379 0.195948 0.191486 0.168974 0.210414 0.109568 0.105113 0.0949376 0.0903575 0.147859 0.119065 0.0890064 0.148101 0.0750847 0.0825384
threshold=0.22163333333333332 0.19900297619047622 -1500.0000000000016 25.339285714285719 0.57359479513945921 0.54883787585413535 -0.60505606964884906 45.165000000000013 2.4838666941907448 0.29418749999999999 24.996428571428577 0.026457513110646348 0.0021698747617043814 0.20027916666666662 0.47930434394496196 -0.86958133671945925 0.0074843737860730035 0.1065208333333333 22.216666666666672 87.607142857142875 -0.92263100495486394 17.500000000000004 0.034620089285714271 -1500.0000000000016 -1499.999999999997 -1500.0000000000066 14.425000000000002 1.0894095588038299 30.016820024336599 19.535714285714288
decision_type=2 2 2 2 2 2 2 2 2 2 2 2 2 2 2 2 2 2 2 2 2 2 2 2 2 2 2 2 2 2
left_child=9 14 -3 7 6 -6 -5 8 -4 15 13 28 -9 -11 -2 16 17 -1 20 -20 -18 -19 -17 25 -25 -24 27 -13 29 -12
right_child=1 2 3 4 5 -7 -8 12 -10 10 11 26 -14 -15 -16 22 18 21 19 -21 -22 -23 23 24 -26 -27 -28 -29 -30 -31
leaf_value=-0.00010655928453404394 0.001001831317993823 0.0011177181539873922 -7.032194176399458e-07 0.0004359956038927713 -0.0012199016052206028 0.00037945623118846141 -0.00013442974187511772 0.00034046904204926271 -0.00082267501166473063 -0.0011304029271367096 -0.00094214269468704094 0.002003526791786918 0.00010819381364322635 0.00032954991300204327 0.00021450090951628388 -0.00012839130612710497 -1.4083628109298072e-05 0.00028677950213923023 -0.00073903330449374169 0.00010540514052495259 0.0015221179258884288 0.0015410107765160502 4.160133154090087e-05 0.00061104362465278059 1.271347531370116e-05 -0.00041029836557838296 0.0014066495263894254 -0.00076085206913222242 -0.0010464891368879201 0.00050547896034164449
leaf_weight=1459 263 122 2931 924 432 209 2639 2533 187 92 38 25 6183 75 351 6730 194 172 1141 338 51 99 1037 380 16042 1039 169 51 38 301
leaf_count=1459 263 122 2931 924 432 209 2639 2533 187 92 38 25 6183 75 351 6730 194 172 1141 338 51 99 1037 380 16042 1039 169 51 38 301
internal_value=4.68025e-06 8.69408e-05 6.88351e-05 6.06e-05 -9.44424e-05 -0.000693974 1.27389e-05 0.000115935 -5.12102e-05 -4.20395e-05 0.000308448 0.000519672 0.000176072 -0.00045882 0.000557704 -5.17959e-05 -0.000196151 2.7809e-05 -0.000422516 -0.000544084 0.00029839 0.000759978 -3.19061e-05 3.04026e-06 2.67777e-05 -0.00018321 0.001023 0.000123732 0.000182799 0.000332091
internal_weight=46245 16774 16160 16038 4204 641 3563 11834 3118 29471 789 622 8716 167 614 28682 3454 1730 1724 1479 245 271 25228 18498 16422 2076 245 76 377 339
internal_count=46245 16774 16160 16038 4204 641 3563 11834 3118 29471 789 622 8716 167 614 28682 3454 1730 1724 1479 245 271 25228 18498 16422 2076 245 76 377 339
is_linear=0
shrinkage=0.03


Tree=128
num_leaves=31
num_cat=0
split_feature=18 7 7 69 21 21 46 69 46 69 69 73 51 19 44 42 72 37 47 46 69 7 7 51 61 22 47 66 66 64
split_gain=0.17514 0.15197 0.314465 0.250356 0.165704 0.220544 0.151938 0.181588 0.168931 0.123614 0.201498 0.191757 0.120695 0.19832 0.149562 0.10936 0.0785987 0.0734042 0.06808 0.0686849 0.0921025 0.113869 0.147647 0.0695448 0.0791602 0.0564329 0.0532187 0.122675 0.0861304 0.0882249
threshold=0.11522601495726491 -1500.0000000000066 -1500.0000000000152 0.89391031859722891 0.0802055268695301 0.009779668011498285 17.882142857142863 0.56314550935064711 19.475000000000005 -0.48250327361223916 1.0000000180025095e-35 0.42633664480226235 0.37796447300922781 0.10911198399847445 23.87857142857143 26.366666666666671 -1.0000000180025095e-35 0.028867513459481128 0.88404663991133792 33.089285714285722 0.93535928755917841 -1499.999999999998 -1499.999999999995 9.9618319217951079 -55.504999999999988 0.23767857142857143 3.4995878367650633e-08 -0.11386875000000002 -0.18678432971014497 534.50000000000011
decision_type=2 2 2 2 2 2 2 2 2 2 2 2 2 2 2 2 2 2 2 2 2 2 2 2 2 2 2 2 2 2
left_child=18 2 -2 17 5 9 7 -7 -8 11 -11 -3 13 16 -14 -15 -6 -4 26 20 23 -22 -23 24 -20 -16 27 -1 29 -28
right_child=1 4 3 -5 12 6 8 -9 -10 10 -12 -13 14 15 25 -17 -18 -19 19 -21 21 22 -24 -25 -26 -27 28 -29 -30 -31
leaf_value=0.00066486040385829845 -0.00096959383688477701 0.00016970006653254765 0.00066399610266631656 -0.00042576540044974534 -0.00010409532237963952 0.00059435815276178208 -0.00044202081044807909 -0.00045288890528741744 -4.9042396979789199e-05 -0.00021578818723198395 0.00014429731299446581 0.00078261333144770439 -0.00047612021433822107 -0.0019246958436976585 0.00042767263867755256 -0.00028987017414013771 0.00048910230117310517 0.0014072399763522712 0.00061770271659404097 -0.00083170888592740664 7.7911632386967546e-05 0.0027249517540757855 0.00052964296565745784 0.00081686964531622116 -0.0001606994526923405 0.00096290227381557792 -7.4240609319234385e-05 -3.3786236987066091e-05 -9.8916550742090374e-05 -0.0011380679892742617
leaf_weight=257 115 3843 291 134 302 620 1065 192 13422 1970 4794 526 105 55 371 126 558 241 138 61 149 44 85 94 747 404 146 1792 13451 147
leaf_count=257 115 3843 291 134 302 620 1065 192 13422 1970 4794 526 105 55 371 126 558 241 138 61 149 44 85 94 747 404 146 1792 13451 147
internal_value=4.55055e-06 4.93533e-05 0.000462261 0.000715083 3.78579e-05 1.81799e-05 -5.56079e-05 0.000342791 -7.81675e-05 0.000119845 3.89634e-05 0.00024434 0.000306905 8.47129e-05 0.000565949 -0.00081097 0.00027743 0.00100833 -7.15559e-05 0.000134612 0.000184514 0.000666161 0.00131671 4.4143e-05 -3.53753e-05 0.00071143 -8.89589e-05 5.26611e-05 -0.000110293 -0.000620229
internal_weight=46245 29134 781 666 28353 26432 15299 812 14487 11133 6764 4369 1921 1041 880 181 860 532 17111 1318 1257 278 129 979 885 775 15793 2049 13744 293
internal_count=46245 29134 781 666 28353 26432 15299 812 14487 11133 6764 4369 1921 1041 880 181 860 532 17111 1318 1257 278 129 979 885 775 15793 2049 13744 293
is_linear=0
shrinkage=0.03


Tree=129
num_leaves=31
num_cat=0
split_feature=10 20 44 36 29 46 7 46 12 46 39 39 11 66 44 10 72 52 53 41 44 12 66 15 15 15 23 53 6 50
split_gain=0.180065 0.147019 0.121194 0.175967 0.126407 0.123391 0.109948 0.107097 0.101539 0.13335 0.106962 0.117253 0.0998022 0.102564 0.0976026 0.09508 0.0945159 0.0927952 0.101287 0.0897588 0.089057 0.0834347 0.0817471 0.0807124 0.15441 0.152365 0.159713 0.178497 0.121658 0.0778872
threshold=0.22163333333333332 0.20655595238095234 27.907142857142862 6.3416666666666668 117.96597458334678 28.303571428571434 -1500.0000000000016 28.200000000000006 0.29418749999999999 24.996428571428577 0.14362649974350467 0.42861348967548424 0.15297916666666669 -0.0030958333333333562 28.607142857142858 0.20027916666666662 -2.2433817389212112 25.821428571428573 1.0690449676496601 0.37227581939679771 27.707142857142863 0.10782575757575756 -0.07731250000000002 -1500.0000000000016 -1500.0000000000066 -1499.9999999702752 0.0054956346882048404 8.3613448626454225 -779.61927921867857 63.928571428571438
decision_type=2 2 2 2 2 2 2 2 2 2 2 2 2 2 2 2 2 2 2 2 2 2 2 2 2 2 2 2 2 2
left_child=8 12 4 5 6 -4 -3 -5 23 15 17 -12 13 -2 -9 -10 -7 18 -11 -8 -14 -15 -6 24 -1 26 29 -28 -26 -25
right_child=1 2 3 7 22 16 19 14 9 10 11 -13 20 21 -16 -17 -18 -19 -20 -21 -22 -23 -24 25 28 -27 27 -29 -30 -31
leaf_value=-4.1077852673072801e-05 0.0016281512969766152 0.0010624445706259576 -0.0016189370930660516 0.0015277817582457578 -0.00075660843263133698 0.00029790545043241847 0.00015946669052694534 -0.00074331417053725729 -0.0010954043793702318 0 0.0017067149754536029 -0.00035275378338556039 0.00036703176181326848 0.0013142830718768338 0.00023558849308806071 0.0003137991889012291 -0.0007494297563360305 0.00045905468530689242 -0.0024481303565470234 4.5752728962627386e-06 -0.00075063753510767124 0.00025719370918877023 0.00074636752810695991 0.00049568062940814287 -0.00034383099802822988 -5.3026862455529604e-05 0.00014300746173929142 -0.0011941411224024704 -0.0012430829390458957 0.0015289543536207754
leaf_weight=2123 98 99 102 43 33 109 5372 123 92 52 107 29 239 91 349 75 239 414 20 9132 86 295 364 465 922 23474 1359 95 163 81
leaf_count=2123 98 99 102 43 33 109 5372 123 92 52 107 29 239 91 349 75 239 414 20 9132 86 295 364 465 922 23474 1359 95 163 81
internal_value=4.41234e-06 8.29341e-05 6.27087e-05 -0.000262253 8.38307e-05 -0.000695885 6.9217e-05 0.000111448 -4.01794e-05 0.000294804 0.000499068 0.0012463 0.000477793 0.00075099 -1.41966e-05 -0.000446571 -0.000412875 0.000281677 -0.000689467 6.21579e-05 6.06815e-05 0.000516908 0.00061231 -4.95089e-05 -0.000191484 -3.15051e-05 0.000219497 5.28197e-05 -0.000482709 0.000656968
internal_weight=46245 16774 15965 965 15000 450 14603 515 29471 789 622 136 809 484 472 167 348 486 72 14504 325 386 397 28682 3208 25474 2000 1454 1085 546
internal_count=46245 16774 15965 965 15000 450 14603 515 29471 789 622 136 809 484 472 167 348 486 72 14504 325 386 397 28682 3208 25474 2000 1454 1085 546
is_linear=0
shrinkage=0.03


Tree=130
num_leaves=31
num_cat=0
split_feature=63 40 69 44 46 7 6 69 42 22 31 28 28 46 22 24 35 47 23 35 64 73 23 52 65 12 0 7 9 50
split_gain=0.159529 0.181007 0.183109 0.164422 0.148067 0.329917 0.171043 0.135293 0.130346 0.124781 0.164919 0.123511 0.116961 0.11311 0.108977 0.135812 0.156889 0.108312 0.106917 0.0977985 0.119685 0.127499 0.107015 0.126211 0.114278 0.0993434 0.0900154 0.0954239 0.0839449 0.0760079
threshold=-133.40499999999994 4.0382142857142869 0.82876241254485883 27.38571428571429 19.38214285714286 -27.844611059962542 -894.34705896285652 -0.19244979981841004 29.616666666666671 0.30496741071428574 0.57735026918962629 -9.6685328906859187 -238.27593385371031 22.575000000000006 0.39594161414565826 -21.783523771534078 1.4162712220189764 0.68130450180211255 0.01136798363152333 4.258169265061734 32.500000000000007 10.557009447392561 0.0010001605760311398 40.178571428571438 0.04487499999999995 0.41468750000000004 22.500000000000004 -37.895016326175487 0.063814583333333313 82.500000000000014
decision_type=2 2 2 2 2 2 2 2 2 2 2 2 2 2 2 2 2 2 2 2 2 2 2 2 2 2 2 2 2 2
left_child=19 2 9 4 5 12 -6 -7 29 10 11 -2 -3 -8 15 16 -4 -12 -17 20 21 28 23 -22 25 -24 27 -10 -1 -5
right_child=1 3 14 8 6 7 13 -9 26 -11 17 -13 -14 -15 -16 18 -18 -19 -20 -21 22 -23 24 -25 -26 -27 -28 -29 -30 -31
leaf_value=0 7.917247340879119e-06 0.001026335935717985 -0.001181083291572876 -8.5733976425925209e-05 -0.00073434045869042168 -0.0021691388877531467 0.00044946643148116686 -0.00058647162336597427 0.00092166959174341497 0.00016496167876029855 -6.6393542682131992e-05 0.00032758355771699568 -9.842710684757239e-07 0.00018852605452772964 0.0006531290883914334 -0.00023923770828393088 0.00033365391617821408 -0.00035130498783513328 -0.00079262248144615745 0.0013154553267173468 0.00057743600115318255 0.00076613810821060798 -0.00010366719206413037 -0.00022374209599452014 0.00031617808599683749 0.001954373465318765 -2.4538967830864433e-05 -0.0010451692799511164 -0.00087166668478257353 -0.0010395901486671601
leaf_weight=132 5384 125 72 2867 149 75 2409 161 265 3813 4767 1369 451 4125 99 664 382 1623 635 44 479 61 14310 273 614 20 232 22 397 77
leaf_count=132 5384 125 72 2867 149 75 2409 161 265 3813 4767 1369 451 4125 99 664 382 1623 635 44 479 61 14310 273 614 20 232 22 397 77
internal_value=-1.94634e-06 3.93238e-05 -1.70032e-05 0.000136269 0.000215306 -0.000164809 0.000261957 -0.00110913 -3.39392e-05 1.37704e-05 -2.98737e-05 7.32046e-05 0.000218152 0.000285244 -0.000300225 -0.000356118 8.477e-05 -0.000139271 -0.000512462 -7.73543e-05 -8.1382e-05 -0.000501257 -6.53772e-05 0.000282688 -8.31107e-05 -0.000100449 0.000402707 0.000757379 -0.000654233 -0.000112045
internal_weight=46096 29766 18808 10958 7495 812 6683 236 3463 16956 13143 6753 576 6534 1852 1753 454 6390 1299 16330 16286 590 15696 752 14944 14330 519 287 529 2944
internal_count=46096 29766 18808 10958 7495 812 6683 236 3463 16956 13143 6753 576 6534 1852 1753 454 6390 1299 16330 16286 590 15696 752 14944 14330 519 287 529 2944
is_linear=0
shrinkage=0.03


Tree=131
num_leaves=31
num_cat=0
split_feature=11 65 53 9 37 27 12 35 12 46 53 28 65 26 62 16 24 28 14 16 36 50 23 21 46 22 53 20 7 57
split_gain=0.145652 0.132664 0.113513 0.154222 0.0994145 0.175444 0.140441 0.102212 0.0932216 0.0822282 0.111025 0.138564 0.0814836 0.0894442 0.0687929 0.0614384 0.0666477 0.0821275 0.059775 0.0568776 0.0671469 0.0564229 0.118514 0.0787227 0.0832896 0.0835365 0.0701327 0.109505 0.0655704 0.0624945
threshold=0.088347916666666665 -0.0036187499999999931 7.99123828772625 0.066262500000000016 0.0057735026918962961 67.634190816025551 0.36523333333333341 0.26726124191316036 0.35615208333333342 16.975000000000005 2.9473400188666572 -16.820577354818152 0.0072500000000000038 -9.3122586161736773 -21.544999999999998 -168.33175476876912 -44.18675006522195 -12.678888774624907 -50.290730655644786 -1499.999999999995 6.491666666666668 52.071428571428577 0.0007910036510309726 0.057476448046364141 28.76071428571429 0.11260863095238093 4.4524348197562871 0.21246279761904766 -1499.999999999998 1.4000000000000006
decision_type=2 2 2 2 2 2 2 2 2 2 2 2 2 2 2 2 2 2 2 2 2 2 2 2 2 2 2 2 2 2
left_child=21 8 4 -4 12 6 -6 -7 9 14 18 -12 13 -3 -2 -10 -17 -18 -11 20 -5 22 29 -23 25 -25 -24 -28 -26 -1
right_child=1 2 3 19 5 7 -8 -9 15 10 11 -13 -14 -15 -16 16 17 -19 -20 -21 -22 23 26 24 28 -27 27 -29 -30 -31
leaf_value=0.00045200310916581796 -0.0004091701542478404 3.8870002090779527e-05 -0.0012991506639758452 -0.00067267773043560349 -8.4833709397555651e-05 0 0.0002830261895664273 0.00088089985293537325 -0.00051264141106512398 -0.00023458442338056311 -8.0181858183375353e-05 -0.00044219516500834124 0.00029544544573045258 0.0002991239379815512 0.00058044053427665969 0.00099008555349319391 -0.00028577893492603897 0.00038371720499242012 0.00010735753827337441 0.00042294428079854693 0.00067250132035464043 -3.5177128797675012e-05 -0.00012103283966579644 0.00065489703382323066 0.00012973541923677728 -0.00050869471720904353 -0.0003323713944472801 -0.0021144166373732415 0.0015859949610402019 -0.00089963819590457199
leaf_weight=412 79 8016 50 94 8493 202 1046 300 94 610 2263 1674 1877 1404 260 106 231 542 1844 1449 49 6240 7451 109 51 110 900 32 77 31
leaf_count=412 79 8016 50 94 8493 202 1046 300 94 610 2263 1674 1877 1404 260 106 231 542 1844 1449 49 6240 7451 109 51 110 900 32 77 31
internal_value=-1.89012e-06 3.58387e-05 7.20196e-05 0.00031268 5.33459e-05 -1.50754e-05 -4.41561e-05 0.00053054 -7.1704e-05 -0.000111678 -0.00013618 -0.000234944 0.000114422 7.80055e-05 0.000340475 0.000201536 0.000281815 0.000179661 2.10768e-05 0.00036597 -0.00018944 -7.71898e-05 -0.000126803 -1.02479e-05 0.00042824 5.71525e-05 -0.000152335 -0.000398974 0.00103453 0.000348849
internal_weight=46096 30683 22980 1642 21338 10041 9539 502 7703 6730 6391 3937 11297 9420 339 973 879 773 2454 1592 143 15413 8826 6587 347 219 8383 932 128 443
internal_count=46096 30683 22980 1642 21338 10041 9539 502 7703 6730 6391 3937 11297 9420 339 973 879 773 2454 1592 143 15413 8826 6587 347 219 8383 932 128 443
is_linear=0
shrinkage=0.03


Tree=132
num_leaves=31
num_cat=0
split_feature=70 47 65 43 40 70 58 10 28 46 47 40 63 12 70 59 50 19 46 33 57 22 21 20 41 70 0 23 16 57
split_gain=0.167608 0.225369 0.249276 0.184289 0.151194 0.237908 0.207767 0.191374 0.172781 0.153962 0.137994 0.225196 0.12286 0.117892 0.108069 0.154094 0.137533 0.12216 0.102717 0.105553 0.101316 0.100746 0.0988025 0.0943807 0.148174 0.110847 0.138104 0.0907637 0.0923953 0.114445
threshold=-0.5488429582847193 0.71897362741841409 -0.0061666666666666406 0.11547005383792734 3.4396428571428577 -0.87792756428346708 14.735000000000005 0.26452083333333337 -550.97135039300508 25.596428571428579 0.79816065560509586 3.5882142857142862 -7.4900000000000029 0.36745624999999998 0.68389408864483059 37.675000000000011 75.642857142857153 0.0036214861324380303 17.460714285714293 4.8000247999213901 265.55000000000007 0.36169464285714287 0.0014173667737881759 0.19900297619047622 1.0896507357472236 -0.65187484896379921 15.000000000000002 0.054767828037452386 -8.6587718531456428 203.55000000000004
decision_type=2 2 2 2 2 2 2 2 2 2 2 2 2 2 2 2 2 2 2 2 2 2 2 2 2 2 2 2 2 2
left_child=1 4 3 -3 5 7 8 12 22 -10 13 -12 -1 27 15 16 -13 -16 19 -7 -20 -9 -6 25 -25 26 -4 -2 -29 -30
right_child=10 2 23 -5 6 18 -8 21 9 -11 11 14 -14 -15 17 -17 -18 -19 20 -21 -22 -23 -24 24 -26 -27 -28 28 29 -31
leaf_value=0.00011801156211549824 -0.00011066066622898963 0.0003604995438829064 -0.00086675790795989174 -0.00098794232975739468 0.00024904773246924407 -0.00082546168120596435 -2.3008040295888578e-05 0.00037666655013774087 0.00013609377097265255 0.00044680703866383479 -0.00040587534800572275 0.0007319107768414976 -0.00052761005981644246 0.00019288339825787625 0.00026837859867452141 -7.6283388188005625e-06 0.00017352414479859579 -0.00039431799791972601 0.00044857029277965449 0.00051337742695254794 -9.9742142132620826e-05 -0.00040371002408342476 0.0018580144111462868 0.00012136532863533154 0.0017473732866854828 0.00045808605279130525 -8.1597657135916644e-05 1.2850631149447566e-05 0.001864327468536794 0
leaf_weight=323 20326 109 290 468 60 150 2587 573 3386 2543 620 921 1313 1468 517 843 728 481 1270 78 387 197 99 702 54 196 691 4597 54 65
leaf_count=323 20326 109 290 468 60 150 2587 573 3386 2543 620 921 1313 1468 517 843 728 481 1270 78 387 197 99 702 54 196 691 4597 54 65
internal_value=-1.83052e-06 7.8564e-05 -0.000181089 -0.000727837 0.00012907 -1.59429e-05 0.000201138 -0.00021428 0.000296866 0.00026992 -4.25628e-05 0.000118899 -0.000398316 -6.77118e-05 0.000213074 0.000318846 0.000487467 -4.80893e-05 0.000235602 -0.000354096 0.000318717 0.000172856 0.00127496 -1.60413e-05 0.000243627 -0.000185441 -0.000317405 -8.31152e-05 3.49682e-05 0.000857148
internal_weight=46096 15476 2510 577 12966 4291 8675 2406 6088 5929 30620 4110 1636 26510 3490 2492 1649 998 1885 228 1657 770 159 1933 756 1177 981 25042 4716 119
internal_count=46096 15476 2510 577 12966 4291 8675 2406 6088 5929 30620 4110 1636 26510 3490 2492 1649 998 1885 228 1657 770 159 1933 756 1177 981 25042 4716 119
is_linear=0
shrinkage=0.03


Tree=133
num_leaves=31
num_cat=0
split_feature=70 47 65 43 45 52 22 29 69 5 42 53 47 33 69 23 70 26 7 9 7 52 70 64 34 9 65 69 20 41
split_gain=0.157734 0.211979 0.234503 0.17358 0.168133 0.159312 0.152907 0.152496 0.175007 0.243952 0.153668 0.121155 0.136443 0.132722 0.120314 0.129171 0.115497 0.111249 0.100359 0.215753 0.098656 0.131196 0.139705 0.125421 0.183718 0.123061 0.108263 0.0896321 0.11494 0.130884
threshold=-0.5488429582847193 0.71897362741841409 -0.0061666666666666406 0.11547005383792734 0.72538987874825656 83.464285714285737 0.31185238095238105 225.96521697396832 0.26781182513105634 -75.932083944823276 19.083333333333339 7.6832914192396489 0.56684978726173163 1.116755423233462 1.0000000180025095e-35 0.0071696679457941411 0.70252747416915695 -130.29369241222179 -1500.0000000000016 0.063814583333333313 -24.188381471085638 87.607142857142875 0.1159303052754759 29.500000000000004 8.2464285714285737 0.32472916666666668 0.04487499999999995 0.75548631800528554 0.19900297619047622 1.0896507357472236
decision_type=2 2 2 2 2 2 2 2 2 2 2 2 2 2 2 2 2 2 2 2 2 2 2 2 2 2 2 2 2 2
left_child=1 7 3 -3 18 16 -7 8 11 -10 -11 13 -13 -1 15 -9 17 -6 19 -2 23 25 -23 24 -20 -22 -25 28 -4 -30
right_child=4 2 27 -5 5 6 -8 14 9 10 -12 12 -14 -15 -16 -17 -18 -19 20 -21 21 22 -24 26 -26 -27 -28 -29 29 -31
leaf_value=0.00010367359043287105 -8.9354185118528713e-05 0.00034978287233018571 -0.00028402852997409713 -0.00095836725220794594 1.9980756512473114e-05 -0.00061342204205271512 0.0005925144433358506 0.00053273427754508889 -0.0001089780616090469 -5.3941685404489638e-05 0.00046105090781701309 0.0014437210837840639 0 -0.0001528014461564878 -0.00049358547109607865 0.0021453821355140994 -4.0108304479145973e-05 0.00048918237054370922 0.0001935472719598351 -0.00054916464582090553 -0.00028255903458912902 0.00037725307317973888 -0.00017254154457260916 -7.7513753911061389e-05 -0.00063119952074376184 4.9589239446140706e-05 0.00033970188957252489 0.0005996178970743807 9.1238841865583494e-05 0.0016785659408744642
leaf_weight=4513 5092 109 1048 468 665 407 120 121 1253 616 3061 112 131 3037 44 78 978 1538 4098 1127 4014 840 814 8757 256 1319 595 190 645 50
leaf_count=4513 5092 109 1048 468 665 407 120 121 1253 616 3061 112 131 3037 44 78 978 1538 4098 1127 4014 840 814 8757 256 1319 595 190 645 50
internal_value=-1.75825e-06 7.62303e-05 -0.000175575 -0.000705879 -4.12745e-05 0.000147833 -0.000332542 0.000125217 0.00011069 0.000250618 0.000373968 2.17632e-05 0.000679715 1.02211e-07 0.000869948 0.00118739 0.000228439 0.000348983 -6.74461e-05 -0.000173238 -3.55001e-05 -0.000127271 0.000104924 1.10694e-05 0.000144232 -0.000199853 -5.06151e-05 -1.54456e-05 -8.45176e-05 0.000211993
internal_weight=46096 15476 2510 577 30620 3708 527 12966 12723 4930 3677 7793 243 7550 243 199 3181 2203 26912 6219 20693 6987 1654 13706 4354 5333 9352 1933 1743 695
internal_count=46096 15476 2510 577 30620 3708 527 12966 12723 4930 3677 7793 243 7550 243 199 3181 2203 26912 6219 20693 6987 1654 13706 4354 5333 9352 1933 1743 695
is_linear=0
shrinkage=0.03


Tree=134
num_leaves=31
num_cat=0
split_feature=70 47 65 43 40 69 58 69 20 28 69 7 12 7 51 46 46 28 70 52 17 0 7 18 62 20 22 10 21 23
split_gain=0.148484 0.199316 0.220643 0.163498 0.137414 0.225501 0.191185 0.15837 0.2225 0.155119 0.193375 0.1331 0.161138 0.134521 0.203174 0.194795 0.275521 0.342951 0.232241 0.186599 0.148978 0.198467 0.126533 0.119906 0.163326 0.153121 0.11169 0.097801 0.0901705 0.0867065
threshold=-0.5488429582847193 0.71897362741841409 -0.0061666666666666406 0.11547005383792734 3.4396428571428577 -0.5123666674339783 14.735000000000005 0.030120025924939415 0.25961524327122154 -550.97135039300508 0.26781182513105634 -1500.0000000000016 0.063770833333333318 -24.58305435776278 1.6183471874257163 25.403571428571432 19.567857142857147 -7.0061593561544608 0.84750952922804634 81.892857142857153 -1500.0000000000016 15.000000000000002 -19.011519745241959 0.29864583333333344 -79.304999999999993 0.19753988095238095 0.20533973214285714 0.23635416666666667 0.001840219730774329 0.10793794670408823
decision_type=2 2 2 2 2 2 2 2 2 2 2 2 2 2 2 2 2 2 2 2 2 2 2 2 2 2 2 2 2 2
left_child=1 4 3 -3 5 -1 9 8 -7 28 -11 12 -2 14 23 16 17 -15 29 -18 27 -22 -20 25 -25 -13 -9 -16 -6 -17
right_child=11 2 -4 -5 6 7 -8 26 -10 10 -12 13 -14 15 20 18 19 -19 22 -21 21 -23 -24 24 -26 -27 -28 -29 -30 -31
leaf_value=0.00033500621277785409 -8.6599804404277904e-05 0.00033938478362979363 -1.4810258992349421e-05 -0.00092967753818507545 0.0003527622327383142 -0.00060230799109821994 -2.4795779345703355e-05 -0.00036882897483588609 0.00014697953391759643 0.00010177475015813019 0.00044804122772003124 -2.7126069544971186e-05 -0.00046434408821339899 -0.00086242830412559888 -0.0002063105394620879 -0.00057606965170330711 0.00047686056864536215 -2.3368292881656431e-05 -0.00028852306271982277 1.3936925565866389e-06 0.00041608897730180248 8.0302818500940397e-05 0.0007783069253395619 0.00069756416295785599 -0.00016716799768888132 -0.00036088572119281654 0.00022260867247374017 0.0015481823788120826 0.0018544926134309615 0.0012847611615751785
leaf_weight=1182 5388 109 1933 468 71 1090 2587 384 521 3290 2639 5306 1262 687 1150 1461 950 1230 186 3453 2507 4383 208 411 367 1622 1114 28 88 21
leaf_count=1182 5388 109 1933 468 71 1090 2587 384 521 3290 2639 5306 1262 687 1150 1461 950 1230 186 3453 2507 4383 208 411 367 1622 1114 28 88 21
internal_value=-1.69465e-06 7.39707e-05 -0.000170183 -0.000684579 0.000121476 -1.67458e-05 0.000190185 -0.000151506 -0.000358185 0.00028202 0.000256454 -4.00367e-05 -0.000158796 -6.95882e-06 4.41354e-05 -0.000105654 -2.54404e-05 -0.000325921 -0.000374127 0.000104748 0.000149465 0.00020296 0.000267626 -6.5758e-05 0.000286109 -0.00010574 6.88522e-05 -0.000160786 0.00120905 -0.00054683
internal_weight=46096 15476 2510 577 12966 4291 8675 3109 1611 6088 5929 30620 6650 23970 15774 8196 6320 1917 1876 4403 8068 6890 394 7706 778 6928 1498 1178 159 1482
internal_count=46096 15476 2510 577 12966 4291 8675 3109 1611 6088 5929 30620 6650 23970 15774 8196 6320 1917 1876 4403 8068 6890 394 7706 778 6928 1498 1178 159 1482
is_linear=0
shrinkage=0.03


Tree=135
num_leaves=31
num_cat=0
split_feature=18 20 50 41 70 73 69 18 44 39 53 72 35 44 10 11 39 13 18 11 7 35 17 7 7 10 40 18 59 63
split_gain=0.141361 0.106879 0.120241 0.114619 0.114247 0.183479 0.173934 0.16937 0.126639 0.11961 0.159546 0.120452 0.110781 0.17477 0.137458 0.0985283 0.0914457 0.154117 0.140512 0.134178 0.101875 0.114763 0.167828 0.106365 0.156171 0.102473 0.0987106 0.0895471 0.0863911 0.0843642
threshold=0.21872986111111103 0.20359523809523808 51.071428571428577 0.11436638636273466 0.13300977955191609 0.20452219434262189 -0.66484924122790601 0.29110416666666666 19.06428571428572 0.7013660140855752 6.7663110343475665 0.54647666631388081 6.2613172244335571 18.864285714285717 0.39380000000000009 0.41512916666666666 1.0000000180025095e-35 -8.1373315277691329 0.086083333333333303 0.29896250000000002 -217.58308841654278 0.23440361546924787 -20.204112909940815 -1500.0000000000152 -1500.0000000000066 0.22935416666666666 3.4396428571428577 0.13595833333333338 30.575000000000006 -166.63499999999996
decision_type=2 2 2 2 2 2 2 2 2 2 2 2 2 2 2 2 2 2 2 2 2 2 2 2 2 2 2 2 2 2
left_child=16 2 3 -2 9 7 -7 -6 -8 10 11 -3 13 -11 -14 -9 17 18 -1 20 23 25 -23 27 -25 -22 -21 -18 -12 -28
right_child=1 4 -4 -5 5 6 8 15 -10 12 28 -13 14 -15 -16 -17 19 -19 -20 26 21 22 -24 24 -26 -27 29 -29 -30 -31
leaf_value=-6.4992230493931562e-05 0.00027121203740806141 0.00014467627693073265 0.00013414979705594302 0.0016195406250865949 -0.00033982738183195604 0.00081642461898276408 -0.00080876394017832343 5.6985561492792749e-05 0.00024730465269232982 -0.00072462234386440479 0.00071771798700132755 -0.00028306078441976847 -0.00065243782551590147 0.00028407344407132434 0.00092703331467540299 -0.00088346645507352559 -6.4924135835108844e-05 0.0016032386790561166 -0.00035696187558508148 -0.00087373820841312399 -0.00036885253923608279 0.00014494576354627848 -0.0001427251405554066 0.00057149030958467649 6.9189367536220782e-05 0.00076992030292813191 0.00020498999590339001 -0.0010169681252800331 0 0.0014519782333883981
leaf_weight=6403 117 7656 439 123 2006 386 135 2680 409 197 638 637 476 697 53 103 3330 45 1946 29 1555 2845 5066 607 7048 72 93 91 205 120
leaf_count=6403 117 7656 439 123 2006 386 135 2680 409 197 638 637 476 697 53 103 3330 45 1946 29 1555 2845 5066 607 7048 72 93 91 205 120
internal_value=0 6.89093e-05 0.000438018 0.000978531 5.33025e-05 -5.43315e-05 0.000330139 -0.000129673 -1.02697e-05 0.000111883 0.000151892 0.000111429 -0.000142798 5.78861e-05 -0.000487081 2.07966e-05 -3.99564e-05 -0.000123581 -0.000133439 -6.15132e-06 -1.45547e-05 -8.65293e-05 -3.88868e-05 4.7157e-05 0.00010948 -0.000316173 0.000694429 -9.14154e-05 0.000545782 0.000925039
internal_weight=46207 16957 679 240 16278 5719 930 4789 544 10559 9136 8293 1423 894 529 2783 29250 8394 8349 20856 20614 9538 7911 11076 7655 1627 242 3421 843 213
internal_count=46207 16957 679 240 16278 5719 930 4789 544 10559 9136 8293 1423 894 529 2783 29250 8394 8349 20856 20614 9538 7911 11076 7655 1627 242 3421 843 213
is_linear=0
shrinkage=0.03


Tree=136
num_leaves=31
num_cat=0
split_feature=22 65 7 69 7 21 70 73 69 46 63 24 40 30 69 7 0 57 40 8 0 44 12 14 27 35 7 21 70 19
split_gain=0.131516 0.147318 0.110977 0.131241 0.162558 0.108499 0.134736 0.222281 0.180965 0.102538 0.0870193 0.133056 0.159168 0.100615 0.0712064 0.138431 0.0981409 0.0586527 0.0582314 0.0739918 0.057542 0.100856 0.106709 0.104982 0.131477 0.083923 0.0866765 0.0766433 0.0575336 0.0510427
threshold=0.12258333333333331 -0.0026666666666666917 -1500.0000000000066 0.7025209685794126 -1500.0000000000152 0.01047266851900997 -0.96227343267549392 0.34685704083512819 -0.85206963063867713 16.546428571428574 -110.30499999999999 -21.335680181024625 4.2517857142857158 0.033333333333333416 -0.71466676797886819 -12.376078195300195 15.000000000000002 56.45000000000001 6.4778571428571441 0.26043333333333341 15.000000000000002 21.250000000000004 0.064431250000000009 -1500.0000000000025 1.565162026148039 2.697802064245909e-08 -1500.0000000000025 0.067505819343284992 -0.30900554811238695 0.11588742997002684
decision_type=2 2 2 2 2 2 2 2 2 2 2 2 2 2 2 2 2 2 2 2 2 2 2 2 2 2 2 2 2 2
left_child=20 9 3 4 -3 14 7 -7 -8 17 18 13 -13 -12 15 -4 -16 -2 19 -11 21 -1 25 -24 -25 -23 -27 -22 -19 -20
right_child=1 2 5 -5 -6 6 8 -9 -10 10 11 12 -14 -15 16 -17 -18 28 29 -21 27 22 23 24 -26 26 -28 -29 -30 -31
leaf_value=0.0016304580674283593 -0.00064611154835550293 -0.001186567112803459 0.00048508442587576558 -0.00019940213581377808 0.00098069274081132528 -0.00016698465207656257 -0.00019738940249452118 -0.0016368673284932111 0.00010773439959596184 -0.00066129771789645239 -0.00032184353226336011 -0.00020412382151666471 0.000385407796190228 0.00021343554028816343 0.00030983548889561464 4.3599160526048841e-05 2.6887248490769589e-05 0.0008843412135769058 0.00029894796358070246 0 -8.1889792380373909e-05 -3.323351866047233e-05 -0.00054787063924618387 0.00033938310427019812 -0.00017321320625991453 -0.0001058227412706322 0.0008228391758146466 -0.00059434879225575262 5.0101169626751508e-05 -0.00084688561357731029
leaf_weight=35 38 32 1394 164 364 927 2229 103 8059 552 370 4199 453 2017 1445 1210 4782 195 178 213 13732 319 352 710 1225 114 352 269 133 42
leaf_count=35 38 32 1394 164 364 927 2229 103 8059 552 370 4199 453 2017 1445 1210 4782 195 178 213 13732 319 352 710 1225 114 352 269 133 42
internal_value=0 3.88144e-05 8.18433e-05 0.000498921 0.000795456 7.00784e-05 8.30152e-06 -0.000318328 4.13219e-05 -6.70333e-05 -8.97598e-05 -5.22778e-05 -0.000146001 0.000129108 0.000148903 0.000281187 9.30674e-05 0.000421924 -0.000354246 -0.000478305 -6.59985e-05 5.01602e-05 3.06546e-05 -7.18778e-05 1.33998e-05 0.000332898 0.000589492 -9.19916e-05 0.000556366 6.3781e-05
internal_weight=46207 29099 20709 560 396 20149 11318 1030 10288 8390 8024 7039 4652 2387 8831 2604 6227 366 985 765 17108 3107 3072 2287 1935 785 466 14001 328 220
internal_count=46207 29099 20709 560 396 20149 11318 1030 10288 8390 8024 7039 4652 2387 8831 2604 6227 366 985 765 17108 3107 3072 2287 1935 785 466 14001 328 220
is_linear=0
shrinkage=0.03


Tree=137
num_leaves=31
num_cat=0
split_feature=18 39 23 13 18 0 0 22 46 23 0 22 53 70 73 64 6 40 34 47 22 35 57 39 2 46 2 42 53 46
split_gain=0.129283 0.0834572 0.158955 0.144383 0.133684 0.107225 0.112316 0.0968069 0.104927 0.0944343 0.0814322 0.21206 0.110953 0.0758409 0.142064 0.158784 0.125936 0.118646 0.131922 0.109355 0.107109 0.104879 0.139756 0.131896 0.102811 0.12405 0.114826 0.0988308 0.0966304 0.178806
threshold=0.21872986111111103 1.0000000180025095e-35 0.075381494844077288 -8.1373315277691329 0.086083333333333303 92.500000000000014 35.000000000000007 0.22341279761904762 18.003571428571437 0.022957978153601313 27.500000000000004 0.11047321428571426 8.1297851505070966 0.1159303052754759 0.20452219434262189 1701.5000000000002 -759.35543395636523 5.1889285714285727 8.2464285714285737 0.69513615641274373 0.40917663507127794 5.1561789455086373 363.65000000000009 0.37084202772044267 5.2550000000000008 22.575000000000006 5.9450000000000012 26.783333333333339 7.1115522768845389 17.296428571428574
decision_type=2 2 2 2 2 2 2 2 2 2 2 2 2 2 2 2 2 2 2 2 2 2 2 2 2 2 2 2 2 2
left_child=1 3 7 4 -1 6 -4 10 -9 -6 12 -12 -3 20 15 24 19 18 -18 27 21 28 23 -23 25 -15 -26 -16 29 -2
right_child=13 2 5 -5 9 -7 -8 8 -10 -11 11 -13 -14 14 16 -17 17 -19 -20 -21 -22 22 -24 -25 26 -27 -28 -29 -30 -31
leaf_value=-6.0875202943115833e-05 -0.00058593020036700177 -8.5381379931586098e-05 0.00027469834237216185 0.0015531986470071031 0.00045521586035062703 -0.0011127026509493588 0.0011506224941224658 0.00084066298618728184 -0.00054357301694995901 -0.00040016037305104079 -0.00010572091368738257 0.00025142455334159188 0.0001938318501475573 -2.2117031406193735e-05 0.0010504845274322456 -0.0026888794978814461 0.00090639738867488251 -0.0007839917030964548 -0.00023281272548173956 -0.00058090287408392341 0.0014636468387929334 0.00017796990442907343 0.00047296174444272761 -0.00030419484356323606 0.00048390687029279598 -0.00038647456181921982 -6.1167650940419059e-05 -0.00051466937444426795 0.00051144838709737907 0.00015995783389241504
leaf_weight=6403 299 11837 844 45 120 41 160 52 517 1826 2889 3086 1430 2322 97 20 474 51 108 209 52 754 383 1542 549 1335 925 54 655 7128
leaf_count=6403 299 11837 844 45 120 41 160 52 517 1826 2889 3086 1430 2322 97 20 474 51 108 209 52 754 383 1542 549 1335 925 54 655 7128
internal_value=0 -3.82054e-05 -5.90383e-06 -0.000118095 -0.000127648 0.000354337 0.000418279 -2.50743e-05 -0.000410554 -0.000345666 -1.34988e-05 7.82487e-05 -5.50476e-05 6.5906e-05 -1.78391e-05 -8.16512e-05 0.000309905 0.000565291 0.000689815 -0.00013116 0.000113765 0.000106828 -5.49955e-05 -0.000144539 -7.0382e-05 -0.000156016 0.000140005 0.00047132 0.00016084 0.000129451
internal_weight=46207 29250 20856 8394 8349 1045 1004 19811 569 1946 19242 5975 13267 16957 6144 5151 993 633 582 360 10813 10761 2679 2296 5131 3657 1474 151 8082 7427
internal_count=46207 29250 20856 8394 8349 1045 1004 19811 569 1946 19242 5975 13267 16957 6144 5151 993 633 582 360 10813 10761 2679 2296 5131 3657 1474 151 8082 7427
is_linear=0
shrinkage=0.03


Tree=138
num_leaves=31
num_cat=0
split_feature=18 39 21 64 16 70 69 18 69 5 23 28 24 21 69 52 53 51 36 70 73 64 69 44 10 69 35 37 63 46
split_gain=0.12158 0.0785083 0.149819 0.185607 0.137251 0.125741 0.157572 0.124552 0.120124 0.199382 0.0840932 0.08338 0.113782 0.166162 0.107379 0.155991 0.0904158 0.0808008 0.0794512 0.0714763 0.133513 0.149836 0.134283 0.174359 0.14637 0.132845 0.245316 0.176843 0.13866 0.187314
threshold=0.21872986111111103 1.0000000180025095e-35 0.031942006361317075 386.50000000000006 -7.874607100621799 -0.55599684127981919 0.63874350706337069 0.086083333333333303 0.94697898371965716 -379.34478774668031 0.022957978153601313 -15.177103079612413 -48.54669343392974 0.0021424141926986817 -0.37371625404731884 76.535714285714292 1.8156825980065026 0.95118973121145889 4.9450000000000021 0.1159303052754759 0.20452219434262189 1701.5000000000002 -0.5416228050394748 19.06428571428572 0.37842083333333337 0.18399664778440331 6.5581088134302572 0.36373066958946426 199.54500000000004 17.460714285714293
decision_type=2 2 2 2 2 2 2 2 2 2 2 2 2 2 2 2 2 2 2 2 2 2 2 2 2 2 2 2 2 2
left_child=1 4 11 5 7 6 -4 -1 18 -10 -9 12 13 -3 15 -13 -16 -14 -5 25 21 -21 -22 24 -24 26 -2 -28 29 -27
right_child=19 2 3 8 -6 -7 -8 10 9 -11 -12 14 17 -15 16 -17 -18 -19 -20 20 22 -23 23 -25 -26 28 27 -29 -30 -31
leaf_value=-5.9049231800103841e-05 9.9718071668418958e-05 0.00011046094773448351 5.6830249230732016e-05 -0.00079600307389369443 0.0015710521703369393 -9.6731699698891091e-05 0.00081842066835561926 0.00042448222851962776 -0.0012347558581099292 0.00085256056235604252 -0.00038496595409681043 0.00092425256381033867 0.00050192643997702853 -0.00015510664374747638 0.00022094029586489425 -7.5216342296258483e-05 -0.00036954812220626755 7.8979685528457057e-05 0.00081969011749516635 -6.8287980386285221e-05 0.00066875760244215494 -0.0026120543634252889 -0.0004518563809873409 0.00025393285117035334 -0.0031260512280464167 -0.00049846519506394885 -9.9576837189444366e-05 -0.00096154853307468076 0.00077498959527943568 0.0002468548765073364
leaf_weight=6403 5548 3234 775 26 42 1860 363 119 79 83 1830 153 470 6109 257 1598 1994 3231 624 5131 469 20 87 413 24 328 579 348 397 3613
leaf_count=6403 5548 3234 775 26 42 1860 363 119 79 83 1830 153 470 6109 257 1598 1994 3231 624 5131 469 20 87 413 24 328 579 348 397 3613
internal_value=0 -3.70506e-05 -5.71684e-06 0.000164166 -0.000114536 5.40139e-05 0.000302902 -0.000123559 0.000566604 -0.000148254 -0.000333813 -4.38712e-05 -6.87549e-06 -6.28596e-05 -0.000163673 1.08813e-05 -0.000300731 0.000133622 0.000749331 6.39113e-05 -1.73763e-05 -7.92521e-05 0.000300332 -2.43551e-05 -0.0010796 0.000110374 2.37802e-05 -0.000427085 0.000238899 0.000183952
internal_weight=46207 29250 20856 3810 8394 2998 1138 8352 812 162 1949 17046 13044 9343 4002 1751 2251 3701 650 16957 6144 5151 993 524 111 10813 6475 927 4338 3941
internal_count=46207 29250 20856 3810 8394 2998 1138 8352 812 162 1949 17046 13044 9343 4002 1751 2251 3701 650 16957 6144 5151 993 524 111 10813 6475 927 4338 3941
is_linear=0
shrinkage=0.03


Tree=139
num_leaves=31
num_cat=0
split_feature=40 40 69 62 23 23 23 18 10 28 28 6 51 8 19 69 24 10 69 28 22 57 22 65 22 6 20 47 29 21
split_gain=0.114587 0.132056 0.156194 0.11726 0.112098 0.129346 0.113824 0.184376 0.110425 0.140042 0.176366 0.110244 0.104466 0.215069 0.125627 0.206771 0.111178 0.101373 0.100511 0.0987816 0.119989 0.108905 0.0883953 0.088217 0.0857039 0.0844907 0.083633 0.0840755 0.0764284 0.0823166
threshold=5.097500000000001 4.0503571428571439 0.89773508019357628 7.9399999999999995 0.085571498075236202 0.0007910036510309726 0.089283006070862397 0.17584652777777779 0.11806249999999997 -20.559911298731173 -10.113066589836682 -43.036986197190252 2.4397501823713239 0.40468958333333344 0.0011673462436757411 0.83354805289222267 -45.415743027348704 0.055785416666666608 -0.98801351631316325 -30.671009575335596 0.39594161414565826 84.750000000000014 0.33476190476190476 0.049375000000000023 0.12087946428571426 -758.03897108904914 0.20781577380952376 0.25419556372104296 10.476425262147282 0.0042227276222163131
decision_type=2 2 2 2 2 2 2 2 2 2 2 2 2 2 2 2 2 2 2 2 2 2 2 2 2 2 2 2 2 2
left_child=1 2 8 12 5 -2 7 -6 17 11 -11 -10 13 16 24 -16 -3 -1 -5 21 25 -4 -15 -8 -14 -21 -9 -28 29 -20
right_child=4 3 19 18 6 -7 23 26 9 10 -12 -13 14 22 15 -17 -18 -19 28 20 -22 -23 -24 -25 -26 -27 27 -29 -30 -31
leaf_value=-8.6974053120378367e-06 0.00031648765089365539 -0.00013713839953514306 -0.00033675489169371814 -0.00049393221539734621 -0.00025316402120407181 -0.00011002150221432882 -2.8667540547510061e-05 0.0018748509602851628 0.00012181080668098167 -0.00011110554480450471 0.00011724902178267828 0.00054754613175623189 0.00021840882669300736 -0.0002221580270029928 -4.0521549115401655e-05 0.00048910237220091543 0.00016347387006860221 -0.00039833018421159386 -9.221206005236555e-05 -0.001429369919323202 0.00072593287655554244 0.00075343267886193092 -0.0028373981348841504 0.00069350213439628363 0.00078053835688023673 -0.00043363571603179975 0.0012200693130827223 -0.00049924073932006174 -0.00023278871595063869 0.0006275268968270628
leaf_weight=1476 666 2367 180 106 117 14158 1407 96 2206 6278 5907 741 558 22 2541 893 2078 1032 158 86 72 148 33 169 464 1005 68 37 126 1012
leaf_count=1476 666 2367 180 106 117 14158 1407 96 2206 6278 5907 741 558 22 2541 893 2078 1032 158 86 72 148 33 169 464 1005 68 37 126 1012
internal_value=0 3.5572e-05 -1.09984e-05 0.000121869 -6.27409e-05 -9.06372e-05 0.000153948 0.000671476 1.37674e-05 4.4485e-05 -1.57927e-07 0.000230026 8.14815e-05 -1.98762e-05 0.000184495 9.64343e-05 2.7257e-06 -0.000170315 0.000377483 -0.000305825 -0.000436082 0.000146835 -0.00186752 4.72616e-05 0.000477068 -0.000516111 0.00122314 0.000586921 0.000451395 0.000527774
internal_weight=46207 29489 19131 10358 16718 14824 1894 318 17640 15132 12185 2947 8956 4500 4456 3434 4445 2508 1402 1491 1163 328 55 1576 1022 1091 201 105 1296 1170
internal_count=46207 29489 19131 10358 16718 14824 1894 318 17640 15132 12185 2947 8956 4500 4456 3434 4445 2508 1402 1491 1163 328 55 1576 1022 1091 201 105 1296 1170
is_linear=0
shrinkage=0.03


Tree=140
num_leaves=31
num_cat=0
split_feature=22 3 53 42 29 41 53 53 28 27 47 66 41 51 19 7 33 27 11 19 63 33 21 19 9 66 28 19 10 7
split_gain=0.13531 0.112721 0.180496 0.163965 0.112555 0.0982967 0.170155 0.132887 0.080843 0.0921119 0.0786429 0.0699335 0.118429 0.0923282 0.0953719 0.0813682 0.083664 0.0819545 0.0778656 0.0743329 0.070778 0.107356 0.0663315 0.0615039 0.0608255 0.0921131 0.058729 0.0514991 0.055846 0.0501577
threshold=0.24312500000000001 29.850000000000005 1.0690449676497273 29.083333333333339 349.81422213032016 0.41084207281048019 4.6880723093849808 6.5364573528230672 -311.94072094932454 16.547089172135848 3.5060067008909095e-07 -0.018323863636363593 0.021380899352994122 8.3466560170324247 0.028590901891861798 -1499.999999999995 2.1220497720242721 15.736524492219713 0.27124375000000006 0.018083091556243366 -136.84499999999997 7.1109405979767315 0.08845226656646131 0.026750562472452645 0.25607179487179493 -0.0094166666666667068 -247.57817432831322 0.0092925385570369317 0.19541874999999997 -1499.2057758465926
decision_type=2 2 2 2 2 2 2 2 2 2 2 2 2 2 2 2 2 2 2 2 2 2 2 2 2 2 2 2 2 2
left_child=11 3 26 4 5 6 -2 -7 23 -10 -6 12 19 14 20 16 18 -18 -14 27 22 -22 -13 -4 -16 -26 -3 28 -1 -17
right_child=1 2 8 -5 10 7 -8 -9 9 -11 -12 13 15 -15 24 29 17 -19 -20 -21 21 -23 -24 -25 25 -27 -28 -29 -30 -31
leaf_value=8.5903977094183321e-05 0.00011977987084737672 0.00086424807674209409 -0.0027438660530712117 0.0014936980136551574 -0.00067821642876926644 -8.3581190841478388e-05 0.00073539464396994898 0.00019637413268845921 -0.0015756519855931398 0.0011178165825216897 0.0011558959983135439 -0.00011197050404572 -9.0298128108159018e-05 0.0002659319690374087 8.232367879696039e-05 -0.0010106558531557245 0.00014843102847249433 0.001227847870203513 -0.0015548512867706661 -0.00045461841947326315 3.1220873670946314e-05 -0.00028740373827950653 0.00036250769012853448 -0.00078780073106463533 0.0017429184949141925 0.00029466718233962233 -0.00091643867337344478 0.0010770028400836156 0.0010939721937034083 -0.00024146904696144725
leaf_weight=290 4751 65 43 74 22 4999 444 2195 23 20 136 10933 1183 1020 2917 80 371 78 33 95 11179 1039 268 31 47 285 20 96 61 3290
leaf_count=290 4751 65 43 74 22 4999 444 2195 23 20 136 10933 1183 1020 2917 80 371 78 33 95 11179 1039 268 31 47 285 20 96 61 3290
internal_value=-1.4607e-06 8.12598e-05 -0.000618158 9.27398e-05 8.41198e-05 7.36704e-05 0.000173103 1.43595e-06 -0.00138374 -0.000257761 0.000878986 -3.34395e-05 -0.000130414 -1.37943e-05 -2.46153e-05 -0.000176152 -2.73806e-06 0.000344925 -0.000133753 0.00028849 -4.58421e-05 3.8587e-06 -0.000100319 -0.00198586 0.000127432 0.000513318 0.000404595 0.00045378 0.000272228 -0.000260913
internal_weight=46088 12823 202 12621 12547 12389 5195 7194 117 43 158 33265 5577 27688 26668 5035 1665 449 1216 542 23419 12218 11201 74 3249 332 85 447 351 3370
internal_count=46088 12823 202 12621 12547 12389 5195 7194 117 43 158 33265 5577 27688 26668 5035 1665 449 1216 542 23419 12218 11201 74 3249 332 85 447 351 3370
is_linear=0
shrinkage=0.03


Tree=141
num_leaves=31
num_cat=0
split_feature=22 4 58 40 4 3 52 41 53 47 6 41 53 53 51 47 28 41 0 21 66 19 21 19 23 7 7 0 70 73
split_gain=0.127271 0.107186 0.180595 0.1569 0.145223 0.15612 0.125033 0.214851 0.187343 0.150726 0.121889 0.1339 0.0928362 0.171552 0.111373 0.07927 0.0756401 0.0662146 0.0660284 0.109033 0.121225 0.122326 0.101316 0.0953185 0.094951 0.110386 0.162561 0.109221 0.142638 0.0781263
threshold=0.24312500000000001 28.500000000000004 17.615000000000006 5.8053571428571447 23.500000000000004 25.850000000000005 29.964285714285719 0.13630323337533606 1.0690449676497273 0.20754980866511136 -1338.1341786952648 0.398348582426372 2.1070264449123992 3.4807161066919141 0.75592894601845395 0.16035674514744766 -230.89163407783442 0.07500915695015932 72.500000000000014 0.034682798852780451 -0.073854166666666679 0.086085330762294882 0.065206454351340357 1.6737707832675011e-08 0.015302965475262787 -1499.999999999995 -1499.2057758465926 15.000000000000002 -0.45973273945210419 0.22789125043709915
decision_type=2 2 2 2 2 2 2 2 2 2 2 2 2 2 2 2 2 2 2 2 2 2 2 2 2 2 2 2 2 2
left_child=18 4 3 10 12 -6 7 -4 16 -10 15 -12 14 -14 17 -3 -8 -2 19 24 -21 23 -20 -22 27 29 -27 28 -1 -26
right_child=1 2 6 -5 5 -7 8 -9 9 -11 11 -13 13 -15 -16 -17 -18 -19 22 20 21 -23 -24 -25 25 26 -28 -29 -30 -31
leaf_value=0.00046006427809329627 -0.00042102716889995563 0 0.00028511007223278284 0.0014740242902531737 -0.00036274491606110877 0.0019594212392584818 0.00081002505231597341 -0.0030945460879493779 -0.0018315468251684241 -0.00020943056085311314 0.00021296200294202775 4.6088427600547123e-06 -0.0029283064631340297 0.00053825470887952382 0.0015629902492326339 -0.0019706868239093658 -0.0008101157408222676 0.00080786572809466307 -8.8400518612991182e-05 -0.00014171118021676616 0.00046735624610584815 0.00072253816744074107 -0.00057384373846268444 6.2056470198825069e-05 0.00017152422486498508 -0.001220037126347503 -0.00017588793576799847 -4.2525499160261522e-05 3.3389181176092109e-05 -0.00013380572094918024
leaf_weight=969 107 27 26 72 32 100 126 40 88 135 4494 7339 22 26 56 42 30 61 5487 1232 655 366 419 2693 1554 138 5157 10487 2650 1458
leaf_count=969 107 27 26 72 32 100 126 40 88 135 4494 7339 22 26 56 42 30 61 5487 1232 655 366 419 2693 1554 138 5157 10487 2650 1458
internal_value=-1.40415e-06 7.88195e-05 6.28793e-05 8.51666e-05 0.000560049 0.00137542 -0.000528944 -0.00173401 -0.000307186 -0.00086826 7.63897e-05 8.40031e-05 0.000149777 -0.0010167 0.000416476 -0.00116896 0.000476176 9.56651e-06 -3.24204e-05 -1.26586e-05 0.000114657 0.000200521 -0.000123439 0.000142361 -4.08918e-05 -0.000121367 -0.000203893 6.29259e-06 0.000148557 2.2734e-05
internal_weight=46088 12823 12419 11974 404 132 445 66 379 223 11902 11833 272 48 224 69 156 168 33265 27359 4946 3714 5906 3348 22413 8307 5295 14106 3619 3012
internal_count=46088 12823 12419 11974 404 132 445 66 379 223 11902 11833 272 48 224 69 156 168 33265 27359 4946 3714 5906 3348 22413 8307 5295 14106 3619 3012
is_linear=0
shrinkage=0.03


Tree=142
num_leaves=31
num_cat=0
split_feature=22 3 53 46 29 46 65 47 28 27 66 24 33 70 0 8 10 47 66 7 53 9 7 53 37 40 53 33 65 46
split_gain=0.119745 0.103055 0.162855 0.150705 0.103559 0.0860498 0.0993857 0.0742389 0.0732461 0.0868226 0.063809 0.0994655 0.100862 0.09654 0.0858843 0.0920018 0.176316 0.131002 0.0862605 0.0811875 0.0752677 0.0841909 0.0715442 0.0714117 0.087658 0.0712117 0.0670443 0.0664963 0.0634064 0.0621917
threshold=0.24312500000000001 29.850000000000005 1.0690449676497273 29.610714285714288 349.81422213032016 16.18214285714286 -0.0023750000000000086 3.5060067008909095e-07 -311.94072094932454 16.547089172135848 -0.018323863636363593 -16.164307876231209 2.8864214126541854 -0.8140159405215136 72.500000000000014 0.22147291666666663 0.10831249999999996 0.10690449676520962 0.057289583333333317 -10.821747253895028 0.93761446187701136 0.23358958333333332 -51.174743845091911 9.0484046314047379 0.063508529610858996 4.423928571428573 4.9160533424416011 0.27602622373689606 0.05846829710144931 26.003571428571437
decision_type=2 2 2 2 2 2 2 2 2 2 2 2 2 2 2 2 2 2 2 2 2 2 2 2 2 2 2 2 2 2
left_child=10 3 -3 4 5 -2 -7 -6 -4 -10 11 12 20 26 15 23 22 -18 -16 25 21 -1 -17 28 -25 -13 -14 -22 -12 -15
right_child=1 2 8 -5 7 6 -8 -9 9 -11 14 19 13 29 18 16 17 -19 -20 -21 27 -23 -24 24 -26 -27 -28 -29 -30 -31
leaf_value=0.0002537119083199466 0.00060336357812816111 0.00037782970601882304 -0.0018931434277817609 0.0019528448693454262 -0.00066714364055382171 -6.0539926220931811e-05 0.00012060340328766171 0.001113381506374019 -0.0015253635048866271 0.0010892825086068895 -3.7112189439039366e-05 -0.00052894645503007945 0.00015753248585781583 2.1865504390383459e-05 -5.848189337912509e-05 0.0017935415077017529 0.00069349291960620583 5.1812879047699477e-05 -0.00035500888017833107 2.6249005322134554e-05 -0.00030321726090982824 -0.00067957659890952027 7.6272013325554626e-05 -0.0003683532065006771 0.00036393982036518168 0.00027377111387572121 -0.0013162454483640748 0 0.00026283773678018962 0.00090115624330789257
leaf_weight=758 268 85 74 38 22 4092 8065 136 23 20 17002 1060 70 115 4600 81 319 2886 1104 418 1566 96 35 174 831 104 42 1114 656 234
leaf_count=758 268 85 74 38 22 4092 8065 136 23 20 17002 1060 70 115 4600 81 319 2886 1104 418 1566 96 35 174 831 104 42 1114 656 234
internal_value=-1.36106e-06 7.64524e-05 -0.000592247 8.74387e-05 8.14122e-05 7.14069e-05 5.93845e-05 0.000843956 -0.00131966 -0.00024395 -3.14482e-05 -0.000124079 -4.34553e-05 0.000372066 -1.2678e-05 1.41151e-05 0.000159638 0.000116813 -0.000116452 -0.000325627 -9.85974e-05 0.000144618 0.00130612 -1.16266e-05 0.000233933 -0.000454477 -0.000375343 -0.000177244 -2.57848e-05 0.00062088
internal_weight=46088 12823 202 12621 12583 12425 12157 158 117 43 33265 5577 3995 461 27688 21984 3321 3205 5704 1582 3534 854 116 18663 1005 1164 112 2680 17658 349
internal_count=46088 12823 202 12621 12583 12425 12157 158 117 43 33265 5577 3995 461 27688 21984 3321 3205 5704 1582 3534 854 116 18663 1005 1164 112 2680 17658 349
is_linear=0
shrinkage=0.03


Tree=143
num_leaves=31
num_cat=0
split_feature=51 70 37 69 27 48 7 70 48 40 8 45 30 12 46 35 21 51 64 20 63 33 65 2 66 70 21 64 7 18
split_gain=0.0966887 0.110805 0.172032 0.209853 0.234228 0.146459 0.134572 0.129 0.156508 0.130206 0.134274 0.119393 0.105014 0.104037 0.101997 0.0992992 0.0973985 0.0965505 0.179851 0.144149 0.0958309 0.0903114 0.0856327 0.084317 0.111214 0.0725921 0.111467 0.0751087 0.069057 0.0866882
threshold=7.2044959507770931 -0.47495107206705001 0.41733279320833844 0.030120025924939415 67.634190816025551 67.833333333333357 -18.465306187513974 -0.87792756428346708 73.500000000000014 3.4396428571428577 0.25913541666666667 1.0734900802433855 7.4000000000000048 0.37195624999999999 23.946428571428577 0.47254257689420814 0.08845226656646131 0.53452248382484979 1576.5000000000002 0.19900297619047622 420.44500000000011 7.4341874373088022 -0.020583333333333394 3.8050000000000002 -0.018323863636363593 0.59123954401714229 0.0012672637220544601 1010.5000000000001 -1499.9999999999989 0.087391666666666659
decision_type=2 2 2 2 2 2 2 2 2 2 2 2 2 2 2 2 2 2 2 2 2 2 2 2 2 2 2 2 2 2
left_child=1 2 7 4 6 15 -4 9 -9 10 -1 -7 -11 16 -10 -5 20 19 -19 -18 21 -3 -15 24 -24 27 -27 -2 -28 -30
right_child=25 13 3 5 -6 11 -8 8 14 12 -12 -13 -14 22 -16 -17 17 18 -20 -21 -22 -23 23 -25 -26 26 28 -29 29 -31
leaf_value=-0.00037174577704373251 0.00029759592702029766 -7.0114430607402206e-05 -0.00084791422274576201 0.00021912020102619865 0.00082250137559470313 0.00027450657359697183 -0.00022306354957936492 -3.1792503452253062e-05 5.6782704614937638e-05 2.4437965564617454e-05 0.00013867699014724966 -0.00093460566373904802 0.00042812649445174601 -0.0010070154849268799 0.00036510251845920093 -0.00092251966285122184 0.00026648791527376632 0.00065942996891729406 -0.0015198298517304161 -0.00051241387779062456 0.00063574159763715764 -0.00034199666973717404 -0.0010984485409908779 0.00046118624446833429 0.00014716577408128482 0.00046736006034348818 -0.00088419276258597766 -0.0006405672157102694 -0.0010249789807770867 3.0235867589088334e-05
leaf_weight=1362 2015 22748 653 99 121 1296 623 2069 1371 3430 692 76 702 48 3479 196 606 481 35 329 166 1162 75 753 419 272 125 77 79 529
leaf_count=1362 2015 22748 653 99 121 1296 623 2069 1371 3430 692 76 702 48 3479 196 606 481 35 329 166 1162 75 753 419 272 125 77 79 529
internal_value=-1.30507e-06 -1.30337e-05 4.89022e-05 -0.000153062 -0.000424451 7.26895e-05 -0.000545597 9.63593e-05 0.000185354 -2.71e-06 -0.000198339 0.000204713 9.38349e-05 -5.04826e-05 0.000278595 -0.000529812 -6.38833e-05 0.0001741 0.000503155 -4.63506e-06 -7.83572e-05 -8.34668e-05 0.000211202 0.000261268 -3.77221e-05 0.00016049 -4.65132e-05 0.000261342 -0.000241664 -0.000103404
internal_weight=46088 42991 16169 3064 1397 1667 1276 13105 6919 6186 2054 1372 4132 26822 4850 295 25527 1451 516 935 24076 23910 1295 1247 494 3097 1005 2092 733 608
internal_count=46088 42991 16169 3064 1397 1667 1276 13105 6919 6186 2054 1372 4132 26822 4850 295 25527 1451 516 935 24076 23910 1295 1247 494 3097 1005 2092 733 608
is_linear=0
shrinkage=0.03


Tree=144
num_leaves=31
num_cat=0
split_feature=22 4 4 53 21 4 3 53 22 4 21 73 63 46 47 4 69 2 48 21 62 41 47 53 66 41 51 65 9 24
split_gain=0.109032 0.099631 0.16679 0.174447 0.169603 0.133875 0.145405 0.119311 0.175566 0.139535 0.110651 0.165569 0.145043 0.139409 0.238052 0.131129 0.101393 0.0883875 0.164095 0.128756 0.123853 0.0880878 0.0853735 0.0753641 0.0602819 0.10693 0.0787698 0.0691932 0.0667172 0.0661634
threshold=0.24312500000000001 28.500000000000004 42.500000000000007 0.51887452166277648 0.040210871090016267 23.500000000000004 25.850000000000005 2.8128433856309702 0.33225148809523813 35.500000000000007 0.073399733547207371 -0.24244325785208429 -71.129999999999981 25.339285714285719 0.5810657128393043 45.500000000000007 -0.48250327361223916 6.7950000000000008 15.16666666666667 0.036581511867526131 -117.03499999999998 0.1181170959330116 0.15406577730392826 0.46880723093850646 -0.018323863636363593 0.021380899352994122 8.3466560170324247 -0.096391666666666626 0.24635416666666668 -16.164307876231209
decision_type=2 2 2 2 2 2 2 2 2 2 2 2 2 2 2 2 2 2 2 2 2 2 2 2 2 2 2 2 2 2
left_child=24 5 3 4 -3 17 -7 8 -5 -9 13 12 -12 16 -15 -13 -4 19 20 -2 -19 -21 -6 -20 25 28 27 -26 -1 -27
right_child=1 2 10 7 22 6 -8 9 -10 -11 11 15 -14 14 -16 -17 -18 18 23 21 -22 -23 -24 -25 26 29 -28 -29 -30 -31
leaf_value=0.00041099416223597333 0.0007038282075349392 0.001086817113502713 0.00022432077946470073 -0.0023642631504057058 -9.4646592540666451e-05 -0.00035500346786681224 0.0018837647915790135 0.0010839604348140326 0.00054679918941110371 -0.0011236674952801878 0 0.0020995154095441101 -0.0021733924732543525 -1.6588423394933599e-05 -0.00090880403395924973 0.00048359749733449607 1.9520250809472657e-05 0.0015905341786731566 0 -0.00026111447791857966 -0.0010146258313249309 -0.0028331939594175375 -0.0023844870204389416 0.0019329519951716066 0.0005604922836851124 -8.9392510803844698e-05 0.00024663304221672638 -2.5847505174090868e-05 -0.00055621885426808133 -0.00032648171325147632
leaf_weight=471 36 87 3453 91 49 32 100 37 21 75 180 49 32 1298 341 705 5979 20 28 28 68 25 22 67 181 3475 1020 26487 71 1560
leaf_count=471 36 87 3453 91 49 32 100 37 21 75 180 49 32 1298 341 705 5979 20 28 28 68 25 22 67 181 3475 1020 26487 71 1560
internal_value=-1.26536e-06 7.29829e-05 5.76068e-05 -0.000557772 0.000189084 0.000536929 0.00131989 -0.0010964 -0.00179188 -0.000364675 7.743e-05 0.000385654 -0.000344923 5.02326e-05 -0.000204487 0.000595226 9.48304e-05 0.000142532 0.000527744 -0.000613264 -0.000377618 -0.00155991 -0.000869105 0.00139284 -2.99781e-05 -0.000120012 -1.17313e-05 -2.17346e-05 0.000277977 -0.000163496
internal_weight=46088 12823 12419 382 158 404 132 224 112 112 12037 966 212 11071 1639 754 9432 272 183 89 88 53 71 95 33265 5577 27688 26668 542 5035
internal_count=46088 12823 12419 382 158 404 132 224 112 112 12037 966 212 11071 1639 754 9432 272 183 89 88 53 71 95 33265 5577 27688 26668 542 5035
is_linear=0
shrinkage=0.03


Tree=145
num_leaves=31
num_cat=0
split_feature=70 47 65 43 69 24 24 44 53 47 24 45 52 57 21 21 69 65 37 62 23 57 35 7 9 47 35 41 16 44
split_gain=0.0985471 0.179122 0.167598 0.131216 0.120042 0.237364 0.169667 0.136255 0.131562 0.140324 0.122097 0.118977 0.118815 0.118094 0.113563 0.124838 0.106285 0.0938309 0.108767 0.0937815 0.0918367 0.0902708 0.0924265 0.0936767 0.227178 0.089922 0.0894233 0.0888242 0.0844741 0.0813156
threshold=-0.5488429582847193 0.71897362741841409 -0.0057083333333332728 0.11547005383792734 0.25118773779856129 -73.926400940953883 -576.34973826073883 16.792857142857148 7.6832914192396489 0.56684978726173163 -13.244863875510369 0.68260702496862991 82.964285714285737 95.550000000000026 0.0556919751155922 0.0062972384016585217 0.73248728852523659 0.00095833333333330596 0.34804211339277719 -16.869999999999997 0.0027211063243885751 498.75000000000006 6.5581088134302572 -1500.0000000000016 0.054720833333333309 0.67159806137602718 12.689089394893989 0.14645630699901746 -1499.999999999998 24.707142857142863
decision_type=2 2 2 2 2 2 2 2 2 2 2 2 2 2 2 2 2 2 2 2 2 2 2 2 2 2 2 2 2 2
left_child=1 4 3 -3 6 -6 20 10 13 -10 -7 21 -13 -8 15 -14 -5 19 -19 -4 -1 22 23 24 -2 -17 -9 -24 -25 -20
right_child=11 2 17 16 5 7 8 26 9 -11 -12 12 14 -15 -16 25 -18 18 29 -21 -22 -23 27 28 -26 -27 -28 -29 -30 -31
leaf_value=0 -5.7126148287097989e-05 0.00026467063925287866 -0.00010902845504934066 -0.00099839715214918696 -0.00012382050222921467 -0.0016323527638645221 0.00012315767969902733 0.00040584209314934849 0.0015209082222989755 1.4901758105618746e-05 1.3570893714750125e-05 0.00018175317489543225 0.00035841669852448589 -0.00011743786995657001 0.0012595754519903232 6.6494409071952667e-05 0.00022735813167192121 5.6499136374366602e-05 8.2148728963558462e-05 0.00039228018137765167 0.0015803948913259221 0.00050931744266995247 0.0016492581122687883 -0.00015335356080590682 -0.00052574022485381451 -0.00081797948601778367 -0.0006009721756804825 -0.00029428229884582161 1.8244800675617499e-05 -0.0011326967190825453
leaf_weight=51 4825 121 797 424 1330 53 3323 3529 105 126 149 3692 168 4096 41 135 70 243 61 572 96 250 20 3118 1159 369 78 1763 14915 188
leaf_count=51 4825 121 797 424 1330 53 3323 3529 105 126 149 3692 168 4096 41 135 70 243 61 572 96 250 20 3118 1159 369 78 1763 14915 188
internal_value=8.01171e-08 6.19578e-05 -0.000171302 -0.000600465 0.000106846 0.0002195 3.21931e-05 0.000340167 1.23307e-05 0.000715986 -0.000409416 -3.11361e-05 0.000112819 -9.26777e-06 -0.000239684 -0.00033735 -0.000818538 -2.76202e-05 -0.000383774 9.83736e-05 0.00103851 -5.55971e-05 -6.12069e-05 -4.55791e-05 -0.000148463 -0.000575464 0.000383078 -0.000269888 -1.1266e-05 -0.000823946
internal_weight=45867 15412 2476 615 12936 5139 7797 3809 7650 231 202 30455 4405 7419 713 672 494 1861 492 1369 147 26050 25800 24017 5984 504 3607 1783 18033 249
internal_count=45867 15412 2476 615 12936 5139 7797 3809 7650 231 202 30455 4405 7419 713 672 494 1861 492 1369 147 26050 25800 24017 5984 504 3607 1783 18033 249
is_linear=0
shrinkage=0.03


Tree=146
num_leaves=31
num_cat=0
split_feature=70 70 73 7 7 49 4 40 66 69 23 53 7 9 7 46 46 28 70 53 16 16 10 69 34 25 7 46 6 70
split_gain=0.0927379 0.157624 0.189783 0.560874 0.215818 0.16926 0.18235 0.16074 0.17165 0.137573 0.198073 0.129158 0.105922 0.172498 0.104967 0.179956 0.239529 0.311957 0.223263 0.166016 0.154511 0.199059 0.17154 0.147453 0.133905 0.0951212 0.0943322 0.086614 0.106055 0.0951729
threshold=-0.5488429582847193 -0.87792756428346708 0.34685704083512819 -1500.0000000000066 -1500.0000000000152 1.9999999999999838 73.500000000000014 3.4275000000000007 -0.0068333333333332876 0.030120025924939415 0.027359489684896914 3.2682286764115149 -1500.0000000000016 0.054720833333333309 -24.58305435776278 25.403571428571432 19.567857142857147 -6.8174329849704209 0.84750952922804634 5.8633711189999502 -1499.999999999998 -1499.999999999997 0.2394375 -0.71466676797886819 8.2464285714285737 0.026042857466036021 -19.011519745241959 29.217857142857149 -246.63796084942106 0.1500498401600889
decision_type=2 2 2 2 2 2 2 2 2 2 2 2 2 2 2 2 2 2 2 2 2 2 2 2 2 2 2 2 2 2
left_child=1 2 7 4 -4 6 -3 9 25 10 -1 -5 13 -2 20 16 17 -16 -17 -18 22 -22 23 -14 -23 -9 -20 28 -15 -30
right_child=12 5 3 11 -6 -7 -8 8 -10 -11 -12 -13 14 27 15 18 19 -19 26 -21 21 24 -24 -25 -26 -27 -28 -29 29 -31
leaf_value=-0.00051671651049998936 -5.5046099797868917e-05 -3.4707177849182096e-05 -0.00014953046849231825 -0.00040187793154258686 0.00093152064332336368 -6.2854558438331335e-05 0.0003571991524975486 0.0017488008848740718 4.4724201018667084e-06 0.00013040069380086385 0.00025410916418232689 -0.0014283109564178934 -0.00086781810109689834 -0.00075274751861986191 -0.00080188207606615941 -0.00051046605618067936 3.3469198573990483e-05 -1.0103771961802835e-06 -0.00019378368638423493 0.00055530928053287463 0.0011815095127280801 9.6511220788519437e-05 0.0014486773745622484 -0.00010688845988706316 -0.00053185680056286897 0.00036935323924012543 0.00074163933534188858 -0.00015945064206635139 0.0011478416968437948 -0.00098633800797064651
leaf_weight=1186 5158 1456 669 172 219 2184 3878 47 2486 966 395 368 249 720 688 1501 3753 1221 177 645 149 11877 59 3031 311 1386 203 634 52 27
leaf_count=1186 5158 1456 669 172 219 2184 3878 47 2486 966 395 368 249 720 688 1501 3753 1221 177 645 149 11877 59 3031 311 1386 203 634 52 27
internal_value=8.92012e-08 6.01173e-05 -3.31959e-05 -0.000346272 0.000114453 0.000158488 0.000249673 3.5525e-05 0.000156469 -0.000149379 -0.000322197 -0.00110827 -3.0191e-05 -0.000136642 -6.59948e-07 -8.78346e-05 -1.05197e-05 -0.000291482 -0.000345334 0.000110792 4.46851e-05 9.38278e-05 -0.000135964 -0.000165815 8.01888e-05 0.000417877 0.00029869 -0.000428008 -0.000636891 0.000377727
internal_weight=45867 15412 7894 1428 888 7518 5334 6466 3919 2547 1581 540 30455 6591 23864 8188 6307 1909 1881 4398 15676 12337 3339 3280 12188 1433 380 1433 799 79
internal_count=45867 15412 7894 1428 888 7518 5334 6466 3919 2547 1581 540 30455 6591 23864 8188 6307 1909 1881 4398 15676 12337 3339 3280 12188 1433 380 1433 799 79
is_linear=0
shrinkage=0.03


Tree=147
num_leaves=31
num_cat=0
split_feature=70 70 73 7 7 27 60 0 6 37 8 69 53 7 29 45 60 46 69 66 0 69 64 0 65 7 9 46 69 24
split_gain=0.0872789 0.148223 0.178704 0.527966 0.203137 0.172465 0.151241 0.163608 0.149537 0.15349 0.132142 0.172559 0.121321 0.121188 0.109752 0.109426 0.127383 0.14626 0.147203 0.101732 0.0931197 0.0860007 0.125294 0.0849972 0.0807309 0.0766712 0.175499 0.07347 0.205628 0.119151
threshold=-0.5488429582847193 -0.87792756428346708 0.34685704083512819 -1500.0000000000066 -1500.0000000000152 7.5591657727213146 47.985000000000007 15.000000000000002 -239.54176046726988 0.41069047349525251 0.25639375000000003 0.064507852084056461 3.2682286764115149 -1499.2057758465926 1.3983073714697745 0.68260702496862991 49.915000000000013 24.18928571428572 -0.42109697129093543 -0.0068333333333332876 35.000000000000007 0.51973899919070166 84.500000000000014 15.000000000000002 -0.011406249999999936 -1500.0000000000016 0.054720833333333309 19.475000000000005 0.25118773779856129 -10.408558248699002
decision_type=2 2 2 2 2 2 2 2 2 2 2 2 2 2 2 2 2 2 2 2 2 2 2 2 2 2 2 2 2 2
left_child=1 2 6 4 -4 8 10 13 21 -10 11 -1 -5 -8 -11 24 17 18 -17 -9 -19 -3 -23 -14 -2 26 -26 28 -27 -29
right_child=15 5 3 12 -6 -7 7 19 9 14 -12 -13 23 -15 -16 16 -18 20 -20 -21 -22 22 -24 -25 25 27 -28 29 -30 -31
leaf_value=-0.00053527787806926727 -0.00023672854619947114 0.00012838405621235405 -0.00014505125030273255 -0.00038989128766723483 0.00090370204824827282 -9.2979796584084575e-05 1.4568082631891835e-05 0.00031191503195050269 0.00022891803721424963 8.239060904918919e-05 0.00012979817541974268 0.00012532356969391012 -0.0016420874127648381 0.00078645138739460367 -0.00060378798173656514 0.00050013968747283802 0.00018803488405780882 -0.0011515875421611494 -0.00042722446792598748 -6.2377325277065864e-05 0.00029996738310635805 0.00068738668187587814 -0.000181728635285981 -0.00050077528756208196 -5.5219710177129649e-05 0.00010316051038801949 -0.00048679100433144398 -1.3710608223162403e-05 -0.00044858914227429472 0.00023910262415483981
leaf_weight=1057 1988 549 669 172 219 1891 287 933 2881 445 964 526 282 547 385 299 3556 189 315 2152 46 1203 164 86 4851 1258 1033 13851 1163 1906
leaf_count=1057 1988 549 669 172 219 1891 287 933 2881 445 964 526 282 547 385 299 3556 189 315 2152 46 1203 164 86 4851 1258 1033 13851 1163 1906
internal_value=7.96179e-08 5.83161e-05 -3.21623e-05 -0.000335969 0.000110945 0.00015371 3.45103e-05 0.000151837 0.000237147 0.000124845 -0.000144829 -0.000313938 -0.00107529 0.000524756 -0.000232631 -2.92939e-05 0.000108755 -0.000219605 1.95756e-05 4.99126e-05 -0.000854674 0.000452916 0.000580869 -0.00138558 -5.27561e-05 -3.74225e-05 -0.000131566 -6.77866e-06 -0.000160726 1.66931e-05
internal_weight=45867 15412 7894 1428 888 7518 6466 3919 5627 3711 2547 1583 540 834 830 30455 4405 849 614 3085 235 1916 1367 368 26050 24062 5884 18178 2421 15757
internal_count=45867 15412 7894 1428 888 7518 6466 3919 5627 3711 2547 1583 540 834 830 30455 4405 849 614 3085 235 1916 1367 368 26050 24062 5884 18178 2421 15757
is_linear=0
shrinkage=0.03


Tree=148
num_leaves=31
num_cat=0
split_feature=70 47 0 69 7 7 57 69 40 21 69 22 6 29 45 53 7 29 7 7 69 57 33 52 70 7 46 18 21 32
split_gain=0.08232 0.13551 0.175709 0.268592 0.202915 0.19623 0.170612 0.117211 0.115623 0.133882 0.130934 0.144318 0.102192 0.146467 0.0998936 0.0968082 0.108543 0.0938099 0.132445 0.242703 0.091308 0.0906591 0.0910447 0.0912237 0.197106 0.0891285 0.0850255 0.0835544 0.0817971 0.0725739
threshold=-0.47495107206705001 0.71441207673492324 15.000000000000002 0.71466676797886841 -20.534054692262298 -1500.0000000000066 49.45000000000001 -0.74981945761428159 3.3189285714285721 0.0034448113672501265 -0.52707282776374165 0.38044310966810974 -797.62228091997565 34.871709271483155 0.68260702496862991 7.1897362741834243 -17.663411664918147 1.9786004320020323 -1499.999999999998 -1499.999999999997 -0.42109697129093543 498.75000000000006 7.0173085284076473 87.750000000000014 0.1159303052754759 -23.30986661629046 20.960714285714293 0.26117638888888889 0.0062972384016585217 8.4071428571428566
decision_type=2 2 2 2 2 2 2 2 2 2 2 2 2 2 2 2 2 2 2 2 2 2 2 2 2 2 2 2 2 2
left_child=1 8 3 4 5 -3 -5 -6 10 -10 11 -1 26 -14 21 16 -12 28 20 -20 -19 22 23 25 -25 -2 -11 -22 -16 -13
right_child=14 2 -4 6 7 -7 -8 -9 9 12 15 29 13 -15 17 -17 -18 18 19 -21 27 -23 -24 24 -26 -27 -28 -29 -30 -31
leaf_value=0.00029618670847831767 -3.2636525347575118e-05 -4.2943506305505251e-05 5.8654613414826256e-05 -0.00062164461695524609 -0.0010488508490209536 -0.001180560295306029 0.0010477890526353105 0.00080376663069524194 -3.0190131843414587e-05 -0.0010576685459140827 8.2929267044357186e-05 0 0.00021111984189476222 0.00082936277692712565 0.00015390353919989382 0.0007805048785694352 -0.00034554848016976364 0.00051109712079177487 0.0023494122996926309 0.00032430630478196102 8.4019000714830819e-05 0.00052323592994804689 -0.00033158503116973971 0.0005802422081694833 -0.00017249197352487704 -0.00018943636260371075 -9.1280557244744594e-06 -0.00053751186964248103 -0.00025197103154484039 -0.0022399402424212421
leaf_weight=1047 18356 191 1613 82 40 532 155 114 2899 78 764 20 6398 368 835 90 1677 206 55 1429 417 241 1059 623 619 3989 638 353 949 30
leaf_count=1047 18356 191 1613 82 40 532 155 114 2899 78 764 20 6398 368 835 90 1677 206 55 1429 417 241 1059 623 619 3989 638 353 949 30
internal_value=7.18367e-08 5.31596e-05 -0.000139856 -0.000429771 -0.000673182 -0.000884646 0.000457389 0.00029955 9.09535e-05 0.000141981 -5.42277e-05 0.000218189 0.000209088 0.000245307 -3.03253e-05 -0.000173524 -0.000210233 0.000103947 0.000224284 0.000402913 -4.4383e-05 -5.33466e-05 -5.91274e-05 -4.6754e-05 0.000202837 -6.07697e-05 -0.000128854 -0.000197353 -6.03412e-05 -0.00133005
internal_weight=45867 16736 2727 1114 877 723 237 154 14009 10381 3628 1097 7482 6766 29131 2531 2441 4244 2460 1484 976 24887 24646 23587 1242 22345 716 770 1784 50
internal_count=45867 16736 2727 1114 877 723 237 154 14009 10381 3628 1097 7482 6766 29131 2531 2441 4244 2460 1484 976 24887 24646 23587 1242 22345 716 770 1784 50
is_linear=0
shrinkage=0.03


Tree=149
num_leaves=31
num_cat=0
split_feature=65 11 0 10 19 53 66 39 48 43 7 8 39 3 1 46 25 23 10 16 24 41 40 69 46 47 66 42 66 62
split_gain=0.0790133 0.106756 0.110982 0.184085 0.123648 0.112106 0.107106 0.143429 0.103778 0.103531 0.102837 0.102656 0.175007 0.0890326 0.0849141 0.0765099 0.0693364 0.0593494 0.0556088 0.0508263 0.101462 0.143346 0.175417 0.08669 0.132074 0.132003 0.0512858 0.108613 0.0571951 0.0504694
threshold=-0.0036187499999999931 0.086472916666666663 72.500000000000014 0.19415208333333331 0.0041015131713316097 1.0377490433255463 -0.047162878787878726 2.8639209648229232e-08 15.16666666666667 0.23094010767584594 -24.58305435776278 0.40925833333333334 0.11222850838908116 24.150000000000002 32.95000000000001 16.546428571428574 0.45815709518620867 0.014182145979422666 0.091687499999999963 -114.16045949425843 -21.335680181024625 0.37851430213810838 4.2517857142857158 0.75548631800528554 26.846428571428579 0.54151801285067303 -0.083324999999999969 26.416666666666675 -0.21127916666666668 -25.994999999999997
decision_type=2 2 2 2 2 2 2 2 2 2 2 2 2 2 2 2 2 2 2 2 2 2 2 2 2 2 2 2 2 2
left_child=15 -2 5 13 8 11 7 -7 -5 -6 -8 14 -13 16 -3 17 -4 -1 -15 26 23 -22 -23 24 -21 -25 27 -17 -29 -19
right_child=1 2 3 4 9 6 10 -9 -10 -11 -12 12 -14 18 -16 19 -18 29 -20 20 21 22 -24 25 -26 -27 -28 28 -30 -31
leaf_value=-6.9129378709038787e-05 -4.6588919423688817e-05 0.00022967061024887716 -0.00057289478062622003 -0.0015056677056366906 0.00044070608597853502 -0.00061996716901649624 0.00014505251410601929 -1.0329001222491694e-05 -0.00011514338232593833 -0.0016817933180968141 -1.215848969494312e-05 -0.0021636401257227834 0.0010113496212288736 -0.00030589783835681514 0.0018475733712315558 -0.0016981200185819314 0.0014150421485304831 -0.00016603993020347646 -0.0011080865242663 0.00015605929353329566 0.00017263477632120338 -0.00031180048405302286 0.00038544676113319701 -0.00014328929366670256 -0.00043774875268723037 0.00068613701670855172 -0.00017002565541282265 0.00052429420326983458 -0.00062604091206845713 0.0010282075760928112
leaf_weight=132 13680 3941 30 50 552 472 8144 1347 1165 20 6871 40 23 129 29 64 29 36 260 1145 999 2975 360 268 476 458 1870 56 112 134
leaf_count=132 13680 3941 30 50 552 472 8144 1347 1165 20 6871 40 23 129 29 64 29 36 260 1145 999 2975 360 268 476 458 1870 56 112 134
internal_value=6.91259e-08 1.97037e-05 5.90895e-05 -0.000141297 -3.16187e-06 8.07017e-05 4.64349e-05 -0.000170422 -0.000176025 0.000358452 7.29155e-05 0.000222943 -0.000959951 -0.000684378 0.000242707 -7.90877e-05 0.000361525 0.000387691 -0.000851224 -9.55215e-05 -5.44309e-05 -0.000140747 -0.000235543 0.000103675 -1.66228e-05 0.000376055 -0.000224609 -0.00064908 -0.000224011 0.000758272
internal_weight=45867 36782 23102 2235 1787 20867 16834 1819 1215 572 15015 4033 63 448 3970 9085 59 302 389 8783 6681 4334 3335 2347 1621 726 2102 232 168 170
internal_count=45867 36782 23102 2235 1787 20867 16834 1819 1215 572 15015 4033 63 448 3970 9085 59 302 389 8783 6681 4334 3335 2347 1621 726 2102 232 168 170
is_linear=0
shrinkage=0.03


Tree=150
num_leaves=31
num_cat=0
split_feature=40 53 7 47 29 28 12 58 1 64 39 66 35 57 50 7 52 9 7 41 17 6 23 34 17 23 53 23 21 20
split_gain=0.0883169 0.118796 0.121443 0.176548 0.160804 0.17611 0.152949 0.134006 0.124924 0.195631 0.11755 0.110473 0.104465 0.0961446 0.0926405 0.0909455 0.1777 0.152732 0.129566 0.103872 0.0884783 0.0810941 0.0775829 0.0800893 0.120569 0.0703665 0.134645 0.112557 0.0822997 0.0797243
threshold=5.0003571428571449 6.9460242403300123 -24.58305435776278 0.10690449676520962 157.36009736266058 -167.05667453459012 0.38577916666666673 12.665000000000001 0.25000000000000006 27.500000000000004 0.14362649974350467 -0.00099999999999999894 6.2613172244335571 284.05000000000007 74.357142857142875 -18.465306187513974 73.892857142857153 0.13485416666666669 -13.945011140954202 0.54055628650051635 -48.020453898985004 -758.03897108904914 0.0010001605760311398 0.099999999999999895 -1500.0000000000016 0.085571498075236202 8.3613448626454225 0.089283006070862397 0.089865122029519726 0.14697629870129872
decision_type=2 2 2 2 2 2 2 2 2 2 2 2 2 2 2 2 2 2 2 2 2 2 2 2 2 2 2 2 2 2
left_child=1 2 4 6 5 7 11 -1 10 -10 -5 -4 -7 22 -6 20 17 -17 -19 -18 -3 -22 23 24 -2 29 27 -27 -28 -24
right_child=13 15 3 8 14 12 -8 -9 9 -11 -12 -13 -14 -15 -16 16 19 18 -20 -21 21 -23 25 -25 -26 26 28 -29 -30 -31
leaf_value=-0.00079312743093777746 -0.00016785326485371433 0.00024612549900627026 0.00050963918053907944 -0.00081016896359692827 0.00080728919450057579 0.00013494259453566219 -0.00062014787818198322 -8.8904362336982021e-05 -9.5108862512517555e-05 0.00042015242336600694 -0.00020066499704161653 4.4712591855734833e-05 -0.00017157457544759227 -0.0020879306598965606 -0.00051343450977359541 -0.00033176391563119977 0.0008267497548979008 0.0021083151261261273 0.00075472265245704996 -3.2088072998927339e-05 -0.00059108246256409287 2.5337151455231919e-05 -5.5882314557456991e-05 -0.00029031791684396989 0.00072297872158305653 0.00067668601796747258 -0.0023451843595793166 4.6719316935102787e-05 -0.00019842272531241179 -0.00023797941894111247
leaf_weight=331 203 1418 959 373 384 8745 182 958 9229 712 1301 913 1121 20 51 63 159 106 190 582 246 828 11732 188 388 307 30 1573 41 2677
leaf_count=331 203 1418 959 373 384 8745 182 958 9229 712 1301 913 1121 20 51 63 159 106 190 582 246 828 11732 188 388 307 30 1573 41 2677
internal_value=-1.56754e-06 3.04191e-05 7.33611e-06 -5.31032e-05 7.88742e-05 5.64829e-05 0.000202742 -0.000272541 -9.86187e-05 -5.78642e-05 -0.000338668 0.000284635 9.97974e-05 -5.5523e-05 0.000644743 0.000191857 0.000419693 0.00096808 0.00125502 0.00014902 8.99556e-05 -0.000113482 -5.28546e-05 0.000238624 0.000412157 -6.69308e-05 0.000101394 0.000151491 -0.00116715 -8.99359e-05
internal_weight=46010 28851 25259 13669 11590 11155 2054 1289 11615 9941 1674 1872 9866 17159 435 3592 1100 359 296 741 2492 1074 17139 779 591 16360 1951 1880 71 14409
internal_count=46010 28851 25259 13669 11590 11155 2054 1289 11615 9941 1674 1872 9866 17159 435 3592 1100 359 296 741 2492 1074 17139 779 591 16360 1951 1880 71 14409
is_linear=0
shrinkage=0.03


Tree=151
num_leaves=31
num_cat=0
split_feature=40 70 70 63 43 52 69 50 47 23 49 69 42 46 7 46 12 6 52 11 7 11 69 63 53 70 53 23 34 17
split_gain=0.0831338 0.118767 0.15869 0.19268 0.158046 0.243406 0.251523 0.156942 0.147804 0.137406 0.130148 0.151931 0.269714 0.19413 0.191043 0.123234 0.120255 0.119298 0.10424 0.100752 0.107987 0.0991271 0.0911402 0.0793987 0.0776856 0.0765533 0.0753225 0.072931 0.0753848 0.113545
threshold=5.0003571428571449 0.081673369964559248 -0.96227343267549392 -1.8650000000000055 0.057735026918963171 74.750000000000014 0.26781182513105634 77.071428571428584 0.55137191532664176 0.020876521293323635 1.9999999999999838 -0.35769492645306972 23.783333333333339 19.817857142857147 -1499.999999999998 23.946428571428577 0.14377083333333332 -841.98833786913235 65.178571428571431 0.30367708333333338 -1500.0000000000002 0.41512916666666666 -0.74981945761428159 118.51000000000001 0.86443782150243309 0.53435276464917691 4.6273197330732794 0.0010001605760311398 0.099999999999999895 -1500.0000000000016
decision_type=2 2 2 2 2 2 2 2 2 2 2 2 2 2 2 2 2 2 2 2 2 2 2 2 2 2 2 2 2 2
left_child=1 2 3 8 7 17 -7 -4 24 -10 21 12 16 18 -15 -9 -12 -6 -13 20 -5 25 -14 27 -1 -3 -23 28 29 -2
right_child=23 10 4 19 5 6 -8 15 9 -11 11 13 22 14 -16 -17 -18 -19 -20 -21 -22 26 -24 -25 -26 -27 -28 -29 -30 -31
leaf_value=-0.00013105885669994802 -0.00016284235266464424 -0.00029451083750483588 -9.7343301628206996e-05 0.00017540336920557399 -0.00036942345932136465 -0.00028701640133329013 0.00010044337202025384 -1.4387106379940884e-05 0.00020012872064082636 -0.00057114066739940141 -0.00014479741815819999 0.0012346971780187576 -0.00055914340618160767 -0.00037037999899108408 0.00034412051443902399 0.00034605883449672904 0.00063229330194119072 0.00039520488852608769 -0.00036180107573932939 0.00010588831748678448 -0.00051410417487468736 -0.0027875072931384907 0.00026244556948288591 -0.0018191713953350224 0.00051472723726978442 -5.0005980099686895e-05 -0.00013030121052129699 -6.4986225772116217e-05 -0.00028165446507600358 0.00070134511694852576
leaf_weight=205 203 1992 1152 233 200 2651 3480 1015 427 397 207 36 367 460 1226 4888 1087 1775 1468 420 1356 22 175 22 770 2821 21 16358 188 388
leaf_count=205 203 1992 1152 233 200 2651 3480 1015 427 397 207 36 367 460 1226 4888 1087 1775 1468 420 1356 22 175 22 770 2821 21 16358 188 388
internal_value=-1.52985e-06 2.95019e-05 7.3501e-05 -9.91909e-05 0.000117078 2.62866e-05 -6.66217e-05 0.000220951 0.00012511 -0.000168071 -5.46519e-05 5.1906e-05 0.000269593 -7.24887e-05 0.000147297 0.000283581 0.00050565 0.000316108 -0.000320799 -0.0003015 -0.000411066 -0.000165546 -0.000288351 -5.38799e-05 0.000375878 -0.000151865 -0.00159044 -5.13326e-05 0.000231245 0.000399668
internal_weight=46010 28851 18969 3808 15161 8106 6131 7055 1799 824 9882 5026 1836 3190 1686 5903 1294 1975 1504 2009 1589 4856 542 17159 975 4813 43 17137 779 591
internal_count=46010 28851 18969 3808 15161 8106 6131 7055 1799 824 9882 5026 1836 3190 1686 5903 1294 1975 1504 2009 1589 4856 542 17159 975 4813 43 17137 779 591
is_linear=0
shrinkage=0.03


Tree=152
num_leaves=31
num_cat=0
split_feature=32 70 70 21 46 44 18 57 63 70 7 9 26 18 42 70 52 41 70 23 20 21 9 43 41 9 22 42 7 46
split_gain=0.0827322 0.107796 0.191264 0.102988 0.109344 0.203545 0.0972584 0.0802544 0.0774255 0.149997 0.149596 0.171754 0.132673 0.162524 0.118465 0.104947 0.111563 0.130159 0.101579 0.0980015 0.0974286 0.0929875 0.0859637 0.0923669 0.0825326 0.0909639 0.101951 0.0812582 0.0755931 0.0994066
threshold=5.5071428571428589 -0.97502841500522164 -0.63872576220844923 0.019957824660955435 19.053571428571434 24.707142857142863 0.33980069444444444 498.75000000000006 -3.8200000000000038 -0.87792756428346708 -1500.0000000000025 0.21544791666666663 -42.335055477001006 0.41045396825396846 16.88333333333334 -0.27608674622158907 73.321428571428598 0.76685331706322601 0.16704543776228128 0.059895743763234428 0.059642857142857122 0.001840219730774329 0.18143749999999997 0.11547005383792537 0.29357824603504901 0.33960833333333335 0.26945409580498869 27.366666666666671 -1499.9999999999989 25.153571428571432
decision_type=2 2 2 2 2 2 2 2 2 2 2 2 2 2 2 2 2 2 2 2 2 2 2 2 2 2 2 2 2 2
left_child=8 6 -3 4 7 -6 28 -4 12 10 -10 -12 24 18 -13 22 17 -17 21 -18 -20 -14 23 -11 -1 -26 -27 -24 -2 -30
right_child=1 2 3 -5 5 -7 -8 -9 9 15 11 14 13 -15 -16 16 19 -19 20 -21 -22 -23 27 -25 25 26 -28 -29 29 -31
leaf_value=-8.4734876122709435e-05 0.00020877902642663966 0.00031730967579114206 -0.0002063473797218271 -0.00020549495325738164 0.00040779363688602134 -0.00013627574604755673 0.00041368826561853948 0.00045778105458462484 0.00043028074792156838 0.00013586643081616232 -0.00093790401748047652 0.00072295856740161332 -0.00017605458535305911 -0.0016955104383047329 -0.00033965485294262099 -0.00010216303756520762 -0.00024169449667090179 0.0016384814881656147 0.0010604323439869973 0.00060077540768137152 -0.00010260993265720661 0.00024834598982678566 0.00029114271816806461 -0.00052442245934634566 8.5977059339439667e-06 -0.0010185463512316344 0.00055920758695089201 -0.0011369000475970094 -0.00039407595527226062 -0.0017350775193213177
leaf_weight=13044 152 2760 1264 1450 1652 978 169 185 195 460 454 101 512 43 1075 86 2486 65 66 128 1774 4281 1470 319 9713 38 450 35 549 56
leaf_count=13044 152 2760 1264 1450 1652 978 169 185 195 460 454 101 512 43 1075 86 2486 65 66 128 1774 4281 1470 319 9713 38 450 35 549 56
internal_value=-1.49829e-06 7.88123e-05 0.000113354 1.09609e-05 8.86732e-05 0.000204359 -0.000226937 -0.000119229 -2.16945e-05 -0.000112483 -0.00034564 -0.000440511 -7.33695e-07 0.000117031 -0.000245307 -2.75606e-05 -0.000152329 0.000633234 0.000129487 -0.00019908 -5.87092e-05 0.000202357 0.000122171 -0.000131001 -3.46885e-05 2.90137e-05 0.000428383 0.000255208 -0.000374272 -0.000525811
internal_weight=46010 9215 8289 5529 4079 2630 926 1449 36795 6874 1825 1630 29921 6676 1176 5049 2765 151 6633 2614 1840 4793 2284 779 23245 10201 488 1505 757 605
internal_count=46010 9215 8289 5529 4079 2630 926 1449 36795 6874 1825 1630 29921 6676 1176 5049 2765 151 6633 2614 1840 4793 2284 779 23245 10201 488 1505 757 605
is_linear=0
shrinkage=0.03


Tree=153
num_leaves=31
num_cat=0
split_feature=32 70 70 21 46 44 8 69 69 53 35 66 63 70 7 9 69 23 52 16 26 20 28 53 46 69 51 7 66 70
split_gain=0.0778238 0.101716 0.167691 0.0968943 0.102835 0.191563 0.0919424 0.0887123 0.0781 0.0985139 0.0814972 0.0774903 0.0728231 0.141087 0.140847 0.161591 0.125901 0.151403 0.142142 0.133273 0.124776 0.115657 0.145154 0.113187 0.107563 0.179362 0.0981378 0.110493 0.0999139 0.0939926
threshold=5.5071428571428589 -0.97870382656940669 -0.63872576220844923 0.019957824660955435 19.053571428571434 24.707142857142863 0.32131250000000006 0.26781182513105634 0.25118773779856129 1.2774459408789511 12.689089394893989 -0.0046666666666667035 -3.8200000000000038 -0.87792756428346708 -1500.0000000000025 0.21544791666666663 -0.88606241628642823 0.059895743763234428 87.464285714285737 -14.727696681069725 -42.335055477001006 0.39942162698412703 -13.208516890929429 6.7663110343475665 19.475000000000005 -0.37371625404731884 1.951800145896196 -23.30986661629046 -0.25025416666666661 0.16704543776228128
decision_type=2 2 2 2 2 2 2 2 2 2 2 2 2 2 2 2 2 2 2 2 2 2 2 2 2 2 2 2 2 2
left_child=12 6 8 4 7 -6 -2 -4 10 11 -3 -10 20 14 -14 -16 17 18 -15 -19 26 29 -23 -17 25 -18 27 28 -1 -22
right_child=1 2 3 -5 5 -7 -8 -9 9 -11 -12 -13 13 16 15 23 24 19 -20 -21 21 22 -24 -25 -26 -27 -28 -29 -30 -31
leaf_value=-0.00086928976340958075 -0.00039237144795567605 9.1968384179518084e-05 0.00013529789488359866 -0.00019933435341577878 0.00039556722801620058 -0.00013219164866487714 0.00043116348295415549 -0.00033330414626129385 0.0011992498503754969 0.00024419514655840989 0.0012271243908755422 0.00045388873153511845 0.00041743818439143215 -0.00066649305897234468 -0.00090982873543686289 -0.00031078983698168275 0.00056832119926027299 -0.00084624564295518207 0.00011098231835823059 0.00096808230931587195 0.00019595286684300932 -0.0021963750202474847 0.00079084175419328467 0.00096839303140743417 0.00016634327504293916 -0.00034723984923290736 4.5951275112956438e-05 -0.00057918619712157187 -5.9169000176747575e-05 -5.5801547852163181e-05
leaf_weight=138 671 1428 667 1450 1652 978 145 782 229 829 59 325 195 723 454 1112 235 47 290 137 4788 41 20 64 2606 1011 8684 391 14032 1827
leaf_count=138 671 1428 667 1450 1652 978 145 782 229 829 59 325 195 723 454 1112 235 47 290 137 4788 41 20 64 2606 1011 8684 391 14032 1827
internal_value=-1.45435e-06 7.64354e-05 0.000107756 1.06012e-05 8.59948e-05 0.000198197 -0.000242012 -0.000115585 0.00029381 0.000456992 0.000139819 0.000769 -2.10443e-05 -0.000109093 -0.000335223 -0.000427306 -2.6712e-05 -0.000295717 -0.00044107 0.000486354 -7.12888e-07 0.00011349 -0.00117161 -0.000237862 5.61573e-05 -0.000171839 -3.36447e-05 -8.13206e-05 -6.73312e-05 0.000125969
internal_weight=46010 9215 8399 5529 4079 2630 816 1449 2870 1383 1487 554 36795 6874 1825 1630 5049 1197 1013 184 29921 6676 61 1176 3852 1246 23245 14561 14170 6615
internal_count=46010 9215 8399 5529 4079 2630 816 1449 2870 1383 1487 554 36795 6874 1825 1630 5049 1197 1013 184 29921 6676 61 1176 3852 1246 23245 14561 14170 6615
is_linear=0
shrinkage=0.03


Tree=154
num_leaves=31
num_cat=0
split_feature=62 50 7 65 53 69 69 18 70 40 16 64 22 5 28 69 69 35 70 57 34 7 40 2 9 64 63 4 9 10
split_gain=0.0730428 0.0907749 0.124903 0.084911 0.0813904 0.139941 0.221335 0.120659 0.0923722 0.091258 0.0886454 0.141947 0.176549 0.163295 0.117392 0.117672 0.108487 0.0844404 0.0805666 0.10052 0.0796952 0.0721325 0.0679905 0.0640325 0.107619 0.107099 0.092406 0.0711356 0.0626959 0.0606353
threshold=-59.984999999999992 65.928571428571445 -137.42722063325735 0.018136904761904816 1.2403473458921528 0.75548631800528554 0.26781182513105634 0.10022131642512079 -0.97502841500522164 4.1989285714285716 -23.324403245669078 44.500000000000007 0.11496428571428571 -41.440681363354933 -10.186375686474504 -0.67760851415498069 -0.43664718845046341 1.442010958486742 -0.0387208465846701 37.050000000000011 6.003571428571429 -217.58308841654278 3.6853571428571432 5.2550000000000008 0.3652145833333334 262.50000000000006 -142.68999999999997 41.500000000000007 0.35085416666666669 0.23064583333333333
decision_type=2 2 2 2 2 2 2 2 2 2 2 2 2 2 2 2 2 2 2 2 2 2 2 2 2 2 2 2 2 2
left_child=3 2 18 23 5 6 8 17 -3 -9 11 12 -6 -13 15 -12 -16 -7 -2 -20 -8 -21 29 24 27 26 -26 -1 -29 -4
right_child=1 4 22 -5 10 7 20 9 -10 -11 14 13 -14 -15 16 -17 -18 -19 19 21 -22 -23 -24 -25 25 -27 -28 28 -30 -31
leaf_value=-0.00091136941197007858 -0.00015098809634611396 -0.00026384799247628984 -0.00068047100856385534 0.00021593182411281845 -0.00015825971683740029 0 0.00031593686962480089 0.00015211321940487803 0.00012972298197413712 -0.0010200471887839835 -0.00030789454630630783 -0.00040152941546588936 0.00023304568672176951 0.00057622541480346543 0.00017595849183602984 -5.5399834863578195e-05 -6.5589882923079997e-05 0.0020374740744414535 0.00094688475066882197 0.00016400117727068247 0.00086229813109356325 -0.0014637192254368628 0.00062110526471643676 -4.1721094887818302e-05 0.00066557593277263404 -0.0023593324934598056 -0.0012021699018650133 -0.00014815806100562998 0.00083719651645219135 0.00051691801424836735
leaf_weight=108 811 652 75 1012 1359 91 576 75 2944 227 2406 907 4285 182 2908 5495 3918 22 161 262 448 26 704 13993 37 39 58 2097 58 74
leaf_count=108 811 652 75 1012 1359 91 576 75 2944 227 2406 907 4285 182 2908 5495 3918 22 161 262 448 26 704 13993 37 39 58 2097 58 74
internal_value=-1.40256e-06 2.80109e-05 0.000217283 -4.99279e-05 1.27953e-05 0.000121391 0.000169273 -0.000403561 5.74761e-05 -0.000719505 -1.25484e-05 7.74371e-05 0.000138282 -0.00023499 -5.38948e-05 -0.000132698 3.68854e-05 0.000413411 2.49047e-05 0.000348905 0.000558505 2.11727e-06 0.000497579 -6.65386e-05 -0.000210087 -0.00103711 -0.000444126 -0.000159355 -0.000119871 -6.6313e-05
internal_weight=46010 28608 2113 17402 26495 5035 4620 415 3596 302 21460 6733 5644 1089 14727 7901 6826 113 1260 449 1024 288 853 16390 2397 134 95 2263 2155 149
internal_count=46010 28608 2113 17402 26495 5035 4620 415 3596 302 21460 6733 5644 1089 14727 7901 6826 113 1260 449 1024 288 853 16390 2397 134 95 2263 2155 149
is_linear=0
shrinkage=0.03


Tree=155
num_leaves=31
num_cat=0
split_feature=28 70 37 53 44 7 6 70 73 30 46 29 42 65 7 10 7 17 46 41 7 35 22 21 51 70 68 44 21 28
split_gain=0.0876786 0.0688433 0.145409 0.134474 0.236222 0.245375 0.133932 0.0925971 0.130722 0.104516 0.0935546 0.0891837 0.0865216 0.0836815 0.0928091 0.158185 0.106841 0.147157 0.126085 0.100721 0.0674584 0.0618988 0.0573397 0.0518943 0.108134 0.0892086 0.0474662 0.034319 0.0538518 0.0479844
threshold=-3.7067034888522117 -0.5488429582847193 0.41733279320833844 3.2310308632943117 25.064285714285717 -1499.999999999998 -800.85605446656677 -0.87792756428346708 -0.31155312454881473 31.200000000000003 27.960714285714293 0.12341628510019188 24.483333333333338 -0.01622708333333334 -1500.0000000000016 0.063814583333333313 -24.58305435776278 -1500.0000000000016 25.403571428571432 0.750329047505369 -1499.999999999997 8.0080196730919404 0.1879315476190476 0.089865122029519726 0.37796447300922781 0.60503365783732044 -11.991374154324953 28.407142857142862 0.035920732803552048 -1498.7098584646599
decision_type=2 2 2 2 2 2 2 2 2 2 2 2 2 2 2 2 2 2 2 2 2 2 2 2 2 2 2 2 2 2
left_child=1 2 7 12 6 -6 -5 9 20 11 -10 -1 22 23 15 -15 17 -16 -18 -17 -9 -14 -4 27 25 -25 -26 29 -29 -3
right_child=-2 13 3 4 5 -7 -8 8 10 -11 -12 -13 21 14 16 19 18 -19 -20 -21 -22 -23 -24 24 26 -27 -28 28 -30 -31
leaf_value=0.00081380318689625703 0.00048863928765466682 -0.00077381242879992994 -0.00077606570332484166 -0.00084414985056187461 -6.5976337063491193e-05 -0.0011535193895822 9.5874045072639005e-05 0.00013107111291861922 0.000312421735496197 0.0015424690048101181 -7.8990008944876863e-05 -1.1860602284280889e-05 0.00042956918001998989 -4.7580054794127638e-05 -0.00012869181507385957 -0.00055322698133178859 -1.2942231311792714e-05 0.00010653690687782099 -0.00030718071786659272 0.00022878407495879543 -0.0002761569444922026 -0.00064821446673944585 0 0.00066023438857139456 -2.0588625636365672e-05 -0.0017003753980731262 0.0013883102915607964 -0.00037032469219698658 0.00031716779526798242 -0.00026773086961894829
leaf_weight=119 327 215 112 155 333 443 1076 738 3925 39 625 6159 619 5270 2996 984 5729 11733 1708 168 715 49 330 22 26 33 64 212 195 996
leaf_count=119 327 215 112 155 333 443 1076 738 3925 39 625 6159 619 5270 2996 984 5729 11733 1708 168 715 49 330 22 26 33 64 212 195 996
internal_value=-3.81717e-08 -3.60423e-06 4.78993e-05 -0.000134727 -0.000281688 -0.000691375 -2.06421e-05 9.43549e-05 0.000178756 1.36584e-05 0.000257992 3.43925e-06 0.00012831 -2.98993e-05 -1.74114e-05 -0.000117867 1.15615e-05 5.84803e-05 -8.09533e-05 -0.000436482 -6.73087e-05 0.000345175 -0.000192709 -0.000230572 0.00030176 -0.000707632 0.000952574 -0.000280287 -3.36134e-05 -0.00036062
internal_weight=46115 45788 15437 3117 2007 776 1231 12320 6003 6317 4550 6278 1110 30351 28588 6422 22166 14729 7437 1152 1453 668 442 1763 145 55 90 1618 407 1211
internal_count=46115 45788 15437 3117 2007 776 1231 12320 6003 6317 4550 6278 1110 30351 28588 6422 22166 14729 7437 1152 1453 668 442 1763 145 55 90 1618 407 1211
is_linear=0
shrinkage=0.03


Tree=156
num_leaves=31
num_cat=0
split_feature=28 65 0 21 65 8 10 10 3 1 7 46 62 46 46 29 53 6 22 59 52 50 18 17 7 20 51 48 68 57
split_gain=0.0825164 0.0595751 0.0762791 0.112577 0.0838286 0.0826505 0.118358 0.0781172 0.0620218 0.0575805 0.0564932 0.0543433 0.0666468 0.05754 0.0908311 0.15944 0.13566 0.0874356 0.0875139 0.0870631 0.0507782 0.0502016 0.0487674 0.0477079 0.0723744 0.0710677 0.0470876 0.0445677 0.0416511 0.031595
threshold=-3.7067034888522117 -0.0036187499999999931 72.500000000000014 0.067505819343284992 0.061604166666666654 0.12210416666666667 0.11281666666666666 0.17043749999999999 24.150000000000002 2.1500000000000008 -217.58308841654278 16.846428571428579 -21.544999999999998 19.567857142857147 24.553571428571434 65.187106387011951 4.4524348197562871 -46.977711808338974 0.39594161414565826 29.125000000000004 80.035714285714292 75.642857142857153 0.28211666666666685 -19.404936820315452 -10.547753639026753 0.36826190476190479 7.5983138132556265e-07 73.833333333333357 4.8707877117296539 56.45000000000001
decision_type=2 2 2 2 2 2 2 2 2 2 2 2 2 2 2 2 2 2 2 2 2 2 2 2 2 2 2 2 2 2
left_child=1 11 4 23 5 10 -7 8 -5 26 -3 12 21 17 15 -15 -16 18 -13 -19 -14 29 -9 25 -25 -4 -6 -22 -11 -1
right_child=-2 2 3 7 9 6 -8 22 -10 28 -12 13 20 14 16 -17 -18 19 -20 -21 27 -23 -24 24 -26 -27 -28 -29 -30 -31
leaf_value=-0.00057701210520015318 0.00047402480079735163 8.9413529073484889e-06 -6.7432115709749454e-05 0.00033277350497481074 5.5178818888275283e-05 0.00041522897438908267 4.9564197310626288e-05 0.0010371599902327243 -0.00090673737132514361 0.0001411555711774253 -0.00012916718493993773 -9.1456614278319169e-05 0.0008669464292595377 0.0001733776517950496 -4.3679259269599706e-05 -0.00064034757048313446 -0.00042882083857644798 -0.00033920156053218601 0.0014908919192173262 -0.0012455182521132371 -0.00099660223470224686 -0.0012774365043195966 -0.00036782247835071761 0.00037596463561224004 -0.00019781065627250027 -0.0011458430896247071 0.00066669299963346604 0.00030180794667235045 -0.0007913689985498785 0.00086810382248626817
leaf_weight=25 327 8474 5269 37 171 841 15937 38 299 309 3865 657 148 2230 3717 238 1065 650 32 116 26 38 47 533 306 55 417 173 49 26
leaf_count=25 327 8474 5269 37 171 841 15937 38 299 309 3865 657 148 2230 3717 238 1065 650 32 116 26 38 47 533 306 55 417 173 49 26
internal_value=-4.62621e-08 -3.50769e-06 1.35143e-05 -7.88275e-05 3.38396e-05 2.46924e-05 6.80957e-05 -0.000553512 -0.000760759 0.000311888 -3.40829e-05 -7.20725e-05 0.000252627 -8.87072e-05 -5.36147e-05 9.34639e-05 -0.000130153 -0.000261349 -1.15638e-05 -0.000481807 0.000444774 -0.000459817 0.00023016 -4.58302e-05 0.00016314 -7.93492e-05 0.000494344 0.000113032 3.31414e-06 0.000104548
internal_weight=46115 45788 36647 6584 30063 29117 16778 421 336 946 12339 9141 436 8705 7250 2468 4782 1455 689 766 347 89 85 6163 839 5324 588 199 358 51
internal_count=46115 45788 36647 6584 30063 29117 16778 421 336 946 12339 9141 436 8705 7250 2468 4782 1455 689 766 347 89 85 6163 839 5324 588 199 358 51
is_linear=0
shrinkage=0.03


Tree=157
num_leaves=31
num_cat=0
split_feature=28 65 22 23 46 3 11 10 63 46 23 73 46 69 69 53 47 6 22 63 35 69 17 17 22 10 17 66 17 69
split_gain=0.0776554 0.0561061 0.0682825 0.0673074 0.0787147 0.0539813 0.0526071 0.0987049 0.054742 0.0510764 0.0715273 0.0634932 0.0541488 0.121674 0.11601 0.18207 0.138737 0.107151 0.0896554 0.0479978 0.0394342 0.0364532 0.0351687 0.12133 0.100446 0.049343 0.0658445 0.0438967 0.0337878 0.0291953
threshold=-3.7067034888522117 -0.0036187499999999931 0.12258333333333331 0.0035699506847407308 17.132142857142863 26.450000000000003 0.083354166666666604 0.095562499999999953 -175.43499999999997 16.846428571428579 0.013752400791930238 -0.29574924910920147 19.567857142857147 0.56314550935064711 0.6583954877256819 3.4830831359402086 0.63872297043947979 -248.93025267475272 0.39594161414565826 375.68000000000001 11.053884950445424 -0.96230016621822456 -1500.0000000000016 -1499.999999999997 0.11154315476190473 0.16142083333333332 -1500.0000000000152 -0.11386875000000002 -154.13904968277413 -0.74981945761428159
decision_type=2 2 2 2 2 2 2 2 2 2 2 2 2 2 2 2 2 2 2 2 2 2 2 2 2 2 2 2 2 2
left_child=1 9 22 4 28 -6 8 -8 -5 10 19 -12 13 17 15 -14 -16 -11 -15 20 -1 -13 25 24 -24 26 -3 -25 -4 -2
right_child=29 2 3 6 5 -7 7 -9 -10 12 11 21 14 18 16 -17 -18 -19 -20 -21 -22 -23 23 27 -26 -27 -28 -29 -30 -31
leaf_value=-0.00020847071558972332 2.8901984723581166e-05 -2.7654548235256854e-05 -0.0012395411150699311 9.0235142899093348e-05 0.00032057927101884537 0.0011045777626844486 0.00034516187553564265 2.8686336680569491e-05 -0.00069706414407513784 0.0004553438230948788 -0.00033095602184424509 -0.00021663019101580847 1.1083556007539609e-05 -0.00070840606466674155 -8.1495137314900896e-05 -0.00035663084399832921 0.00039977268567448866 -0.00025749359615195123 0.00049017717170063402 0.00059358032556649826 -0.001557716934314857 0.00096655620641612273 0.0010762963854163911 0.00048751947953531592 -0.00021835881561702608 0.00061254095991639644 -0.00036784063608308657 -3.4474127507312613e-05 -2.3362403264036399e-05 0.00066050563014051814
leaf_weight=113 109 1232 32 133 602 96 932 19113 176 280 50 22 3115 535 1205 1967 963 581 59 48 25 178 162 145 75 72 902 12906 69 218
leaf_count=113 109 1232 32 133 602 96 932 19113 176 280 50 22 3115 535 1205 1967 963 581 59 48 25 178 162 145 75 72 902 12906 69 218
internal_value=-4.61681e-08 -3.40604e-06 1.31109e-05 4.82165e-05 0.000318641 0.000434125 3.74384e-05 4.35671e-05 -0.000349319 -6.99463e-05 0.000244786 0.000578296 -8.60809e-05 -0.000253575 -5.20225e-05 -0.000130693 0.000130981 -2.1937e-05 -0.000583689 -0.000188133 -0.00048393 0.00082105 -3.46229e-05 -1.59484e-05 0.000654794 -0.000145692 -0.000172955 -2.84079e-05 -0.000446473 0.000459847
internal_weight=46115 45788 36647 21153 799 698 20354 20045 309 9141 436 250 8705 1455 7250 5082 2168 861 594 186 138 200 15494 13288 237 2206 2134 13051 101 327
internal_count=46115 45788 36647 21153 799 698 20354 20045 309 9141 436 250 8705 1455 7250 5082 2168 861 594 186 138 200 15494 13288 237 2206 2134 13051 101 327
is_linear=0
shrinkage=0.03


Tree=158
num_leaves=31
num_cat=0
split_feature=24 70 47 0 35 73 55 70 63 70 0 66 65 7 10 7 16 46 41 21 51 70 19 68 35 62 44 66 28 7
split_gain=0.0732341 0.0688181 0.124057 0.164854 0.240236 0.209612 0.0944215 0.162016 0.0969109 0.169861 0.141275 0.0767076 0.0750077 0.0833366 0.150638 0.102619 0.12309 0.115965 0.0948405 0.0488938 0.101634 0.0841089 0.0476998 0.0449391 0.0433444 0.0353431 0.0326831 0.0540463 0.0446815 0.0316324
threshold=-3.5518917347524126 -0.5488429582847193 0.71897362741841409 15.000000000000002 13.54233289417129 0.15895150825083795 45.300000000000033 -0.97502841500522164 -3.8200000000000038 -0.87792756428346708 15.000000000000002 -0.0035833333333332852 -0.01622708333333334 -1500.0000000000016 0.063814583333333313 -24.58305435776278 -1500.0000000000016 25.403571428571432 0.74521772023312738 0.089865122029519726 0.37796447300922781 0.60503365783732044 0.030840126879212473 -0.83387333597160651 4.2226755729109113 -11.705000000000004 28.407142857142862 -2.2916666666601689e-05 -1498.7098584646599 -1499.9999999999989
decision_type=2 2 2 2 2 2 2 2 2 2 2 2 2 2 2 2 2 2 2 2 2 2 2 2 2 2 2 2 2 2
left_child=1 2 6 4 5 -4 8 24 10 -10 -1 -9 19 14 -14 16 -15 -17 -16 26 21 -21 29 -22 -8 -24 28 -28 -3 -5
right_child=-2 12 3 22 -6 -7 7 11 9 -11 -12 -13 13 15 18 17 -18 -19 -20 20 23 -23 25 -25 -26 -27 27 -29 -30 -31
leaf_value=0.00039017491044560478 0.00045286948525647525 -0.00074514623661929775 5.7482066278812123e-06 0.00018517177945802913 0.0017800449790166956 -0.00086772301620569058 6.5211270342329567e-06 0.00057351471491286134 -0.00028096976314165751 0.00012664099978215848 4.1475473973620502e-05 0.00020821719478647221 -4.4315857620877511e-05 -0.00011676463780345267 -0.00053867786510340004 -1.5689300633301932e-05 9.937273994127768e-05 -0.00029791446030864535 0.00021251481728936305 0.00064508542177550818 0 -0.0016455212226685356 0 0.001456863579273756 -0.00051689908899839104 0.0010328890180587769 -0.00023795313824609033 0.00054759170952195936 -0.00025644251263353182 -0.00010932158219512703
leaf_weight=1320 318 215 400 551 41 619 325 893 1863 1805 5150 1327 5270 2958 980 5731 11763 1708 172 22 35 33 41 55 238 74 302 105 996 805
leaf_count=1320 318 215 400 551 41 619 325 893 1863 1805 5150 1327 5270 2958 980 5731 11763 1708 172 22 35 33 41 55 238 74 302 105 996 805
internal_value=-4.00047e-08 -3.26019e-06 4.81996e-05 -0.000143381 -0.000428767 -0.000522238 8.59673e-05 0.000240956 4.31056e-05 -7.95895e-05 0.00011313 0.000356702 -2.95636e-05 -1.77315e-05 -0.000112917 9.72192e-06 5.57339e-05 -8.0923e-05 -0.000423832 -0.000219568 0.000296994 -0.000680549 6.03807e-05 0.000928263 -0.000209952 0.000644644 -0.000267869 -2.70958e-05 -0.000346225 8.18101e-06
internal_weight=46115 45797 15452 2531 1060 1019 12921 2783 10138 3668 6470 2220 30345 28582 6422 22160 14721 7439 1152 1763 145 55 1471 90 563 115 1618 407 1211 1356
internal_count=46115 45797 15452 2531 1060 1019 12921 2783 10138 3668 6470 2220 30345 28582 6422 22160 14721 7439 1152 1763 145 55 1471 90 563 115 1618 407 1211 1356
is_linear=0
shrinkage=0.03


Tree=159
num_leaves=31
num_cat=0
split_feature=28 70 37 69 53 6 29 7 23 70 1 25 44 29 7 22 7 64 42 46 64 70 69 6 26 66 23 23 7 72
split_gain=0.0697252 0.0606546 0.130968 0.133713 0.163028 0.175322 0.157722 0.142249 0.0863634 0.0832391 0.132058 0.116318 0.100496 0.0821955 0.0711464 0.157621 0.105257 0.122001 0.267028 0.114929 0.194686 0.176486 0.100428 0.0723766 0.096587 0.0642867 0.0641208 0.0393064 0.0574398 0.0406391
threshold=-3.7067034888522117 -0.5488429582847193 0.41733279320833844 0.030120025924939415 4.4795015421289799 -759.35543395636523 85.040469442652764 -17.930006218831824 0.031518038582419909 -0.87792756428346708 32.95000000000001 3.6614694349903627 22.907142857142862 0.12341628510019188 -1500.0000000000016 0.10880863095238093 -24.58305435776278 24.500000000000004 26.183333333333341 25.403571428571432 50.500000000000007 0.88999460902669758 -0.97109105924028405 -243.46456824243856 -87.524263831620473 0.095812500000000023 0.0073280526115460836 0.050669297981360377 -1500.0000000000066 -6.2362570158134991
decision_type=2 2 2 2 2 2 2 2 2 2 2 2 2 2 2 2 2 2 2 2 2 2 2 2 2 2 2 2 2 2
left_child=1 2 9 6 8 -6 7 -4 -5 10 13 12 -11 -1 15 27 17 18 -16 20 -18 -21 -19 24 -17 -13 -8 28 -3 -29
right_child=-2 14 3 4 5 -7 26 -9 -10 11 -12 25 -14 -15 16 23 19 22 -20 21 -22 -23 -24 -25 -26 -27 -28 29 -30 -31
leaf_value=0.00077827448069328967 0.00043574623520402296 -5.116306164551512e-05 -0.00076145672558220552 0.00013408630065142848 -0.00077278349395230178 0.00021076230426730872 4.9299421484513419e-05 -0.00011981039605816835 0.00079278725374097125 -8.3080719383176317e-05 0.0015802724364757522 3.121488148032116e-06 0.00031603848495988766 -1.4485577970601701e-05 2.2009688239595779e-05 -0.00017852130463154306 -6.3351753829159736e-05 0.0016831128931784581 0.00048178256440765146 -0.00043444511366754347 0.00080446309624177263 0.00031377873808191684 -2.586641492947492e-05 0.0010409737912047169 -0.00096093356942708792 -0.00084598575746973174 0.0012648223492677413 0.00075918071491643782 -0.00036039019079579896 4.7733784047201922e-06
leaf_weight=119 327 5064 665 776 349 298 121 608 239 660 47 1654 3606 6151 3993 259 5878 30 1597 1544 241 342 10121 22 347 83 61 99 611 203
leaf_count=119 327 5064 665 776 349 298 121 608 239 660 47 1654 3606 6151 3993 259 5878 30 1597 1544 241 342 10121 22 347 83 61 99 611 203
internal_value=-2.95074e-08 -3.21661e-06 4.51227e-05 -0.000128179 5.41177e-05 -0.000315519 -0.000338366 -0.000457688 0.00029277 8.92191e-05 1.26829e-05 0.000169243 0.000253582 2.03741e-07 -2.79023e-05 -0.000114999 -3.5459e-06 4.1364e-05 0.000153961 -9.22254e-05 -2.85564e-05 -0.000297081 -2.03549e-05 -0.000567374 -0.000632324 -3.61891e-05 0.000477779 -6.68799e-05 -8.50422e-05 0.000263669
internal_weight=46115 45788 15437 3117 1662 647 1455 1273 1015 12320 6317 6003 4266 6270 30351 6605 23746 15741 5590 8005 6119 1886 10151 628 606 1737 182 5977 5675 302
internal_count=46115 45788 15437 3117 1662 647 1455 1273 1015 12320 6317 6003 4266 6270 30351 6605 23746 15741 5590 8005 6119 1886 10151 628 606 1737 182 5977 5675 302
is_linear=0
shrinkage=0.03


Tree=160
num_leaves=31
num_cat=0
split_feature=51 70 26 23 31 72 42 40 53 8 70 37 53 70 66 0 69 36 22 10 11 28 66 46 69 22 53 2 32 69
split_gain=0.0781501 0.0763108 0.0568063 0.0597954 0.0794792 0.120786 0.0932264 0.0797466 0.0710696 0.0703282 0.0668519 0.141508 0.121258 0.102411 0.0620393 0.149076 0.0511971 0.059152 0.0506347 0.0504422 0.0551697 0.067612 0.0755116 0.0355202 0.0584003 0.0349836 0.0282384 0.0280761 0.0319484 0.0264811
threshold=7.4129873163509643 0.59123954401714229 -3.6606173533613657 0.05773569048593704 1.0000000180025095e-35 0.42757466965396956 24.416666666666668 4.3910714285714301 9.3761446187699153 0.40468958333333344 -0.49749486057528974 0.41733279320833844 4.6698706949649456 -0.87792756428346708 -0.073854166666666679 35.000000000000007 0.51973899919070166 6.0916666666666677 0.37799285714285719 0.086543749999999961 0.36548125000000004 -10.87403505241584 0.11838750000000002 20.296428571428578 -0.88606241628642823 0.33015741341991345 7.0211611074454154 7.0550000000000006 0.27142857142857074 -0.72660079619119988
decision_type=2 2 2 2 2 2 2 2 2 2 2 2 2 2 2 2 2 2 2 2 2 2 2 2 2 2 2 2 2 2
left_child=2 19 3 10 8 6 -6 -7 9 -5 11 13 -13 -1 15 -12 -3 26 -16 27 21 22 -21 24 -22 -23 -18 28 -2 -4
right_child=1 16 29 4 5 7 -8 -9 -10 -11 14 12 -14 -15 18 -17 17 -19 -20 20 23 25 -24 -25 -26 -27 -28 -29 -30 -31
leaf_value=-2.1420443059738581e-05 0.00055567597982893776 0.00012636044168827507 0 6.156993891060777e-05 0.00012701723530228232 -0.0012778711761042597 0.00080062158531411126 0.00010265193246304989 -0.0012135394675793442 -0.00046142912081382874 -0.00017024299920652736 -2.4553104881319531e-05 -0.00044534328765945925 0.00015976149548244434 -5.9334963812665601e-05 -0.0016346462759585748 0.00040649774993237642 0.00055854995466832961 0.0002058173092703229 0.00037582888135642885 -0.00067810612209947207 0.0011626042258599931 -0.00072064466594622047 -0.00081741421870887277 0.00057189447738409903 0.00014112897765153318 -0.00053390524301480142 -0.00052765082319212303 -0.00011864654612543649 0.00060754439152589494
leaf_weight=5389 91 553 106 5322 365 60 402 89 40 240 456 1862 933 5803 21219 73 27 57 663 1071 51 148 57 49 91 47 338 84 189 195
leaf_count=5389 91 553 106 5322 365 60 402 89 40 240 456 1862 933 5803 21219 73 27 57 663 1071 51 148 57 49 91 47 338 84 189 195
internal_value=1.04737e-06 0.000153151 -8.92773e-06 -1.18806e-05 7.16681e-05 0.000330891 0.000484556 -0.000438076 2.86949e-05 3.83844e-05 -2.69261e-05 2.43856e-05 -0.000166199 7.22594e-05 -5.9084e-05 -0.000380688 -5.96438e-05 -0.000310203 -5.1155e-05 0.000265197 0.000341634 0.000410947 0.000317176 -0.000122489 0.000100369 0.000933685 -0.000455224 -4.4578e-05 9.10297e-05 0.000400797
internal_weight=46070 2853 43217 42916 6518 916 767 149 5602 5562 36398 13987 2795 11192 22411 529 975 422 21882 1878 1514 1323 1128 191 142 195 365 364 280 301
internal_count=46070 2853 43217 42916 6518 916 767 149 5602 5562 36398 13987 2795 11192 22411 529 975 422 21882 1878 1514 1323 1128 191 142 195 365 364 280 301
is_linear=0
shrinkage=0.03


Tree=161
num_leaves=31
num_cat=0
split_feature=51 70 21 17 23 29 47 52 72 26 26 11 11 24 46 70 45 72 69 33 46 51 69 52 69 46 42 19 69 2
split_gain=0.0739793 0.0633641 0.0647827 0.0690459 0.0530896 0.168942 0.1196 0.0634592 0.0574488 0.0522475 0.0510153 0.0630369 0.0795879 0.0521559 0.0515616 0.0482432 0.126855 0.1488 0.106805 0.0543671 0.109147 0.0725642 0.0466071 0.0420566 0.0595483 0.0387173 0.0362246 0.0396853 0.0360852 0.0373236
threshold=7.8467463684911314 0.57727023316007786 0.0020605198835484226 -52.889797111547018 0.11592003539765373 1.0000000180025095e-35 0.046880723093854514 43.678571428571438 -3.0247260072456963 -3.6606173533613657 -117.92139559216103 0.14260416666666662 0.36548125000000004 -89.467036908816638 22.38571428571429 -0.5488429582847193 0.68260702496862991 0.2970571546129302 0.13301347478292308 7.3259486278768478 24.025000000000006 1.6902498130947905 0.99817629101047833 73.892857142857153 0.41327478071396911 19.996428571428577 18.483333333333338 0.044504083250033667 -0.97873101657557326 7.1350000000000007
decision_type=2 2 2 2 2 2 2 2 2 2 2 2 2 2 2 2 2 2 2 2 2 2 2 2 2 2 2 2 2 2
left_child=4 10 -3 26 9 6 -6 -8 -7 15 22 13 14 -12 -13 16 18 -18 -1 21 -21 -17 28 25 -25 -5 -4 -28 -2 -30
right_child=1 2 3 23 5 8 7 -9 -10 -11 11 12 -14 -15 -16 19 17 -19 -20 20 -22 -23 -24 24 -26 -27 27 -29 29 -31
leaf_value=-1.7077243144219866e-05 -0.00091270620781555448 0.00035361143107896288 0.00043261666383594274 -0.00012486551983400862 -0.00028461377397179602 0.00012997582763693151 0.00067485701658118234 0.0024657713197526756 -0.0016997956617832964 0.00037838113618247747 0.00087725758076179759 0.0007770466521142093 -8.6743723508578711e-05 -0.00020120750442559441 -0.00039347845000553533 -6.7490021494193353e-05 -1.9207463673237776e-05 -0.00064430986055655497 0.00015286295961700785 -2.2492019449144786e-05 -0.00053322790238673581 3.2868460865509659e-05 0.0012262655835727164 0.00030140435139066533 -0.00072244841527892268 0.00092254256766724886 -0.00083260748196111692 0.00045965463801154072 0.00016103638323519619 -0.00055236703869592635
leaf_weight=7200 36 248 24 46 34 25 38 49 30 308 49 549 133 208 32 15449 1073 510 6145 1098 583 11128 28 99 99 76 214 20 464 75
leaf_count=7200 36 248 24 46 34 25 38 49 30 308 49 549 133 208 32 15449 1073 510 6145 1098 583 11128 28 99 99 76 214 20 464 75
internal_value=1.01349e-06 0.000163199 -4.64698e-05 -0.000223627 -7.83468e-06 0.000510351 0.00114464 0.00173418 -0.000827041 -1.00122e-05 0.000275093 0.000410059 0.000554919 0 0.000706857 -1.28604e-05 3.06552e-05 -0.000222772 6.09563e-05 -3.5955e-05 -0.000201619 -2.53566e-05 5.24728e-05 6.25006e-05 -0.000196505 0.000505424 -0.000588967 -0.000707906 -1.50713e-06 5.53741e-05
internal_weight=46070 2400 826 578 43670 176 121 87 55 43494 1574 971 714 257 581 43186 14928 1583 13345 28258 1681 26577 603 320 198 122 258 234 575 539
internal_count=46070 2400 826 578 43670 176 121 87 55 43494 1574 971 714 257 581 43186 14928 1583 13345 28258 1681 26577 603 320 198 122 258 234 575 539
is_linear=0
shrinkage=0.03


Tree=162
num_leaves=31
num_cat=0
split_feature=51 70 69 36 21 0 51 20 70 64 36 66 27 26 70 66 41 22 10 70 40 46 73 22 22 42 7 21 6 44
split_gain=0.0696264 0.0594814 0.061863 0.0642558 0.0523526 0.17685 0.155553 0.137838 0.298753 0.125981 0.0966345 0.0764052 0.0618687 0.0506219 0.0511708 0.101923 0.0887378 0.0665342 0.102702 0.100755 0.0480918 0.0785863 0.0522172 0.0452709 0.0677791 0.066861 0.0665235 0.0377145 0.0438802 0.0353982
threshold=7.8467463684911314 0.57727023316007786 0.51973899919070166 6.1516666666666682 0.086065600290692545 92.500000000000014 0.6900655593424817 0.19753988095238095 0.78827585631460517 1576.5000000000002 4.0850000000000035 -0.00070833333333330725 16.129821521275833 -3.6606173533613657 -0.47495107206705001 -0.18678432971014497 0.68530132892739526 0.37799285714285719 0.38306875000000001 0.1500498401600889 5.2203571428571438 21.63571428571429 17.022486340554114 0.35613764880952387 0.1963394345238095 27.81666666666667 -18.465306187513974 0.0020605198835484226 -43.036986197190252 28.192857142857147
decision_type=2 2 2 2 2 2 2 2 2 2 2 2 2 2 2 2 2 2 2 2 2 2 2 2 2 2 2 2 2 2
left_child=4 20 27 -4 13 6 7 11 -9 10 -8 -6 -7 14 15 -1 -17 18 -16 -19 23 -22 -23 24 25 -2 -26 29 -29 -3
right_child=1 2 3 -5 5 12 9 8 -10 -11 -12 -13 -14 -15 17 16 -18 19 -20 -21 21 22 -24 -25 26 -27 -28 28 -30 -31
leaf_value=-0.001888020396530628 0 0.0010043482747515318 -0.00049815845884518663 0.00059299066310155787 0.0001078802898907938 -0.001145402432465541 0.00011139819668246406 -6.0366188720633663e-06 -0.0018384922428522259 -0.0011980329315093431 0.0009155567910697982 0.00084621396879413851 0 0.00036706643693518675 -4.6055907952361596e-05 6.1086789100476819e-05 -0.00012335339001710364 0.0007596185011135956 -0.00063646350022566371 -1.5236455356742245e-06 -0.0011630841777907645 -9.4254127670345564e-05 0.00065187171835750027 -7.982339640538402e-05 0.00042015782587696517 0.001744411054998636 0.0011173326468378363 -0.00028314412683973016 0.00042226515575583993 0
leaf_weight=24 335 80 321 54 436 120 203 503 95 32 460 184 59 308 24485 12935 2860 228 268 470 46 258 121 163 445 20 186 187 136 48
leaf_count=24 335 80 321 54 436 120 203 503 95 32 460 184 59 308 24485 12935 2860 228 268 470 46 258 121 163 445 20 186 187 136 48
internal_value=9.80634e-07 0.000158324 -4.47205e-05 -0.000331895 -7.60132e-06 0.000138659 0.000224356 1.73548e-05 -0.000304737 0.000582273 0.000674393 0.000332839 -0.000756688 -1.50357e-05 -1.79689e-05 2.42797e-05 2.74946e-05 -4.43462e-05 -5.25949e-05 0.000243541 0.000266743 0 0.000137149 0.000367538 0.000444538 0.000102326 0.000631854 0.00018763 4.99762e-06 0.000621623
internal_weight=46070 2400 826 375 43670 2092 1913 1218 598 695 663 620 179 41578 41270 15819 15795 25451 24753 698 1574 425 379 1149 986 355 631 451 323 128
internal_count=46070 2400 826 375 43670 2092 1913 1218 598 695 663 620 179 41578 41270 15819 15795 25451 24753 698 1574 425 379 1149 986 355 631 451 323 128
is_linear=0
shrinkage=0.03


Tree=163
num_leaves=31
num_cat=0
split_feature=51 70 7 21 22 22 7 21 39 46 51 21 22 70 2 20 47 46 26 70 45 73 60 22 70 10 52 60 46 69
split_gain=0.0658844 0.0645217 0.0620575 0.0512729 0.0585081 0.0528964 0.0587598 0.0484543 0.116229 0.124597 0.0874579 0.100737 0.0808885 0.120628 0.0848475 0.0773221 0.0657504 0.063276 0.0494903 0.048689 0.105269 0.109648 0.10542 0.058996 0.100989 0.099758 0.0448628 0.0598071 0.0428239 0.0738918
threshold=7.4129873163509643 0.59123954401714229 -1499.9999999999989 0.048393648234654717 0.087813392857142833 0.35613764880952387 -18.465306187513974 0.086065600290692545 0.10155927192672093 26.646428571428576 1.3972762620116492 0.10644499171152495 0.27711096014492759 -0.22610730998347103 6.4150000000000009 0.12363511904761902 0.16374732612534759 30.003571428571433 -3.6606173533613657 -0.47495107206705001 0.68260702496862991 0.73840712877337122 46.465000000000011 0.37799285714285719 0.1500498401600889 0.38306875000000001 86.464285714285737 44.745000000000012 29.610714285714288 -0.7721494341254892
decision_type=2 2 2 2 2 2 2 2 2 2 2 2 2 2 2 2 2 2 2 2 2 2 2 2 2 2 2 2 2 2
left_child=7 3 -3 4 -2 6 -6 18 9 10 11 -9 13 16 -15 -11 -10 -17 19 20 22 -22 -1 25 -25 -21 -14 -28 29 -5
right_child=1 2 -4 28 5 -7 -8 8 12 15 -12 -13 26 14 -16 17 -18 -19 -20 23 21 -23 -24 24 -26 -27 27 -29 -30 -31
leaf_value=-8.8846569024139693e-05 -6.4405017258818754e-05 -0.00073055449135627144 2.66029457842232e-05 0.00057649420883835231 0.00034371376351398125 -5.2694354391181684e-05 0.00088918192220513025 -0.00025076915193928101 0.0011333264272127832 -0.00077067991684441671 0.00080303803880755987 -0.0012544483497622424 0.0012129713087063283 0.00083123022543392356 -0.00010412779976766495 0.00042416231919123308 -0.00061740623734222024 -0.00035288597917274776 0.00036673847363623963 -4.555901249979436e-05 -5.367548519687451e-05 -0.00060909660542329217 9.8479860130027441e-05 0.00075275898976581398 -2.1568776952140717e-05 -0.00063514067507151233 0.0014399114219205717 -0.00056756595889372475 0.00057350896281346451 -0.0010366803671891238
leaf_weight=3634 323 108 867 33 960 208 232 375 20 64 48 123 149 268 121 596 159 107 301 24176 1227 439 10425 223 447 261 20 34 37 85
leaf_count=3634 323 108 867 33 960 208 232 375 20 64 48 123 149 268 121 596 159 107 301 24176 1227 439 10425 223 447 261 20 34 37 85
internal_value=9.50005e-07 0.000140613 -5.48556e-05 0.000243666 0.000291536 0.000375785 0.00045305 -8.20355e-06 0.000132738 -3.68896e-05 -0.000384812 -0.000506695 0.00042517 0.000233589 0.00053307 0.000207056 -0.000399917 0.000301297 -1.54203e-05 -1.83198e-05 2.29478e-05 -0.000202109 4.98431e-05 -4.4286e-05 0.000232422 -5.20045e-05 0.00094274 0.000134061 -0.000267695 -0.000559275
internal_weight=46070 2853 975 1878 1723 1400 1192 43217 2084 1313 546 498 771 568 389 767 179 703 41133 40832 15725 1666 14059 25107 670 24437 203 54 155 118
internal_count=46070 2853 975 1878 1723 1400 1192 43217 2084 1313 546 498 771 568 389 767 179 703 41133 40832 15725 1666 14059 25107 670 24437 203 54 155 118
is_linear=0
shrinkage=0.03


Tree=164
num_leaves=31
num_cat=0
split_feature=51 7 57 10 45 40 70 35 40 57 20 28 64 63 53 35 28 31 44 70 47 70 68 32 7 20 44 7 7 70
split_gain=0.0621384 0.0510313 0.0737154 0.050111 0.156239 0.11139 0.107617 0.0487637 0.0479851 0.091934 0.0892648 0.0869203 0.200577 0.117551 0.0794388 0.111287 0.0646581 0.056907 0.126301 0.0601536 0.0397663 0.038736 0.035467 0.0342599 0.0339834 0.0543656 0.0436283 0.039367 0.0825192 0.0582419
threshold=8.2404345701402573 -18.465306187513974 102.65000000000002 0.41483333333333333 0.053452248382484531 3.9010714285714294 0.65837719692149965 5.5966483285617796 2.7539285714285722 203.55000000000004 0.39133690476190486 -16.569733059290296 68.500000000000014 -95.304999999999993 1.4917354742965405 3.6817824408589908 -10.113066589836682 3.0558685613174883 24.200000000000006 -0.99626127116974506 1.0585341254381746 -0.98208922706762081 -1.0935813391559501 2.7428571428571469 -31.753571302497228 0.22031071428571428 18.335714285714285 -1499.999999999998 -1499.9999999999925 0.2843486543654084
decision_type=2 2 2 2 2 2 2 2 2 2 2 2 2 2 2 2 2 2 2 2 2 2 2 2 2 2 2 2 2 2
left_child=3 24 20 8 5 -5 21 23 10 11 17 13 -13 -10 15 -11 -16 19 -19 -1 22 -6 -3 -8 26 -26 -2 29 -29 -28
right_child=1 2 -4 4 6 -7 7 -9 9 14 -12 12 -14 -15 16 -17 -18 18 -20 -21 -22 -23 -24 -25 25 -27 27 28 -30 -31
leaf_value=-0.00089904482400656404 0.00059379948262463904 0 0.00017434783402825734 0 0 -0.0025646775385830549 0 0.00062370087478596441 -3.6404078883336961e-05 0.00015108833573456492 -0.001779256710917839 -0.00012451605365412853 0.00088854385645823625 9.4520425836455084e-05 -0.00014102230989617161 0.00076814411691379127 0.00012738408535255147 -7.3367760879473824e-05 -0.0012792423755790179 2.7845592076202094e-05 0.0020823104932647324 0.001203761626474813 0.0010988744896942378 -0.0018487958139074699 -0.00069173778056451189 0.00036414107224713499 0.0001404981491401943 0.0011864178097423384 9.256730639600378e-05 -0.00061025335020736251
leaf_weight=66 164 37 301 40 26 23 20 25 19348 1103 30 8481 178 9058 1185 353 2499 254 116 1005 28 172 72 20 117 65 202 67 851 164
leaf_count=66 164 37 301 40 26 23 20 25 19348 1103 30 8481 178 9058 1185 353 2499 254 116 1005 28 172 72 20 117 65 202 67 851 164
internal_value=9.15134e-07 0.000161645 0.00045031 -6.57417e-06 0.000363189 -0.00094877 0.000691227 -0.000329641 -9.41104e-06 -3.46599e-06 -0.000177826 -2.00242e-05 -0.000103244 5.24089e-06 0.000115334 0.000303174 4.02192e-05 -0.000141195 -0.000461941 -2.72606e-05 0.00102922 0.00104141 0.000714964 -0.00099933 8.201e-05 -0.000298316 0.000132057 7.03292e-05 0.00017687 -0.000188476
internal_weight=46070 2068 438 44002 326 63 263 65 43676 42205 1471 37065 8659 28406 5140 1456 3684 1441 370 1071 137 198 109 40 1630 182 1448 1284 918 366
internal_count=46070 2068 438 44002 326 63 263 65 43676 42205 1471 37065 8659 28406 5140 1456 3684 1441 370 1071 137 198 109 40 1630 182 1448 1284 918 366
is_linear=0
shrinkage=0.03


Tree=165
num_leaves=31
num_cat=0
split_feature=65 11 4 63 64 61 46 50 69 69 22 15 10 47 23 66 11 73 44 10 44 44 69 46 69 46 69 57 22 6
split_gain=0.0504344 0.0625032 0.0760397 0.177254 0.140312 0.12301 0.0962402 0.0958092 0.0810026 0.0760075 0.075991 0.0730955 0.0669527 0.111899 0.118443 0.088772 0.0564327 0.0562807 0.0592072 0.0549272 0.0542652 0.0533843 0.0974285 0.0720046 0.139185 0.115569 0.113868 0.106119 0.101933 0.0951971
threshold=-0.0036187499999999931 0.11404166666666667 18.500000000000004 -231.46999999999997 780.50000000000011 -47.454999999999984 25.617857142857151 12.928571428571431 0.86095304316285726 0.064507852084056461 0.39594161414565826 -966.22930210975539 0.25560833333333338 0.36313651960127141 0.091218273378947987 0.18564583333333337 0.29544375000000006 -5.9109929480466681 19.750000000000004 0.2583125 20.407142857142862 16.93571428571429 0.31718835131409573 19.567857142857147 0.41327478071396911 24.553571428571434 0.61866567420209762 77.75 0.39594161414565826 -248.93025267475272
decision_type=2 2 2 2 2 2 2 2 2 2 2 2 2 2 2 2 2 2 2 2 2 2 2 2 2 2 2 2 2 2
left_child=17 12 3 7 6 11 -5 -3 9 -7 -10 -4 -2 14 -14 -15 -13 18 -1 -17 -20 22 -19 26 25 -25 29 -26 -28 -23
right_child=1 2 5 4 -6 8 -8 -9 10 -11 -12 16 13 15 -16 19 -18 21 20 -21 -22 23 -24 24 27 -27 28 -29 -30 -31
leaf_value=0.00036881301112830093 -3.7267635292115234e-05 -5.7381542896109746e-05 0.00071391146242858123 -0.002214733069381592 -0.0017615356442063105 2.5054910619128132e-05 -9.672150973497035e-05 0.0013530021006618403 -0.00012512101247178864 0.0001570796504781128 0.00077121945232472072 0.00018379445455862767 0.0016453661653571404 0.00035918735894488127 0.00026899736099766539 -0.002525231188163161 -0.0014292423824081195 0.00056262320328082538 -0.0015118535347103785 -0.00019925079221970267 -0.0004046858932546514 0.00044243250282289431 -0.00040207136377429172 5.4814645680802689e-05 -2.0143477626031841e-05 -0.00026451646047787541 -0.00073604799891914118 0.00034932256044350438 0.00068676362780388436 -0.00024783245351608479
leaf_weight=64 15624 127 397 21 90 10841 193 62 2830 6213 86 96 77 40 232 23 23 314 51 20 250 252 130 1710 1600 2478 487 1223 47 614
leaf_count=64 15624 127 397 21 90 10841 193 62 2830 6213 86 96 77 40 232 23 23 314 51 20 250 252 130 1710 1600 2478 487 1223 47 614
internal_value=1.42875e-06 1.71378e-05 5.12577e-05 -0.000315574 -0.000766518 6.0247e-05 -0.000327852 0.00039418 4.82508e-05 7.33356e-05 -9.7402e-05 0.000517723 -2.73681e-05 0.000358656 0.000625855 -0.00059599 -0.000112281 -6.12732e-05 -0.00042683 -0.00154068 -0.000606598 -4.58199e-05 0.000273157 -6.30451e-05 -2.33353e-05 -0.000133432 -0.000259606 0.000138924 -0.000604162 -4.32313e-05
internal_weight=46215 36995 20979 493 304 20486 214 189 19970 17054 2916 516 16016 392 309 83 119 9220 365 43 301 8855 444 8411 7011 4188 1400 2823 534 866
internal_count=46215 36995 20979 493 304 20486 214 189 19970 17054 2916 516 16016 392 309 83 119 9220 365 43 301 8855 444 8411 7011 4188 1400 2823 534 866
is_linear=0
shrinkage=0.03


Tree=166
num_leaves=31
num_cat=0
split_feature=70 59 26 51 69 44 70 44 66 22 29 12 6 69 57 7 35 70 63 46 69 40 12 3 73 43 39 44 22 63
split_gain=0.0492738 0.100028 0.156856 0.149637 0.266327 0.231223 0.161743 0.150312 0.135131 0.121401 0.113314 0.122097 0.160049 0.104354 0.0900558 0.080674 0.147122 0.123799 0.119781 0.117154 0.115057 0.103062 0.102928 0.096516 0.118048 0.106837 0.0880285 0.257273 0.135584 0.0831423
threshold=0.098816478347602127 34.735000000000007 -16.962587647855106 1.951800145896196 0.047320950113892181 17.078571428571433 -0.98208922706762081 22.907142857142862 0.15323541666666668 0.20533973214285714 1.4525627406502071 0.12699375000000004 -807.40333367644996 0.54883787585413535 261.55000000000007 -47.331815796636157 12.689089394893989 0.75546532993267157 39.645000000000003 18.332142857142859 -0.34156760613242332 4.2517857142857158 0.24066458333333332 26.650000000000002 0.24052653430960905 3.5992584838799049e-08 0.19521660398320662 25.807142857142864 0.24541369047619044 -58.819999999999993
decision_type=2 2 2 2 2 2 2 2 2 2 2 2 2 2 2 2 2 2 2 2 2 2 2 2 2 2 2 2 2 2
left_child=1 2 10 6 5 -5 -4 -8 14 -6 -1 13 -13 -12 -3 19 17 23 -18 20 22 -22 -2 24 -17 -25 28 -28 -19 -21
right_child=15 8 3 4 9 -7 7 -9 -10 -11 11 12 -14 -15 -16 16 18 26 -20 29 21 -23 -24 25 -26 -27 27 -29 -30 -31
leaf_value=0.00048609851236579071 0 -7.8215655526936887e-05 -0.0002843917652876966 0.00055084494886241777 -0.0001826140636413977 -0.0003975297348868 -0.00049738823274979847 0.00020722655923931447 0.0010289336318718128 0.00024130814925177088 -0.00018044104179837841 -0.00023906877982391375 0.00029589906781220542 0.00025893849248038325 -0.0018198420793956351 -0.0002584510667440674 0.0027149093285469069 -0.00043300470478830407 0.00033523910173087983 8.1378518681361495e-06 -0.00014248394260633584 0.0010940997458140675 0.0011639593456025151 0 0.00041515813810282431 -0.00086872353146278205 -9.0519126638664675e-05 0.00075298697633204242 0.0011420360009519841 -0.00025435821430901047
leaf_weight=911 98 6713 832 250 910 2662 286 4711 98 1798 1615 576 3680 692 26 2626 20 571 295 12363 376 71 219 172 253 434 1284 433 52 1188
leaf_count=911 98 6713 832 250 910 2662 286 4711 98 1798 1615 576 3680 692 26 2626 20 571 295 12363 376 71 219 172 253 434 1284 433 52 1188
internal_value=1.37933e-06 2.90446e-05 6.46602e-05 -4.87379e-06 -0.000115568 -0.000314919 0.000101338 0.000166207 -6.90862e-05 9.77305e-05 0.000171563 0.000127379 0.000222754 -4.72913e-05 -8.56492e-05 -3.3314e-05 -0.000124296 -0.000158865 0.000503936 5.50635e-06 0.000366855 4.92382e-05 0.000803728 -0.000272195 -0.000198091 -0.000618406 8.68368e-06 0.000120768 -0.000295113 -1.46706e-05
internal_weight=46215 25760 18923 11449 5620 2912 5829 4997 6837 2708 7474 6563 4256 2307 6739 20455 6140 5825 315 14315 764 447 317 3485 2879 606 2340 1717 623 13551
internal_count=46215 25760 18923 11449 5620 2912 5829 4997 6837 2708 7474 6563 4256 2307 6739 20455 6140 5825 315 14315 764 447 317 3485 2879 606 2340 1717 623 13551
is_linear=0
shrinkage=0.03


Tree=167
num_leaves=31
num_cat=0
split_feature=65 22 68 2 73 69 23 46 9 0 21 59 22 19 35 66 2 66 63 69 73 44 57 59 62 44 69 46 69 46
split_gain=0.0475606 0.052043 0.0665618 0.0801836 0.0733343 0.110493 0.0954665 0.0768237 0.0585383 0.0581368 0.0781534 0.0719998 0.0636131 0.0587847 0.106946 0.0972429 0.0567609 0.0555204 0.0544579 0.112912 0.0520111 0.0549238 0.0524489 0.0504939 0.0476149 0.0475772 0.0907633 0.0692717 0.128362 0.108077
threshold=-0.0036187499999999931 0.23767857142857143 -36.348652085585037 6.7950000000000008 0.4548494052635515 -0.48250327361223916 0.11592003539765373 17.882142857142863 0.1100208333333333 72.500000000000014 0.062535875544722896 23.105000000000008 0.11496428571428571 0.036311621923275757 9.6617488110652783 -0.094791666666666635 6.7950000000000008 0.15323541666666668 -58.819999999999993 -0.20931270765420754 -5.9109929480466681 19.750000000000004 8.0499999999999989 35.565000000000005 -45.909999999999975 16.93571428571429 0.31718835131409573 19.567857142857147 0.41327478071396911 24.553571428571434
decision_type=2 2 2 2 2 2 2 2 2 2 2 2 2 2 2 2 2 2 2 2 2 2 2 2 2 2 2 2 2 2
left_child=20 9 3 18 6 23 16 -7 -8 13 -11 17 -13 -2 15 -15 -4 -12 19 -3 21 24 -23 -6 -1 26 -22 -27 29 -29
right_child=1 2 4 -5 5 7 8 -9 -10 10 11 12 -14 14 -16 -17 -18 -19 -20 -21 25 22 -24 -25 -26 27 -28 28 -30 -31
leaf_value=0.00115661617074511 1.5968863348178604e-06 0.00013272787722212341 1.3460174870290212e-06 -0.001140836931636621 0.00089544890214753481 -0.0015311551992423257 3.7739825771844097e-06 0.0001395000262263238 0.0014617946464637877 -5.7750251328351977e-05 -0.00076140946256262915 -0.00013327474487148441 -0.00094377077887806038 -0.00061969342572585034 0.0012992626184824148 0.00019426507530032823 0.00044080693509542711 0.0010654459112239153 -0.00012455248185593132 0.0010554139630610734 0.00053596608984059582 -0.00011475923038281811 -0.00094026944676547182 -0.00042283538494554635 -0.00041558066890138434 -0.00025374051211382657 -0.00039505033631087458 5.4262294705132893e-05 0.00013381039675355687 -0.00025451538878493309
leaf_weight=33 19772 255 8078 28 281 25 46 479 66 4971 20 155 232 141 73 1681 273 43 112 239 314 134 167 25 31 1400 130 1710 2823 2478
leaf_count=33 19772 255 8078 28 281 25 46 479 66 4971 20 155 232 141 73 1681 273 43 112 239 314 134 167 25 31 1400 130 1710 2823 2478
internal_value=1.3425e-06 1.65993e-05 7.54506e-05 0.000373416 5.47171e-05 0.000327587 2.82104e-05 4.78217e-05 0.000894846 -4.81582e-06 -9.2758e-05 -0.000471839 -0.000628066 1.70518e-05 0.000176637 0.000129324 1.61226e-05 0.000435782 0.000450088 0.00058642 -5.9545e-05 -0.000411015 -0.000584297 0.000776947 0.000354252 -4.4674e-05 0.000256354 -6.09499e-05 -2.19938e-05 -0.00012774
internal_weight=46215 36995 9907 634 9273 810 8463 504 112 27088 5421 450 387 21667 1895 1822 8351 63 606 494 9220 365 301 306 64 8855 444 8411 7011 4188
internal_count=46215 36995 9907 634 9273 810 8463 504 112 27088 5421 450 387 21667 1895 1822 8351 63 606 494 9220 365 301 306 64 8855 444 8411 7011 4188
is_linear=0
shrinkage=0.03


Tree=168
num_leaves=31
num_cat=0
split_feature=70 23 40 16 53 69 70 6 12 23 63 22 16 53 27 24 47 3 26 7 47 7 35 70 63 46 69 22 3 46
split_gain=0.0461998 0.0967332 0.122394 0.147591 0.203606 0.235121 0.162933 0.125495 0.16403 0.159482 0.117129 0.0809647 0.0804637 0.0802833 0.173615 0.17311 0.108889 0.102216 0.0953959 0.0928337 0.101697 0.0746212 0.138063 0.116635 0.112787 0.110127 0.106984 0.143501 0.0903434 0.110765
threshold=0.098816478347602127 0.059059829534046336 4.9153571428571441 -24.353122453803444 1.8397324220156428 0.030120025924939415 -0.97502841500522164 -815.48085067428258 0.12699375000000004 0.019736753383716353 88.805000000000021 0.30266024844720502 -63.668401825815828 2.2483204964922123 35.415885835872835 -313.94235119154422 0.61733208332225809 23.650000000000002 -8.2015187148653119 -1499.999999999998 0.98640483844138871 -47.331815796636157 12.689089394893989 0.75546532993267157 39.645000000000003 18.332142857142859 -0.24284747324344261 0.24312500000000001 26.650000000000002 19.567857142857147
decision_type=2 2 2 2 2 2 2 2 2 2 2 2 2 2 2 2 2 2 2 2 2 2 2 2 2 2 2 2 2 2
left_child=1 2 3 7 6 -6 -5 9 -9 -1 11 -4 -13 16 19 -16 17 -3 -19 -15 -21 25 23 28 -24 26 27 -2 29 -23
right_child=21 13 10 4 5 -7 -8 8 -10 -11 -12 12 -14 14 15 -17 -18 18 -20 20 -22 22 24 -25 -26 -27 -28 -29 -30 -31
leaf_value=0.00015030792096406556 -8.6936038185376677e-05 -0.0007626745418113257 -8.7094357340082278e-05 -0.00027929841307401334 -0.00025514832017107793 7.0885453735090336e-05 0.00026869169500185082 0 0.00037531888327786342 -0.00086312924269146309 -0.001985148824844509 -0.0002301200411039526 -0.0023736395257957545 -0.0001747237082840946 -0.0024513304548648496 0.00021616362237658065 -0.0012964225743524729 0.00023033336742630796 -0.00045773995856429926 0.00057293718293655266 0.001995352017748005 -0.00053471137772935669 0.0026347639772242733 9.3037065115065579e-06 0.00032469032338161232 -1.4517691417215215e-05 1.8563881989888332e-05 0.001168759357266653 -0.0005983295777373472 -8.8742971665382186e-05
leaf_weight=367 119 111 5898 579 4066 3878 2955 1649 2841 221 29 45 27 130 35 51 49 1899 197 683 50 656 20 2340 295 13551 411 234 606 2223
leaf_count=367 119 111 5898 579 4066 3878 2955 1649 2841 221 29 45 27 130 35 51 49 1899 197 683 50 656 20 2340 295 13551 411 234 606 2223
internal_value=1.30253e-06 2.8093e-05 6.03778e-06 4.82309e-05 -1.11041e-05 -9.56228e-05 0.000178008 0.000182915 0.000237213 -0.000226318 -0.000109895 -9.99526e-05 -0.00109654 0.000182319 0.00041448 -0.00085066 8.31902e-05 0.000115752 0.000164044 0.000544865 0.000676638 -3.22891e-05 -0.000119791 -0.000153291 0.000488729 5.03847e-06 0.000355391 0.000737927 -0.000263298 -0.000191552
internal_weight=46215 25760 22555 16556 11478 7944 3534 5078 4490 588 5999 5970 72 3205 949 86 2256 2207 2096 863 733 20455 6140 5825 315 14315 764 353 3485 2879
internal_count=46215 25760 22555 16556 11478 7944 3534 5078 4490 588 5999 5970 72 3205 949 86 2256 2207 2096 863 733 20455 6140 5825 315 14315 764 353 3485 2879
is_linear=0
shrinkage=0.03


Tree=169
num_leaves=31
num_cat=0
split_feature=67 13 10 69 13 21 24 53 52 21 20 66 69 49 10 1 2 20 29 46 53 28 64 63 66 41 43 17 40 69
split_gain=0.0451717 0.0672682 0.174116 0.173114 0.0644612 0.154563 0.0587107 0.0540642 0.119939 0.117999 0.0841468 0.0784259 0.076743 0.0633707 0.0526397 0.0870258 0.124783 0.07101 0.0633154 0.0833754 0.0564609 0.0547494 0.0918406 0.0540181 0.0520366 0.0515173 0.050235 0.0482626 0.0467968 0.0465083
threshold=-1.0000000180025095e-35 -1500.0000000000016 0.2394375 -0.86958133671945925 -1499.999999999997 0.0070791362425658517 -1500.0000000000066 3.2682286764115149 56.464285714285722 0.00076595139981096587 0.38468154761904766 -0.20409374999999999 -0.43664718845046341 1.5275252316519539 0.35085416666666669 32.95000000000001 3.4650000000000003 0.31194345238095239 1.7639568726276178 20.196428571428577 9.241866040583318 -15.807627756576563 28.500000000000004 -73.829999999999998 0.035583333333333349 0.41084207281048019 0.15275252316508436 -114.38549053050509 3.6753571428571434 -0.49750868180287638
decision_type=2 2 2 2 2 2 2 2 2 2 2 2 2 2 2 2 2 2 2 2 2 2 2 2 2 2 2 2 2 2
left_child=14 2 3 -2 5 28 24 10 9 -9 11 -6 -10 -12 15 20 -17 -16 -19 27 21 23 -23 -1 -5 -7 -22 -20 -3 -30
right_child=1 4 -4 6 7 25 -8 8 12 -11 13 -13 -14 -15 17 16 -18 18 19 -21 26 22 -24 -25 -26 -27 -28 -29 29 -31
leaf_value=-6.3419560314056651e-05 -0.0012631271374331594 -0.00032035756029188636 0.0014190436408267732 -3.8848652535263093e-05 -0.00037769798201386673 -0.00074736493296751914 -0.00026562464015453334 0.00031909732232758727 0.00020493253262066739 -0.00043126473717976476 -0.0010135568024081019 0.00010796013461006684 -4.2313108485640853e-05 0.00041305701003542967 0.0011119826688250948 6.9753314630980497e-05 0.002077507945176746 -2.723990595232597e-05 -0.00071573758502199779 -9.5989720493351753e-05 -0.00043137218795208859 -0.00014626740098746022 0.00045682862797701305 6.2191252450480186e-05 0.00045660461152311773 0.00078593726322540773 0.00022830302736256272 0.00061611669752279126 0 0.0011468299727623716
leaf_weight=9480 115 24 66 1880 304 98 1028 227 1702 999 105 11148 3321 34 61 93 41 1600 23 283 112 6741 232 4545 211 22 1019 457 38 206
leaf_count=9480 115 24 66 1880 304 98 1028 227 1702 999 105 11148 3321 34 61 93 41 1600 23 283 112 6741 232 4545 211 22 1019 457 38 206
internal_value=1.24993e-06 3.30721e-05 -9.11992e-05 -0.000123377 5.57385e-05 0.000438722 -8.00006e-05 4.72168e-05 -2.35319e-05 -0.00028974 8.56168e-05 9.47743e-05 4.08909e-05 -0.000642714 -2.63789e-05 -4.09323e-05 0.000717127 0.00010601 7.83128e-05 0.000303328 -4.56904e-05 -5.69195e-05 -0.000125709 -2.24982e-05 9.9072e-06 -0.000437294 0.000160004 0.000544706 0.000842287 0.000969732
internal_weight=46215 21528 3300 3234 18228 388 3119 17840 6249 1226 11591 11452 5023 139 24687 22263 134 2424 2363 763 22129 20998 6973 14025 2091 120 1131 480 268 244
internal_count=46215 21528 3300 3234 18228 388 3119 17840 6249 1226 11591 11452 5023 139 24687 22263 134 2424 2363 763 22129 20998 6973 14025 2091 120 1131 480 268 244
is_linear=0
shrinkage=0.03


Tree=170
num_leaves=31
num_cat=0
split_feature=21 0 39 64 19 3 53 2 12 23 23 70 40 38 70 69 57 53 19 11 57 23 53 9 62 11 49 11 12 23
split_gain=0.0871433 0.122352 0.0768408 0.128515 0.108416 0.112044 0.108317 0.0928026 0.0848676 0.0803972 0.116439 0.10562 0.0698328 0.109163 0.112476 0.1715 0.133319 0.12611 0.114276 0.112817 0.0901656 0.0892877 0.0873666 0.0861748 0.147287 0.111264 0.149658 0.0960951 0.0938938 0.0851239
threshold=0.086065600290692545 92.500000000000014 4.8991017055294459e-09 1576.5000000000002 0.10911198399847445 26.350000000000005 0.49724515809884634 6.0750000000000011 0.24781249999999996 0.091218273378947987 0.085571498075236202 0.91234096280339505 5.097500000000001 3.999285714285715 -0.25950218452349683 0.63874350706337069 31.649999999999999 2.541955637208976 0.00056869530220999209 0.070479166666666662 24.550000000000008 0.084486852739744947 9.0484046314047379 0.12418749999999996 -80.494999999999976 0.25529583333333333 1.732050807568875 0.077408333333333315 0.16855344202898548 0.024069398654927639
decision_type=2 2 2 2 2 2 2 2 2 2 2 2 2 2 2 2 2 2 2 2 2 2 2 2 2 2 2 2 2 2
left_child=12 2 4 6 9 -6 7 -4 -7 10 -2 -11 13 21 15 16 -15 20 -19 -17 -16 22 -1 -14 25 28 -27 -26 -25 -29
right_child=1 -3 3 -5 5 8 -8 -9 -10 11 -12 -13 23 14 17 19 -18 18 -20 -21 -22 -23 -24 24 27 26 -28 29 -30 -31
leaf_value=-3.5743393347021919e-05 -4.8627974938080151e-05 -0.00055319690814081455 0.00033096565356744182 -0.0011700417374792909 -0.0021935152498739107 -0.001203482515898279 0.00062377814960658977 -0.0013615115052962208 0.00051813463638536623 0.00015329101595030922 0.0011651947893007769 -0.0010137775462325208 -2.2812167421336334e-05 0.00039320817297676061 -0.00043612525223451164 0.0012811415749794709 -3.6256777588070342e-05 0.00047081295405965921 3.3800771416431332e-05 0.00038457397363470349 -2.1005686671835535e-05 -0.0006947647971935416 0.00032029089058775088 -1.4677366961581187e-05 0.00047293706184262693 0.00036130727403390001 -0.0015135688910493626 -2.0288794922872806e-05 -0.00052835059403723338 -0.00061413439303832889
leaf_weight=16759 125 182 69 41 34 43 862 47 59 464 151 81 11804 894 797 144 2346 637 3589 1271 1189 179 642 969 96 718 39 286 487 1068
leaf_count=16759 125 182 69 41 34 43 862 47 59 464 151 81 11804 894 797 144 2346 637 3589 1271 1189 179 642 969 96 718 39 286 487 1068
internal_value=-1.99764e-06 0.000183999 0.000253661 0.000435288 5.6884e-05 -0.000719987 0.000506778 -0.000334914 -0.000183157 0.000189943 0.000606435 -1.62078e-05 -1.12101e-05 1.66022e-05 9.14123e-05 0.000202915 8.14029e-05 7.35534e-06 0.000100479 0.000478774 -0.000189242 -2.94733e-05 -2.24177e-05 -6.25543e-05 -0.000189763 -3.42525e-05 0.000258888 -0.00042485 -0.000188794 -0.00049102
internal_weight=46072 2158 1976 1019 957 136 978 116 102 821 276 545 43914 28447 10867 4655 3240 6212 4226 1415 1986 17580 17401 15467 3663 2213 757 1450 1456 1354
internal_count=46072 2158 1976 1019 957 136 978 116 102 821 276 545 43914 28447 10867 4655 3240 6212 4226 1415 1986 17580 17401 15467 3663 2213 757 1450 1456 1354
is_linear=0
shrinkage=0.03


Tree=171
num_leaves=31
num_cat=0
split_feature=21 0 39 0 70 21 47 47 19 20 53 10 10 17 69 40 38 70 69 51 35 57 37 44 20 62 11 49 35 6
split_gain=0.0818319 0.115137 0.0723063 0.102904 0.210629 0.105983 0.10469 0.101657 0.126174 0.0860406 0.076327 0.0851526 0.0819048 0.0906779 0.0698113 0.065747 0.10274 0.105863 0.161429 0.143177 0.12572 0.125464 0.0972733 0.0945326 0.0938563 0.122384 0.139036 0.14104 0.103606 0.0834073
threshold=0.086065600290692545 92.500000000000014 4.8991017055294459e-09 35.000000000000007 0.78827585631460517 0.12791178673530293 0.02672612419125164 0.18523746209770317 0.0060474952676449608 0.30908035714285714 0.49724515809884634 0.27660416666666671 0.26735087719298251 -579.79500928142159 0.7086201161944764 5.097500000000001 3.999285714285715 -0.25950218452349683 0.63874350706337069 1.6902498130947905 0.31796053387003859 31.649999999999999 0.0057735026918962961 19.835714285714285 0.14863720238095238 -80.494999999999976 0.25529583333333333 1.732050807568875 4.2226755729109113 -597.940015009592
decision_type=2 2 2 2 2 2 2 2 2 2 2 2 2 2 2 2 2 2 2 2 2 2 2 2 2 2 2 2 2 2
left_child=15 2 3 4 5 -2 -6 9 -9 -5 11 14 13 -12 -4 16 -1 18 21 22 -20 -18 -19 -21 28 26 -26 -28 -17 -27
right_child=1 -3 10 7 6 -7 -8 8 -10 -11 12 -13 -14 -15 -16 24 17 19 20 23 -22 -23 -24 -25 25 29 27 -29 -30 -31
leaf_value=-2.8589790568114343e-05 -0.00015716693236975948 -0.00053669169346671195 0.00083006357194824226 0.00013642124397070696 0 0.0012601768931459732 -0.0021118123423780354 0.0013918590857072719 0 -0.0015348351574953523 0.00070275354555516362 -0.0014167454395908861 0.00093838847890969951 -2.0568184471003485e-05 -0.0010939824613742531 -3.3368657578006285e-05 0.00038142510848842979 -5.3400822949720804e-05 -0.00010295371110720391 -0.00013895251706295272 0.00060337789628444509 -3.5169537873452471e-05 -0.00050420997685901689 0.00018799436057860154 -0.00029241548343995102 -0.00054451270901940561 0.00035048313053080916 -0.0014692970031872392 0.00087840260589491174 0.00020388674323318831
leaf_weight=17580 275 182 58 254 32 56 70 136 104 30 285 39 289 326 22 12457 894 1332 274 1050 1141 2346 649 3181 955 1039 718 39 112 147
leaf_count=17580 275 182 58 254 32 56 70 136 104 30 285 39 289 326 22 12457 894 1332 274 1050 1141 2346 649 3181 955 1039 718 39 112 147
internal_value=-1.94877e-06 0.000178288 0.000245897 5.49074e-05 -0.000283195 7.66627e-05 -0.0014695 0.000340015 0.000793777 -3.43596e-05 0.000422095 -0.000273814 0.000517641 0.000312519 0.00025694 -1.0878e-05 1.61059e-05 8.86839e-05 0.00019686 7.12042e-06 0.000464509 7.89363e-05 -0.000202785 0.000106134 -6.06988e-05 -0.000214709 -5.03933e-05 0.000250957 -2.49361e-05 -0.000449131
internal_weight=46072 2158 1976 957 433 331 102 524 240 284 1019 119 900 611 80 43914 28447 10867 4655 6212 1415 3240 1981 4231 15467 2898 1712 757 12569 1186
internal_count=46072 2158 1976 957 433 331 102 524 240 284 1019 119 900 611 80 43914 28447 10867 4655 6212 1415 3240 1981 4231 15467 2898 1712 757 12569 1186
is_linear=0
shrinkage=0.03


Tree=172
num_leaves=31
num_cat=0
split_feature=21 0 66 51 70 40 70 5 0 0 12 11 0 63 7 38 53 40 40 22 53 38 53 22 57 22 51 69 64 17
split_gain=0.0769035 0.108371 0.0716608 0.13034 0.132166 0.0854454 0.0852856 0.11387 0.0790674 0.0760813 0.134082 0.0750518 0.0703442 0.0626454 0.11064 0.121562 0.103116 0.0977288 0.107535 0.167869 0.105517 0.0940185 0.0910554 0.0988452 0.0882589 0.095051 0.103169 0.0937153 0.242943 0.109579
threshold=0.086065600290692545 92.500000000000014 -0.0030958333333333562 0.37796447300922781 0.8977101403255705 7.2310714285714299 0.31717953954346351 -427.80123737502794 27.500000000000004 57.500000000000007 0.29528750000000004 0.26627291666666669 15.000000000000002 -131.66999999999999 -156.02423026867612 4.9121428571428583 2.5677629550654792 5.0303571428571443 5.7403571428571434 0.30051401942355893 3.0382181012512333 3.999285714285715 1.0377490433255463 0.32319642857142866 12.949999999999998 0.18248511904761902 1.8126539343501895 0.63874350706337069 48.500000000000007 -302.70930668145786
decision_type=2 2 2 2 2 2 2 2 2 2 2 2 2 2 2 2 2 2 2 2 2 2 2 2 2 2 2 2 2 2
left_child=13 2 3 4 5 -2 7 -5 -4 10 -10 -8 -6 14 17 16 -16 20 19 -19 -1 -15 -17 -24 25 26 -23 29 -29 -26
right_child=1 -3 8 6 12 -7 11 -9 9 -11 -12 -13 -14 21 15 22 -18 18 -20 -21 -22 24 23 -25 27 -27 -28 28 -30 -31
leaf_value=-5.3745785319872379e-05 0.0001140414389330854 -0.00052067892716436059 4.7028220556525569e-05 -0.0012844177665965008 -0.0019349383894564968 -0.0010858546620140135 2.7097342335442195e-05 0.00033724330562014441 0.0019045959258904021 0.00014589487706006963 0.00051325864749923245 0.0011804732784096684 -0.0002394731852146698 -2.8120286347839925e-05 -0.0013388704171345002 0.00020528264112715876 -0.00027733838458855942 -0.00020518580260158202 -2.0512402511168723e-05 -0.0014985033077335138 0.00072678598027066507 -0.00039341149273521638 -0.00043665549085911381 0.0015842756463045422 0.00058066514813884479 0.0009386644842893665 0.00051177559161136744 0.00028097444419589802 -0.0003070626333984256 -3.6562283761401386e-05
leaf_weight=301 563 182 246 44 52 58 78 277 101 144 186 181 46 17561 168 395 179 1362 11558 97 308 178 644 21 269 214 299 3407 771 6182
leaf_count=301 563 182 246 44 52 58 78 277 101 144 186 181 46 17561 168 395 179 1362 11558 97 308 178 644 21 269 214 299 3407 771 6182
internal_value=-1.90008e-06 0.000172822 0.000238446 0.000104914 -0.000161879 0 0.000440519 0.000102344 0.000489703 0.000734729 0.00101822 0.000846103 -0.00117987 -1.05583e-05 -6.02611e-05 -0.000313698 -0.00080227 -3.38504e-05 -5.14383e-05 -0.000294193 0.000336632 1.52102e-05 -0.000150327 -0.000366049 8.26913e-05 0.000411741 0.000167598 6.09806e-05 0.000171694 -1.02736e-05
internal_weight=46072 2158 1976 1299 719 621 580 321 677 431 287 259 98 43914 15033 1407 347 13626 13017 1459 609 28881 1060 665 11320 691 477 10629 4178 6451
internal_count=46072 2158 1976 1299 719 621 580 321 677 431 287 259 98 43914 15033 1407 347 13626 13017 1459 609 28881 1060 665 11320 691 477 10629 4178 6451
is_linear=0
shrinkage=0.03


Tree=173
num_leaves=31
num_cat=0
split_feature=10 70 45 23 56 47 65 70 14 28 11 51 64 65 1 40 57 69 69 57 28 8 10 3 70 69 63 69 68 11
split_gain=0.0511447 0.108789 0.13243 0.143407 0.0790961 0.0646407 0.0629256 0.0627574 0.0595907 0.0582911 0.051785 0.0508675 0.0662019 0.0483254 0.0529107 0.0457819 0.109286 0.105477 0.0882716 0.0717561 0.0707215 0.0629762 0.0454862 0.0415977 0.0330274 0.0732323 0.0507539 0.0409815 0.0493886 0.040548
threshold=0.40925833333333334 0.65837719692149965 0.053452248382484531 0.081122655193761981 66.050000000000026 0.62194307361139967 -0.0060833333333333911 -0.59815875725621348 -31.757478863231402 -8.9549616848149416 0.29896250000000002 8.2404345701402573 1010.5000000000001 0.046995833333333355 2.0500000000000003 2.7903571428571436 211.25000000000003 0.82876241254485883 -0.40542197401079733 279.05000000000007 -16.820577354818152 0.39086874999999999 0.076443749999999963 30.050000000000004 0.60503365783732044 0.50495637864894027 -174.28999999999996 -0.98801351631316325 1.5777641639200015 0.22843749999999999
decision_type=2 2 2 2 2 2 2 2 2 2 2 2 2 2 2 2 2 2 2 2 2 2 2 2 2 2 2 2 2 2
left_child=11 2 3 -2 5 -3 7 -4 -7 -5 -8 13 24 15 22 18 20 -18 19 -1 -17 -20 -15 -14 27 -26 -27 28 -13 -29
right_child=1 4 6 9 -6 8 10 -9 -10 -11 -12 12 23 14 -16 16 17 -19 21 -21 -22 -23 -24 -25 25 26 -28 29 -30 -31
leaf_value=0.00029353660542085337 -0.0020428254282609981 0.00023358227083967491 -0.0013441566651953118 0.0011381390445228468 0.00056297417629796727 -0.00010372940397688319 0.0021286301630764051 0.00063485355932346504 -0.002312438013988572 -0.00078568688141448162 0.00084125558001338504 -0.0010912296332413504 -0.0014567991640903305 -0.00023747310698741956 -7.449802197460576e-05 -5.39586151338767e-06 0.00018063338276598376 -0.00027437470729161799 -0.00034996564435132803 -0.00027010650473091065 -0.00010328620814104818 -0.0018582164856812192 0.00035973599600454693 0 0.00029432684502279791 0.0004852100864210921 -0.0005114405555222398 0.0001575519781516332 0.00021352384365236506 0.0005175812876810202
leaf_weight=451 32 21 20 37 38 20 38 45 36 20 199 42 36 125 577 27038 3955 513 744 366 8837 26 880 27 355 52 260 721 59 502
leaf_count=451 32 21 20 37 38 20 38 45 36 20 199 42 36 125 577 27038 3955 513 744 366 8837 26 880 27 355 52 260 721 59 502
internal_value=-1.84344e-06 0.000297705 0.000539746 -0.000451815 -0.000496929 -0.00105897 0.000842388 0 -0.0015919 0.00040948 0.00106835 -5.24216e-06 0.000140495 -1.21937e-05 0.000150313 -1.84e-05 -1.21006e-05 0.00012767 -0.000176541 3.73465e-05 -2.95948e-05 -0.000407129 0.000282312 -0.000801227 0.000172186 0 -0.000334728 0.000258856 -0.000305014 0.000308085
internal_weight=46072 506 391 89 115 77 302 65 56 57 237 45566 2054 43512 1582 41930 40343 4468 1587 817 35875 770 1005 63 1991 667 312 1324 101 1223
internal_count=46072 506 391 89 115 77 302 65 56 57 237 45566 2054 43512 1582 41930 40343 4468 1587 817 35875 770 1005 63 1991 667 312 1324 101 1223
is_linear=0
shrinkage=0.03


Tree=174
num_leaves=31
num_cat=0
split_feature=21 10 3 10 2 20 25 1 10 7 69 40 38 70 51 38 69 57 57 6 20 62 4 52 9 23 23 53 69 70
split_gain=0.0711495 0.0718893 0.061079 0.0783254 0.0759265 0.116247 0.0945717 0.0643162 0.0679705 0.08448 0.0631189 0.0596877 0.0908872 0.0981318 0.143714 0.101979 0.101477 0.206373 0.157562 0.0913241 0.0878012 0.112829 0.103331 0.149306 0.0986926 0.087729 0.0846631 0.0805864 0.0808307 0.068972
threshold=0.086065600290692545 0.36977083333333344 26.150000000000002 0.083472916666666605 5.9450000000000012 0.18951994047619045 13.715635295154543 28.300000000000001 0.29410416666666667 -60.891346448800924 -0.73831951690629072 5.097500000000001 3.999285714285715 0.16704543776228128 1.8898223650461328 4.9121428571428583 0.63874350706337069 34.650000000000013 31.649999999999999 -809.29079707786047 0.14863720238095238 -80.494999999999976 18.500000000000004 20.035714285714288 0.19398958333333335 0.024069398654927639 0.084486852739744947 9.0484046314047379 0.82876241254485883 0.92589048012183106
decision_type=2 2 2 2 2 2 2 2 2 2 2 2 2 2 2 2 2 2 2 2 2 2 2 2 2 2 2 2 2 2
left_child=11 2 7 10 6 -6 -5 8 -2 -10 -4 12 26 16 15 -15 18 -18 -14 -16 -13 22 23 -22 -24 -23 27 28 -1 -27
right_child=1 -3 3 4 5 -7 -8 -9 9 -11 -12 20 13 14 19 -17 17 -19 -20 -21 21 25 24 -25 -26 29 -28 -29 -30 -31
leaf_value=-9.2636797973998184e-06 -7.6331373493940702e-05 0.00069774130831860262 -0.0012606084368750453 0.00082628391525835134 0.00043978065812297449 -0.00038569444851928802 -4.9347131989339387e-05 0.0014066424183547495 -0.0019127598835458589 0.0001285763356967696 0 -2.2996917697010141e-05 0.00040419138503037681 -0.0004073762371416095 0.00044566544625351156 0.00029404925901538011 -0.00030330568234926522 0.00044897696461476 -3.1881777411177366e-05 1.1314440055670748e-05 -0.00035442544023515943 8.7050117253774685e-05 -0.00060622815439750541 -0.0030078107352767671 0.00015557934282515795 -0.00063973168030318276 -0.00067423540259921246 0.00030957891787318823 -0.00022197089547342422 0.00021098247901148474
leaf_weight=14953 530 208 49 384 358 265 147 22 42 27 126 12569 969 1094 527 219 391 1900 3184 2583 290 227 173 20 1229 870 179 642 1806 89
leaf_count=14953 530 208 49 384 358 265 147 22 42 27 126 12569 969 1094 527 219 391 1900 3184 2583 290 227 173 20 1229 870 179 642 1806 89
internal_value=-1.7915e-06 0.000166265 0.000107707 0.000223282 0.000314374 8.37925e-05 0.000578601 -0.000134771 -0.000198634 -0.00108069 -0.000358736 -1.01219e-05 1.55849e-05 8.38511e-05 -2.43757e-05 -0.000287965 0.000158593 0.000319201 6.92157e-05 8.60006e-05 -5.7594e-05 -0.000206552 -4.86999e-05 -0.000544379 5.90726e-05 -0.000431652 -2.64452e-05 -1.95708e-05 -3.23765e-05 -0.000557519
internal_weight=46072 2158 1950 1329 1154 623 531 621 599 69 175 43914 28447 10867 4423 1313 6444 2291 4153 3110 15467 2898 1712 310 1402 1186 17580 17401 16759 959
internal_count=46072 2158 1950 1329 1154 623 531 621 599 69 175 43914 28447 10867 4423 1313 6444 2291 4153 3110 15467 2898 1712 310 1402 1186 17580 17401 16759 959
is_linear=0
shrinkage=0.03


Tree=175
num_leaves=31
num_cat=0
split_feature=1 20 53 43 23 69 47 63 12 69 3 64 7 21 11 12 12 69 57 40 44 7 20 7 3 70 44 57 3 40
split_gain=0.0503905 0.0699898 0.136193 0.0504717 0.048996 0.205299 0.0656509 0.0612717 0.0424139 0.0402133 0.16866 0.271189 0.244781 0.18608 0.132499 0.0969732 0.0954956 0.0702238 0.164468 0.14441 0.140134 0.120265 0.113592 0.104922 0.0315337 0.0315069 0.0419334 0.0138671 0.0134564 0.0122031
threshold=32.95000000000001 0.35106607142857149 1.6104057232268416 0.057735026918980893 0.11592003539765373 -0.69016699705532225 0.24862257904948129 -151.95499999999996 0.31443750000000004 -0.86095304316285726 25.550000000000004 68.500000000000014 -246.53119468477968 0.009779668011498285 0.25460416666666669 0.36339583333333336 0.32839583333333339 -0.43664718845046341 126.15000000000002 3.0203571428571432 22.150000000000002 -6.3214302851109041 0.39133690476190486 -865.93574230993011 28.250000000000004 -0.70250145193066593 24.650000000000002 498.75000000000006 24.550000000000004 3.4792857142857145
decision_type=2 2 2 2 2 2 2 2 2 2 2 2 2 2 2 2 2 2 2 2 2 2 2 2 2 2 2 2 2 2
left_child=4 2 27 -3 9 6 7 -6 24 10 11 12 -1 16 -15 -13 -12 18 21 22 -20 -11 -19 -21 -7 -4 -27 -2 -28 -5
right_child=1 3 25 29 5 8 -8 -9 -10 17 13 15 -14 14 -16 -17 -18 19 20 23 -22 -23 -24 -25 -26 26 28 -29 -30 -31
leaf_value=0.00071419709306608551 0.0025390143823520888 -0.001451679093763232 0.00093574784764205096 0.00053585367416962982 0.001339405279353504 0.00070996060672104768 0.0024060876727055171 -0.00054673041030764587 -0.0015472983604762703 0 -0.00010348874634014318 0.0013102383863685342 -8.374911043076787e-05 -0.00032444605854359038 -0.0010463289732162654 -3.5222618477576867e-05 0.0010487870916223792 -0.00022813685347121925 0.0006322871412796472 -5.4912468428571552e-05 0.00014213699362849834 -0.0019054589528590441 -0.0014729819854800423 5.8957644629909685e-05 -0.00082016258865594868 0.00050008421267079225 -0.0011146296142703956 0.001163646347499613 -9.5152284996584058e-05 -0.00035544577650060608
leaf_weight=379 28 25 39 31 45 22 37 20 29 4904 1704 197 3852 731 347 58 66 1624 740 14201 1889 29 69 14940 24 63 26 28 34 20
leaf_count=379 28 25 39 31 45 22 37 20 29 4904 1704 197 3852 731 347 58 66 1624 740 14201 1889 29 69 14940 24 63 26 28 34 20
internal_value=3.88231e-08 0.000390937 0.000668434 -0.000364425 -2.4077e-06 0.000494206 0.00137439 0.000714111 -0.000665709 -4.40623e-06 -6.88123e-05 4.52549e-05 -1.14108e-05 -0.00024949 -0.000560349 0.000993551 -5.82606e-05 7.81927e-06 8.97856e-05 -1.21878e-05 0.000281431 -1.17785e-05 -0.000281482 3.36351e-06 -2.49994e-05 0.000202515 -1.14511e-05 0.00193644 -0.000597137 0.000128518
internal_weight=46201 294 218 76 45907 177 102 65 75 45730 7334 4486 4231 2848 1078 255 1770 38396 7562 30834 2629 4933 1693 29141 46 162 123 56 60 51
internal_count=46201 294 218 76 45907 177 102 65 75 45730 7334 4486 4231 2848 1078 255 1770 38396 7562 30834 2629 4933 1693 29141 46 162 123 56 60 51
is_linear=0
shrinkage=0.03


Tree=176
num_leaves=31
num_cat=0
split_feature=1 20 53 43 21 0 25 35 45 66 2 47 12 22 42 1 21 69 46 20 41 22 38 35 0 7 64 42 19 69
split_gain=0.0474807 0.0661159 0.128648 0.0475719 0.0404775 0.133099 0.10745 0.100104 0.0976577 0.0852629 0.0958882 0.126776 0.0824742 0.134442 0.0945649 0.0682006 0.0667469 0.133917 0.180145 0.136288 0.127255 0.098111 0.0950357 0.0920465 0.0863505 0.160903 0.170502 0.121438 0.0873863 0.0655279
threshold=32.95000000000001 0.35106607142857149 1.6104057232268416 0.057735026918980893 0.035340617708603375 92.500000000000014 0.45815709518620867 3.866750343289155 0.48107023544236321 -0.094791666666666635 3.7550000000000003 2.5353685765647681e-07 0.19596875000000005 0.17629840191511387 26.783333333333339 10.050000000000002 0.011947829093037135 -0.86095304316285726 23.703571428571433 0.30651309523809528 0.73900605210455173 0.21261011904761906 3.6128571428571434 12.689089394893989 15.000000000000002 -1500.0000000000002 179.50000000000003 23.516666666666669 0.0091173230009528386 -0.55601228778889811
decision_type=2 2 2 2 2 2 2 2 2 2 2 2 2 2 2 2 2 2 2 2 2 2 2 2 2 2 2 2 2 2
left_child=4 2 -2 -3 16 9 8 -8 15 12 -11 -12 13 -6 -14 -7 24 18 23 20 -19 -20 -21 -18 25 27 -27 -1 29 -26
right_child=1 3 -4 -5 5 6 7 -9 -10 10 11 -13 14 -15 -16 -17 17 19 21 22 -22 -23 -24 -25 28 26 -28 -29 -30 -31
leaf_value=-0.0014138141720193543 0.0018818759073160195 -0.0014098037502800042 0.00019592918637651444 0.00012303614680870219 6.689639742794299e-05 -0.00064283340901498116 -0.00012887237223841453 0.0013924846782587294 -0.0024772380746614473 -4.2922595424205024e-05 -0.0001542093338524386 0.00032086774112494062 -0.00012265038967939788 -0.00075232976269022406 0.00039553893363302058 0.00094253389120101919 4.7314860507148252e-05 -1.8978774181898429e-05 -0.00021600451474259837 -0.00027236001926994423 -0.00032493411499425991 -0.00075654812890596664 0.00040568162082310985 0.0015500516152668108 5.137982382753606e-05 0.00022814103805039292 -0.00046661164524146662 -0.00016225954157422738 0.00023283345739732474 -6.6639674520614558e-05
leaf_weight=80 56 25 162 51 367 335 406 42 25 1417 592 3158 817 342 512 24 401 6587 588 226 1509 669 934 40 5983 4429 339 578 1187 14320
leaf_count=80 56 25 162 51 367 335 406 42 25 1417 592 3158 817 342 512 24 401 6587 588 226 1509 669 934 40 5983 4429 339 578 1187 14320
internal_value=3.30477e-08 0.000379479 0.000649331 -0.000353987 -2.33989e-06 5.87275e-05 -0.000299413 9.85698e-06 -0.000667109 0.000100536 0.000165501 0.000245048 -6.27012e-05 -0.000324551 7.48748e-05 -0.000526191 -1.53804e-05 -7.784e-05 -0.000322861 -3.25371e-05 -7.64089e-05 -0.00050645 0.000270876 0.000193603 9.92926e-06 0.000116925 0.000178028 -0.000320891 -1.69505e-05 -3.17125e-05
internal_weight=46201 294 218 76 45907 8037 832 448 384 7205 5167 3750 2038 709 1329 359 37870 10954 1698 9256 8096 1257 1160 441 26916 5426 4768 658 21490 20303
internal_count=46201 294 218 76 45907 8037 832 448 384 7205 5167 3750 2038 709 1329 359 37870 10954 1698 9256 8096 1257 1160 441 26916 5426 4768 658 21490 20303
is_linear=0
shrinkage=0.03


Tree=177
num_leaves=31
num_cat=0
split_feature=23 69 19 12 22 32 12 70 70 21 32 18 40 63 6 50 73 6 49 24 18 51 61 19 73 53 35 69 6 31
split_gain=0.044879 0.193714 0.0418952 0.0400651 0.047447 0.0391184 0.126609 0.0911415 0.165859 0.120564 0.0802371 0.0760808 0.0599283 0.0525554 0.0852826 0.104623 0.103754 0.121791 0.10265 0.0814902 0.137496 0.0791144 0.109518 0.105603 0.0752641 0.0647331 0.0513811 0.0268756 0.016744 0.0144996
threshold=0.11592003539765373 -0.69016699705532225 0.00036084391824357554 0.31443750000000004 0.26091696428571431 5.5071428571428589 0.41468750000000004 -0.97502841500522164 -0.69014782361074123 0.016731776342390946 11.807142857142862 0.34224305555555562 2.6721428571428576 -14.52 -536.32893133125651 64.071428571428584 0.26713911908279991 -795.09228650033606 0.5773502691896284 -45.415743027348704 0.41045396825396846 1.8644544714718656 -37.214999999999989 0.086085330762294882 -0.31155312454881473 3.2310308632943117 8.0080196730919404 0.047320950113892181 -825.22522847783569 0.28867513459481287
decision_type=2 2 2 2 2 2 2 2 2 2 2 2 2 2 2 2 2 2 2 2 2 2 2 2 2 2 2 2 2 2
left_child=5 2 28 4 -3 13 7 12 11 -10 -8 -9 27 19 16 29 17 -15 -18 21 25 22 -1 -23 -17 -21 -14 -7 -2 -16
right_child=1 3 -4 -5 -6 6 10 8 9 -11 -12 -13 26 14 15 24 18 -19 -20 20 -22 23 -24 -25 -26 -27 -28 -29 -30 -31
leaf_value=-1.7548619156283944e-05 0 -0.0009518592479782035 0.0019256519340698349 -0.0015075873920344747 0.00093362589966140646 -0.0012740124313884214 0.0015945968054622026 0.00035739287991138052 7.9948559497021197e-05 -0.00021229241123606529 -0.00020916130287306647 -8.2147344159804548e-05 -8.435094925962955e-05 -0.00029802158548489509 0.00047857689152338678 -0.00047782368149950922 -0.0012468065495057474 0.00060295967790944421 2.4579615628392495e-05 0.00018771540479825145 -0.0016091228892494524 3.0074644608492439e-05 -0.00020797388119462291 0.00067598064641785269 -0.00010338067749347864 -6.1408753926187436e-06 -0.0010705027669475663 -9.4003655827691539e-05 0.0012201311487172331 0.0018918170839315278
leaf_weight=10484 28 25 54 29 21 69 76 2011 3917 1877 27 417 723 176 20 530 75 525 213 3797 41 8274 3689 234 6174 2570 51 31 20 23
leaf_count=10484 28 25 54 29 21 69 76 2011 3917 1877 27 417 723 176 20 530 75 525 213 3797 41 8274 3689 234 6174 2570 51 31 20 23
internal_value=2.32292e-08 0.000475525 0.00133087 -0.000650476 -2.57143e-05 -1.75057e-06 5.351e-05 4.12625e-05 7.25149e-05 -1.42272e-05 0.00109546 0.000280666 -0.000249057 -1.56374e-05 -8.51411e-05 -0.00012354 0.000173646 0.000372375 -0.000299298 2.74575e-06 9.72963e-05 -2.38382e-05 -6.7336e-05 4.82693e-05 -0.000133497 0.000109007 -0.000154498 -0.000942465 0.000574873 0.00132849
internal_weight=46201 177 102 75 46 46024 9199 9096 8222 5794 103 2428 874 36825 7736 6747 989 701 288 29089 6408 22681 14173 8508 6704 6367 774 100 48 43
internal_count=46201 177 102 75 46 46024 9199 9096 8222 5794 103 2428 874 36825 7736 6747 989 701 288 29089 6408 22681 14173 8508 6704 6367 774 100 48 43
is_linear=0
shrinkage=0.03


Tree=178
num_leaves=31
num_cat=0
split_feature=1 23 70 23 69 47 12 22 46 69 3 64 7 21 64 12 11 11 7 69 12 57 69 35 12 72 51 26 68 54
split_gain=0.0441374 0.0627058 0.0500775 0.0428167 0.18295 0.0615768 0.0377753 0.0447627 0.036999 0.036383 0.156705 0.253426 0.228401 0.168266 0.127709 0.0911308 0.0907681 0.0665157 0.11002 0.316991 0.102566 0.0656206 0.141129 0.0629773 0.033421 0.0265796 0.0253677 0.0233542 0.0154775 0.014914
threshold=32.95000000000001 0.035090827631297096 -0.8520459593969173 0.11592003539765373 -0.69016699705532225 0.046880723093854514 0.31443750000000004 0.26091696428571431 26.053571428571434 -0.86095304316285726 25.550000000000004 68.500000000000014 -246.53119468477968 0.009779668011498285 424.50000000000006 0.36339583333333336 0.27489583333333339 0.24997916666666667 -1499.999999999997 -0.37371625404731884 0.083229166666666674 429.05000000000001 0.59125596962661842 1.0000000180025095e-35 0.1740142857142857 -0.075101134353041651 3.338091841585118 -10.398285042268343 -0.18870106970283504 107.90000000000001
decision_type=2 2 2 2 2 2 2 2 2 2 2 2 2 2 2 2 2 2 2 2 2 2 2 2 2 2 2 2 2 2
left_child=3 2 -2 9 5 -5 7 -6 -7 10 11 12 -1 16 -15 -13 -12 21 19 -19 -20 23 -23 -11 -3 27 -27 -4 -28 -26
right_child=1 24 25 4 6 8 -8 -9 -10 17 13 15 -14 14 -16 -17 -18 18 20 -21 -22 22 -24 -25 29 26 28 -29 -30 -31
leaf_value=0.00069065960005850922 0.0012912272055012482 0 -0.00013390045883716084 0.00012066852365216403 -0.00092440177786808748 0.00063014578141272069 -0.0014638673685025423 0.0009068902162782086 0.0023341659602364928 -7.6404921673231234e-05 -0.00011546694446081077 0.0012682655834862751 -8.0131218155810727e-05 -0.00044018593399595919 -0.0017270601072784078 -3.4597391246865358e-05 0.00075780559618540699 0.00088833044791128489 -0.001835324920946732 -0.00032314642690329089 0.00012132232077008144 7.5169944101979559e-06 -0.0016216079749477405 1.9284650590530519e-05 0.0018239509268448903 -0.00086031433034580772 -0.0004635819237975573 0.00092595209761389653 0.00041872062756626222 0.00058082364007830617
leaf_weight=379 26 20 31 33 25 24 29 21 45 9237 1657 197 3852 1002 76 58 113 224 23 1395 8627 132 71 18687 38 51 32 34 38 24
leaf_count=379 26 20 31 33 25 24 29 21 45 9237 1657 197 3852 1002 76 58 113 224 23 1395 8627 132 71 18687 38 51 32 34 38 24
internal_value=1.48029e-08 0.000365861 7.64422e-05 -2.27074e-06 0.000461961 0.00129348 -0.000631564 -2.30396e-05 0.00180179 -4.14323e-06 -6.54075e-05 4.45243e-05 -1.02304e-05 -0.000239573 -0.000535209 0.000961232 -5.76253e-05 7.48209e-06 7.28805e-05 -0.000153233 0.000115561 -1.62896e-05 -0.000552726 -1.22627e-05 0.00106803 -8.33205e-05 -0.000358233 0.000380659 0 0.00140722
internal_weight=46201 294 212 45907 177 102 75 46 69 45730 7334 4486 4231 2848 1078 255 1770 38396 10269 1619 8650 28127 203 27924 82 186 121 65 70 62
internal_count=46201 294 212 45907 177 102 75 46 69 45730 7334 4486 4231 2848 1078 255 1770 38396 10269 1619 8650 28127 203 27924 82 186 121 65 70 62
is_linear=0
shrinkage=0.03


Tree=179
num_leaves=31
num_cat=0
split_feature=21 0 25 66 11 73 21 42 35 70 73 57 10 69 28 20 1 70 50 64 21 69 20 40 46 46 11 69 0 7
split_gain=0.0427518 0.132069 0.100696 0.0871958 0.0891042 0.100322 0.0960953 0.128141 0.0839899 0.0804223 0.136031 0.0693608 0.083804 0.0678873 0.0630568 0.0626832 0.0597262 0.0827223 0.110733 0.0609112 0.0581722 0.146017 0.172079 0.165287 0.133812 0.105883 0.0972998 0.0911137 0.0874681 0.128551
threshold=0.035340617708603375 92.500000000000014 0.45815709518620867 -0.094791666666666635 0.41512916666666666 -1.0000000180025095e-35 0.073399733547207371 24.016666666666669 3.866750343289155 0.99164058729498161 -24.005435176887712 93.450000000000017 0.15814583333333332 -0.70252096857941215 -10.783203292883575 0.35726726190476193 10.050000000000002 0.64532420896511999 32.071428571428577 310.50000000000006 0.015787709591123703 -0.86095304316285726 0.30651309523809528 5.5189285714285718 17.725000000000005 23.63214285714286 0.33670833333333333 -0.9852109833579612 15.000000000000002 -497.88895243066105
decision_type=2 2 2 2 2 2 2 2 2 2 2 2 2 2 2 2 2 2 2 2 2 2 2 2 2 2 2 2 2 2
left_child=20 3 16 9 6 -6 13 -8 11 10 -2 12 -4 -5 -10 -12 17 19 -19 -3 28 23 24 25 -23 27 -26 -22 29 -1
right_child=1 2 8 4 5 -7 7 -9 14 -11 15 -13 -14 -15 -16 -17 -18 18 -20 -21 21 22 -24 -25 26 -27 -28 -29 -30 -31
leaf_value=-0.00010210378800253002 -0.0022429423932559217 -0.00086207341592896237 -0.00021170294477009403 -0.00016035144158510213 -0.0017234683648702945 0.00031559206968223726 -0.00037983015445310487 0.00049192182978465481 0.0023936973667957567 0.0015599825508478612 -1.9905973368258851e-05 -0.00082291905310156999 0.00087765806020086688 0.00016566456837264863 7.6853362843394203e-06 -0.00091812677672515578 0.00063539845363370007 -0.000682432602185549 0.0013534356179263662 -0.0023992722626775503 -0.00058892751231734799 0.00071884677317935266 0.00035952237975678372 -0.0026510288804962199 -0.00010280117735594918 -0.00051755385287936037 -0.0014934206538955155 0.00050299110568249915 -2.0913718910512939e-05 0.00018944355487296132
leaf_weight=1917 25 216 222 704 46 36 167 1306 21 26 1919 97 87 2953 23 72 27 80 33 29 101 177 877 28 5884 809 45 204 23467 4603
leaf_count=1917 25 216 222 704 46 36 167 1306 21 26 1919 97 87 2953 23 72 27 80 33 29 101 177 877 28 5884 809 45 204 23467 4603
internal_value=1.80457e-08 6.2719e-05 -0.000293413 0.000104161 0.000169409 -0.00079911 0.000185628 0.000390862 4.93099e-06 -6.09103e-05 -8.40651e-05 -0.000124378 8.71747e-05 0.000102057 0.00124102 -5.43387e-05 -0.000649008 -0.000755734 -5.49143e-05 -0.00106524 -1.32124e-05 -8.44355e-05 -3.25124e-05 -0.000398999 -8.9361e-05 -0.000337378 -0.000114112 0.000130858 5.98773e-06 0.000103261
internal_weight=46201 8089 835 7254 5212 82 5130 1473 450 2042 2016 406 309 3657 44 1991 385 358 113 245 38112 8125 6983 1142 6106 1114 5929 305 29987 6520
internal_count=46201 8089 835 7254 5212 82 5130 1473 450 2042 2016 406 309 3657 44 1991 385 358 113 245 38112 8125 6983 1142 6106 1114 5929 305 29987 6520
is_linear=0
shrinkage=0.03


end of trees

feature_importances:
day_of_year_sin=396
day_of_year_cos=382
physics_prior_deep=358
soil_moisture_roll14d_mean=329
temperature_2m_roll14d_mean=233
relative_humidity_2m_roll14d_std=220
soil_moisture_roll14d_std=194
depth_cm=189
soil_moisture_lag14d=171
soil_moisture_lag7d=142
soil_moisture_roll7d_std=139
soil_moisture_lag3d=135
temperature_2m_roll7d_mean=128
temperature_2m_roll14d_std=117
p_minus_et_cum30d=105
physics_prior_root=97
physics_prior_surface_lag14d=89
relative_humidity_2m_roll14d_mean=86
soil_moisture_roll7d_mean=82
soil_moisture_trend7d=82
precipitation_mm_roll14d_std=79
days_since_rain_5mm=79
soil_moisture_roll3d_std=78
et0_mm_roll14d_std=78
soil_moisture_diff1d=78
et0_mm_roll14d_mean=77
soil_moisture_lag1d=70
soil_moisture_roll3d_mean=69
physics_prior_surface_roll14d_mean=68
precip_cum30d=68
et0_mm_roll7d_std=66
physics_residual_roll30d=63
relative_humidity_2m_roll7d_std=57
temperature_2m_roll3d_mean=54
physics_prior_surface_roll14d_std=51
physics_prior_surface_roll3d_mean=45
temperature_2m=44
soil_moisture_lag2d=41
physics_prior_surface_roll7d_mean=38
physics_prior_surface_lag7d=35
relative_humidity_2m_roll7d_mean=35
et0_mm=31
physics_prior_surface=27
p_minus_et_cum14d=24
relative_humidity_2m=23
et0_mm_roll7d_mean=21
temperature_2m_roll7d_std=21
physics_residual_roll14d=21
temperature_2m_roll3d_std=20
precipitation_mm_roll7d_std=18
et0_mm_roll3d_mean=18
precipitation_mm=17
et0_mm_roll3d_std=17
et0_cum14d=16
physics_prior_surface_lag1d=15
physics_prior_surface_roll7d_std=15
relative_humidity_2m_roll3d_mean=15
relative_humidity_2m_roll3d_std=15
physics_prior_surface_roll3d_std=14
physics_prior_surface_lag2d=12
physics_prior_surface_trend7d=11
physics_prior_surface_lag3d=10
precipitation_mm_roll3d_std=10
precipitation_mm_roll14d_mean=10
et0_cum3d=10
et0_cum7d=10
precipitation_mm_roll7d_mean=9
p_minus_et_cum7d=8
precipitation_mm_roll3d_mean=5
precip_cum14d=4
precip_cum7d=3
precip_cum3d=1
physics_prior_surface_diff1d=1
physics_residual_roll7d=1

parameters:
[boosting: gbdt]
[objective: regression]
[metric: rmse]
[tree_learner: serial]
[device_type: cpu]
[data_sample_strategy: bagging]
[data: ]
[valid: ]
[num_iterations: 1000]
[learning_rate: 0.03]
[num_leaves: 31]
[num_threads: 0]
[seed: 42]
[deterministic: 0]
[force_col_wise: 0]
[force_row_wise: 0]
[histogram_pool_size: -1]
[max_depth: 6]
[min_data_in_leaf: 20]
[min_sum_hessian_in_leaf: 0.001]
[bagging_fraction: 0.8]
[pos_bagging_fraction: 1]
[neg_bagging_fraction: 1]
[bagging_freq: 5]
[bagging_seed: 400]
[bagging_by_query: 0]
[feature_fraction: 0.8]
[feature_fraction_bynode: 1]
[feature_fraction_seed: 30056]
[extra_trees: 0]
[extra_seed: 12879]
[early_stopping_round: 0]
[early_stopping_min_delta: 0]
[first_metric_only: 0]
[max_delta_step: 0]
[lambda_l1: 0.1]
[lambda_l2: 1]
[linear_lambda: 0]
[min_gain_to_split: 0]
[drop_rate: 0.1]
[max_drop: 50]
[skip_drop: 0.5]
[xgboost_dart_mode: 0]
[uniform_drop: 0]
[drop_seed: 17869]
[top_rate: 0.2]
[other_rate: 0.1]
[min_data_per_group: 100]
[max_cat_threshold: 32]
[cat_l2: 10]
[cat_smooth: 10]
[max_cat_to_onehot: 4]
[top_k: 20]
[monotone_constraints: ]
[monotone_constraints_method: basic]
[monotone_penalty: 0]
[feature_contri: ]
[forcedsplits_filename: ]
[refit_decay_rate: 0.9]
[cegb_tradeoff: 1]
[cegb_penalty_split: 0]
[cegb_penalty_feature_lazy: ]
[cegb_penalty_feature_coupled: ]
[path_smooth: 0]
[interaction_constraints: ]
[verbosity: -1]
[saved_feature_importance_type: 0]
[use_quantized_grad: 0]
[num_grad_quant_bins: 4]
[quant_train_renew_leaf: 0]
[stochastic_rounding: 1]
[linear_tree: 0]
[max_bin: 255]
[max_bin_by_feature: ]
[min_data_in_bin: 3]
[bin_construct_sample_cnt: 200000]
[data_random_seed: 175]
[is_enable_sparse: 1]
[enable_bundle: 1]
[use_missing: 1]
[zero_as_missing: 0]
[feature_pre_filter: 1]
[pre_partition: 0]
[two_round: 0]
[header: 0]
[label_column: ]
[weight_column: ]
[group_column: ]
[ignore_column: ]
[categorical_feature: ]
[forcedbins_filename: ]
[precise_float_parser: 0]
[parser_config_file: ]
[objective_seed: 16083]
[num_class: 1]
[is_unbalance: 0]
[scale_pos_weight: 1]
[sigmoid: 1]
[boost_from_average: 1]
[reg_sqrt: 0]
[alpha: 0.9]
[fair_c: 1]
[poisson_max_delta_step: 0.7]
[tweedie_variance_power: 1.5]
[lambdarank_truncation_level: 30]
[lambdarank_norm: 1]
[label_gain: ]
[lambdarank_position_bias_regularization: 0]
[eval_at: ]
[multi_error_top_k: 1]
[auc_mu_weights: ]
[num_machines: 1]
[local_listen_port: 12400]
[time_out: 120]
[machine_list_filename: ]
[machines: ]
[gpu_platform_id: -1]
[gpu_device_id: -1]
[gpu_use_dp: 0]
[num_gpu: 1]

end of parameters

pandas_categorical:null
