tree
version=v4
num_class=1
num_tree_per_iteration=1
label_index=0
max_feature_idx=73
objective=regression
feature_names=depth_cm precipitation_mm et0_mm temperature_2m relative_humidity_2m physics_prior_surface physics_prior_root physics_prior_deep soil_moisture_lag1d soil_moisture_lag2d soil_moisture_lag3d soil_moisture_lag7d soil_moisture_lag14d physics_prior_surface_lag1d physics_prior_surface_lag2d physics_prior_surface_lag3d physics_prior_surface_lag7d physics_prior_surface_lag14d soil_moisture_roll3d_mean soil_moisture_roll3d_std soil_moisture_roll7d_mean soil_moisture_roll7d_std soil_moisture_roll14d_mean soil_moisture_roll14d_std physics_prior_surface_roll3d_mean physics_prior_surface_roll3d_std physics_prior_surface_roll7d_mean physics_prior_surface_roll7d_std physics_prior_surface_roll14d_mean physics_prior_surface_roll14d_std precipitation_mm_roll3d_mean precipitation_mm_roll3d_std precipitation_mm_roll7d_mean precipitation_mm_roll7d_std precipitation_mm_roll14d_mean precipitation_mm_roll14d_std et0_mm_roll3d_mean et0_mm_roll3d_std et0_mm_roll7d_mean et0_mm_roll7d_std et0_mm_roll14d_mean et0_mm_roll14d_std temperature_2m_roll3d_mean temperature_2m_roll3d_std temperature_2m_roll7d_mean temperature_2m_roll7d_std temperature_2m_roll14d_mean temperature_2m_roll14d_std relative_humidity_2m_roll3d_mean relative_humidity_2m_roll3d_std relative_humidity_2m_roll7d_mean relative_humidity_2m_roll7d_std relative_humidity_2m_roll14d_mean relative_humidity_2m_roll14d_std precip_cum3d precip_cum7d precip_cum14d precip_cum30d et0_cum3d et0_cum7d et0_cum14d p_minus_et_cum7d p_minus_et_cum14d p_minus_et_cum30d days_since_rain_5mm soil_moisture_diff1d soil_moisture_trend7d physics_prior_surface_diff1d physics_prior_surface_trend7d day_of_year_sin day_of_year_cos physics_residual_roll7d physics_residual_roll14d physics_residual_roll30d
feature_infos=[10:115] [0:212.40000000000001] [0.67000000000000004:11.34] [11:35.799999999999997] [5:99] [-3941.5933229491234:-1.1397690798415825] [-10066.228919641972:-1.4931088642235635] [-64402.268217838384:-1.397803698761255] [0.0144166666666666:0.45273913043478259] [0.0144166666666666:0.45273913043478259] [0.014125:0.45273913043478259] [0.0140416666666666:0.45273913043478259] [0.012999999999999999:0.45273913043478259] [-3941.5933229491234:-1.1397690798415825] [-3941.5933229491234:-1.1397690798415825] [-3941.5933229491234:-1.1397690798415825] [-3941.5933229491234:-1.1397690798415825] [-3941.5933229491234:-1.1397690798415825] [0.0144305555555555:0.45239915458937191] [0:0.18129039015166412] [0.014315476190476144:0.45000549450549449] [0:0.16784228709801879] [0.014181547619047569:0.44610949328449329] [0:0.14306250299464152] [-3798.8026760634639:-1.3678929776421638] [0:1290.2385601817066] [-3470.4227322957563:-1.6546612288896159] [0:1241.2998738807532] [-3138.88297015335:-1.8307967686808999] [0:1329.7749372696267] [0:118.60000000000001] [0:121.12874693206949] [0:55.328571428571429] [0:80.493327141358222] [0:42.700000000000003] [0:60.416585398454878] [0.77000000000000002:11.34] [0:2.6789052490398633] [1.3200000000000001:11.34] [0:2.4801843249472983] [1.3200000000000001:11.34] [0:2.4075777805152558] [11.433333333333332:35.233333333333327] [0:3.4698703145795009] [11.657142857142857:35.200000000000003] [0:2.8329691642716996] [11.85:35.200000000000003] [0:2.7500349648126856] [5:99] [0:23.713568549109883] [5:96.428571428571431] [0:22.405356502408168] [5:95] [0:19.837249898019731] [0:355.80000000000001] [0:387.30000000000001] [0:597.80000000000007] [0:1087.5] [2.3100000000000001:34.019999999999996] [9.2400000000000002:79.379999999999995] [18.48:158.75999999999999] [-79.379999999999995:371.54000000000002] [-158.75999999999999:571.62000000000012] [-323.81999999999999:1026.3500000000001] [0:4480] [-0.3140041666666667:0.26150000000000001] [-0.31514722222222219:0.30962499999999998] [-1466.9749365210412:2046.7761693851485] [-1461.4934961298754:2930.863034261236] [-0.99999073973619013:0.99999073973619013] [-0.99996295911626554:1] [-208.78478516141078:418.69471918017689] [-121.51534162590974:255.96324986283093] [-96.399690701327017:119.04601992441462]
tree_sizes=2974 3021 3025 3040 3019 3037 3049 3042 3028 3040 3042 3072 3028 3057 3067 3065 3059 3057 3052 3050 3060 3032 3030 3043 3069 3054 3037 3071 3062 3064 3038 3051 3032 3059 3013 3070 3056 3049 3076 3092 3069 3061 3063 3085 3075 3082 3055 3068 3061 3074 3062 3079 3077 3042 3066 3082 3076 3094 3097 3078 3084 3060 3067 3085 3062 3082 3068 3080 3085 3088 3069 3107 3039 3073 3081 3074 3065 3087 3090 3113 3085 3059 3089 3092 3080 3044 3079 3044 3078 3075 3085 3045 3083 3041 3074 3081 3074 3096 3069 3093 3027 3063 3073 3064 3062 3059 3077 3108 3022 3068 3082 3094 3102 3107 3068 3048 3097 3098 3065 3098 3074 3079 3120 3092 3091 3109 3067 3061 3081 3070 3046 3055 3080 3020 3046 3058 3064 3113 3074 3096 3073 3029 3088 3095 3014 3094 3091 3085 3103 3063 3047 3099 3113 3095 3044 3028 3095 3060 3093 3087 3010 3057 3007 3058 3072 3046 3104 3047 3035 3057 3077 3070 3057 3059 3092 3027 3028 2980 3084 3092 3070 3079 3038 3039 3086 3041 2973 2979 2999 3006 3025 2974 2985 2951 2964 3005 2982 3017 3088 3072 3026 3048 3043 3041 3020 3070 3007 2940 3056 2954 3063 3026 3036

Tree=0
num_leaves=31
num_cat=0
split_feature=20 20 12 12 9 12 12 20 20 18 0 63 46 18 12 64 70 12 44 69 72 64 18 64 72 21 64 8 69 64
split_gain=300.64 69.85 30.5504 11.3948 6.50681 4.83967 4.78784 4.05772 3.55693 3.27712 2.57806 2.39041 1.87863 1.60034 1.55107 1.34875 1.26222 1.25674 0.996059 0.876098 0.73032 0.72192 0.686915 0.632808 0.627066 0.619506 0.607087 0.459033 0.456997 0.690396
threshold=0.15085416666666665 0.28169644151138723 0.074477083333333319 0.20066666666666669 0.37232291666666667 0.19025 0.35127916666666664 0.057301785714285722 0.10817708333333333 0.23313888888888887 57.500000000000007 -110.39499999999998 21.146428571428576 0.19800694444444447 0.31840181159420294 52.500000000000007 0.61864848712698517 0.27993750000000001 22.221428571428579 0.098819223632317002 -0.1795714772383423 729.50000000000011 0.31017222222222235 12.500000000000002 0.019792851079979638 0.038061704733439193 504.50000000000006 0.18883125000000003 -0.80392051724781066 514.50000000000011
decision_type=2 2 2 2 2 2 2 2 2 2 2 2 2 2 2 2 2 2 2 2 2 2 2 2 2 2 2 2 2 2
left_child=2 3 7 10 11 8 9 -1 26 18 13 28 -6 -2 22 -12 -8 19 -5 -7 -16 23 -13 -9 27 -17 -4 -10 29 -3
right_child=1 4 5 6 12 17 16 21 24 -11 15 14 -14 -15 20 25 -18 -19 -20 -21 -22 -23 -24 -25 -26 -27 -28 -29 -30 -31
leaf_value=-0.072845655516822871 -0.068874875961821805 -0.066774421555138394 -0.071406962180750974 -0.067322075457181288 -0.062810553594311064 -0.070230855973226827 -0.064154569813995047 -0.070980877518391966 -0.070313791127766881 -0.066879059513951816 -0.068964446223106032 -0.065985000059870486 -0.064408226286588419 -0.067784783768989387 -0.065196930493563787 -0.070854440716960607 -0.067610913435149786 -0.066097182861781248 -0.068185682811929257 -0.068475374095729902 -0.064170175689921685 -0.069419362765187523 -0.065024234971984812 -0.071952136268486969 -0.069546509448398186 -0.068817618607239631 -0.068934932145106403 -0.067958401854755615 -0.066139467991283923 -0.070203326322087561
leaf_weight=8554 3209 238 2873 1718 1556 346 528 819 3203 4985 1018 1407 1225 1942 996 825 120 156 4088 970 2002 130 1404 2740 1717 157 95 74 820 66
leaf_count=8554 3209 238 2873 1718 1556 346 528 819 3203 4985 1018 1407 1225 1942 996 825 120 156 4088 970 2002 130 1404 2740 1717 157 95 74 820 66
internal_value=-0.0688384 -0.0668023 -0.0714971 -0.0678799 -0.0647406 -0.0702133 -0.0672927 -0.0724858 -0.0705055 -0.0674438 -0.0688197 -0.0652348 -0.0635114 -0.0684644 -0.0649888 -0.0697332 -0.0647872 -0.068635 -0.0679294 -0.0689354 -0.064509 -0.0716497 -0.0655029 -0.0717301 -0.0700151 -0.0705261 -0.0713289 -0.0702594 -0.0665116 -0.0675308
internal_weight=49981 28304 21677 18590 9714 9434 11439 12243 7962 10791 7151 6933 2781 5151 5809 2000 648 1472 5806 1316 2998 3689 2811 3559 4994 982 2968 3277 1124 304
internal_count=49981 28304 21677 18590 9714 9434 11439 12243 7962 10791 7151 6933 2781 5151 5809 2000 648 1472 5806 1316 2998 3689 2811 3559 4994 982 2968 3277 1124 304
is_linear=0
shrinkage=1


Tree=1
num_leaves=31
num_cat=0
split_feature=20 20 12 12 10 12 12 20 20 18 0 46 18 0 6 12 70 12 42 11 47 18 19 5 18 20 6 13 35 3
split_gain=282.886 65.7264 28.7451 10.7349 6.41052 4.55428 4.31858 3.81665 3.34665 2.6366 2.5318 2.14483 1.95744 1.6488 1.59049 1.27737 1.18681 1.18291 0.803274 0.638685 0.634375 0.628988 0.590019 0.562239 0.555476 0.467341 0.451884 0.431112 0.410036 0.408861
threshold=0.15085416666666665 0.28169644151138723 0.074477083333333319 0.20889583333333334 0.37232291666666667 0.19025 0.35127916666666664 0.057301785714285722 0.10817708333333333 0.23313888888888887 57.500000000000007 25.525000000000006 0.19693125000000011 27.500000000000004 -594.18448634853621 0.32131250000000006 0.61864848712698517 0.27993750000000001 22.116666666666671 0.19045833333333331 1.9362061114151626e-07 0.31017222222222235 0.00025115474055599333 -11.483091290529901 0.12602569444444447 0.10530059523809522 -796.87937652616313 -1499.999999999997 1.134547398680315 26.050000000000004
decision_type=2 2 2 2 2 2 2 2 2 2 2 2 2 2 2 2 2 2 2 2 2 2 2 2 2 2 2 2 2 2
left_child=2 3 7 10 11 8 9 -1 -4 18 12 15 -2 26 19 21 -8 20 -5 -12 -7 -3 -14 -17 -10 28 -6 -26 -9 -11
right_child=1 4 5 6 13 17 16 25 24 29 14 -13 22 -15 -16 23 -18 -19 -20 -21 -22 -23 -24 -25 27 -27 -28 -29 -30 -31
leaf_value=-0.0039023738239894173 -5.1510376753279819e-05 0.0027857827250247955 -0.0024311761565234524 0.0015037695608492844 0.0013884129229187964 0.00076047190838731109 0.0045282582746825704 -0.003088528563298807 -0.0014818259815916187 0.00202611473443743 -0.00049966655704671253 0.0024202160327311652 0.0029270321902658404 0.0041278111634640412 0.0002160460529571395 0.0037365039425129041 0.0011756406491083547 0.0026441796958493959 0.00067044999633725309 -0.0019347335595832392 -0.00060773209743347236 0.0037093935196954066 0.00093934760253811553 0.0046317436465810246 -0.0014967108119884299 -0.0019193355341258975 0.0057709424086560832 -0.00060660566032667417 -0.0022648682185368628 0.0013107289324271177
leaf_weight=8554 3465 1306 2968 1472 24 477 528 2360 2443 3894 423 1413 144 916 829 1311 120 156 3657 863 839 1503 2270 1432 675 558 1809 1876 771 925
leaf_count=8554 3465 1306 2968 1472 24 477 528 2360 2443 3894 423 1413 144 916 829 1311 120 156 3657 863 839 1503 2270 1432 675 558 1809 1876 771 925
internal_value=-1.52744e-05 0.00195979 -0.00259425 0.000914459 0.00395965 -0.00134902 0.0015406 -0.00355335 -0.00163244 0.00138527 8.40516e-05 0.00347311 0.000404616 0.00518957 -0.000805364 0.00374006 0.00391479 0.000182041 0.00091044 -0.00146579 -0.000109331 0.00328219 0.00106032 0.00420648 -0.00115675 -0.00274239 0.00571598 -0.000843799 -0.00288745 0.00188972
internal_weight=49981 28304 21677 18590 9714 9434 10596 12243 7962 9948 7994 6965 5879 2749 2115 5552 648 1472 5129 1286 1316 2809 2414 2743 4994 3689 1833 2551 3131 4819
internal_count=49981 28304 21677 18590 9714 9434 10596 12243 7962 9948 7994 6965 5879 2749 2115 5552 648 1472 5129 1286 1316 2809 2414 2743 4994 3689 1833 2551 3131 4819
is_linear=0
shrinkage=0.03


Tree=2
num_leaves=31
num_cat=0
split_feature=22 22 22 22 12 22 18 26 64 23 3 64 66 12 22 64 3 22 70 52 22 5 70 10 23 64 46 20 72 20
split_gain=276.228 61.4672 29.7564 6.68211 6.63981 4.32707 2.41907 1.68931 1.41519 1.37833 1.57216 1.3695 1.15868 1.19756 1.08478 1.20171 1.01212 1.00414 0.993805 0.709568 0.658391 0.594591 0.541361 0.518367 0.517235 0.50694 0.506038 0.613189 0.486057 0.33523
threshold=0.15699630754475705 0.2718332761699998 0.090796489050165519 0.22194107142857142 0.35648750000000001 0.055093452380952347 0.3004756944444445 -6.5710536932510726 1889.5000000000002 0.085106546057288207 25.950000000000003 714.50000000000011 0.00013333333333331174 0.20066666666666669 0.12948511904761906 544.50000000000011 26.550000000000004 0.19212499999999999 -0.49749486057528974 64.607142857142875 0.25000012939958599 -131.82115821093092 0.92589048012183106 0.37937083333333338 0.037271459715737955 12.500000000000002 25.38214285714286 0.0977300054112554 0.036862228094019407 0.043424107142857146
decision_type=2 2 2 2 2 2 2 2 2 2 2 2 2 2 2 2 2 2 2 2 2 2 2 2 2 2 2 2 2 2
left_child=2 3 5 9 6 -1 19 21 12 10 17 25 13 -5 15 28 23 -2 -12 -3 -14 -6 -17 -8 -21 -7 -16 -28 -4 -27
right_child=1 4 14 8 7 11 16 -9 -10 -11 18 -13 20 -15 26 22 -18 -19 -20 24 -22 -23 -24 -25 -26 29 27 -29 -30 -31
leaf_value=-0.0038231223306838488 0.00012964577985382085 0.0013141174194745422 -0.0017939883072576365 -5.2278816595143579e-05 0.0027116887548784773 -0.0022236317758803602 0.0036760512693475231 0.0057598312750421739 -0.0026574866204509434 0.0015664856260403711 0.00039310126391242927 -0.00031747682589556322 0.001688891764414692 0.0014480267975317171 -0.00018884271403343892 0.00037360417251431635 0.002098797456633425 0.00094472586457095735 -0.00066465514876624932 0.0024692740912883185 0.0025751729227665239 0.0045103086119963791 -0.0027148527951975322 0.0048446075710113961 0.0038968544825405274 -0.00088580002502311721 0.00076682521563750758 -0.001096836113261501 -0.0011396080622980999 -0.003011801859978085
leaf_weight=8183 2516 426 3001 542 193 1078 3457 1208 70 793 1308 208 2179 3868 1087 427 355 2986 2044 1544 1201 2393 57 412 283 73 168 2311 1612 3998
leaf_count=8183 2516 426 3001 542 193 1078 3457 1208 70 793 1308 208 2179 3868 1087 427 355 2986 2044 1544 1201 2393 57 412 283 73 168 2311 1612 3998
internal_value=-1.47856e-05 0.00197904 -0.00250936 0.000897809 0.00382146 -0.00338792 0.0032352 0.00482039 0.00154719 0.0003683 0.000260482 -0.00272199 0.0015857 0.00126299 -0.00113562 -0.00141709 0.00366054 0.000572636 -0.000251014 0.00243517 0.00200537 0.00437833 0 0.00380248 0.00269406 -0.00281846 -0.000732199 -0.000969069 -0.00156626 -0.00297464
internal_weight=49981 27778 22203 17507 10271 13540 6477 3794 7860 9647 8854 5357 7790 4410 8663 5097 4224 5502 3352 2253 3380 2586 484 3869 1827 5149 3566 2479 4613 4071
internal_count=49981 27778 22203 17507 10271 13540 6477 3794 7860 9647 8854 5357 7790 4410 8663 5097 4224 5502 3352 2253 3380 2586 484 3869 1827 5149 3566 2479 4613 4071
is_linear=0
shrinkage=0.03


Tree=3
num_leaves=31
num_cat=0
split_feature=22 22 22 22 12 22 18 0 8 66 12 64 0 12 20 46 0 37 12 5 3 20 41 69 46 35 10 10 66 72
split_gain=259.918 57.8397 27.9975 6.30011 6.24662 4.07067 2.28509 2.08004 1.71674 1.27974 1.68245 1.26687 1.23123 1.03333 1.41818 1.03244 1.01465 0.992416 0.971404 0.74172 0.646781 0.618364 0.583848 0.496865 0.478745 0.47323 0.44964 0.444464 0.418007 0.400491
threshold=0.15699630754475705 0.2718332761699998 0.090796489050165519 0.23073511904761906 0.35648750000000001 0.057059970238095219 0.30765625000000002 27.500000000000004 0.19922916666666668 0.0020863224637680988 0.20066666666666669 714.50000000000011 57.500000000000007 0.18477083333333333 0.12451488095238095 26.803571428571434 35.000000000000007 0.01732050807568879 0.29402083333333334 -9.9413901305677523 26.850000000000005 0.36970446428571435 1.0000000180025095e-35 0.41327478071396911 25.38214285714286 1.6699016211265438 0.39531250000000001 0.37937083333333338 0.0060645833333333498 -0.12823191347867977
decision_type=2 2 2 2 2 2 2 2 2 2 2 2 2 2 2 2 2 2 2 2 2 2 2 2 2 2 2 2 2 2
left_child=2 3 5 8 6 -1 20 21 18 10 17 25 16 14 23 27 -10 -5 19 -2 -3 -6 -15 -4 -16 -7 -9 -8 -26 -12
right_child=1 4 13 9 7 11 15 26 12 -11 29 -13 -14 22 24 -17 -18 -19 -20 -21 -22 -23 -24 -25 28 -27 -28 -29 -30 -31
leaf_value=-0.0036952124083837541 -0.00014447659313755528 0.0026242911039136897 -0.0019316408630637154 -0.0017282126832070951 0.0046043171076693597 -0.0028622480155094951 0.0036229270895509241 0.0032380459760702014 0.00097158828520532172 0.0021408579216637283 0.0011138528581514236 -0.00030799809347784686 -3.3946107463835144e-06 0.00091311461928971979 -0.0002987753729257191 0.0019033241408110103 0.0032027927659759197 0.0010840953083546914 0.001764664562767908 0.00084408529948038771 0.0011336546400895627 0.0055457161126076316 -0.0006683333329751942 -0.0011952045534434734 -0.0013251183417823964 -0.0020981343656840067 0.0051713898417022489 0.0047124296337392908 -0.00059034547253797114 0.0018001917636553751
leaf_weight=8388 4742 2332 2237 246 1307 3991 3118 885 3970 2612 1377 208 1224 300 1111 305 193 206 294 797 306 1468 690 1364 1781 953 134 416 1180 1846
leaf_count=8388 4742 2332 2237 246 1307 3991 3118 885 3970 2612 1377 208 1224 300 1111 305 193 206 294 797 306 1468 690 1364 1781 953 134 416 1180 1846
internal_value=-1.43189e-05 0.00191975 -0.00243413 0.0008709 0.00370698 -0.00328633 0.0031383 0.00467593 0.000444458 0.00163127 0.00126779 -0.00261946 0.000830616 -0.0011016 -0.00121935 0.00360766 0.00107649 -0.000440311 8.72307e-05 -1.56542e-06 0.00245301 0.00510522 -0.000185642 -0.00165393 -0.000833979 -0.00271602 0.00350005 0.00375332 -0.00103361 0.00150833
internal_weight=49981 27778 22203 17507 10271 13540 6477 3794 11220 6287 3675 5152 5387 8663 7673 3839 4163 452 5833 5539 2638 2775 990 3601 4072 4944 1019 3534 2961 3223
internal_count=49981 27778 22203 17507 10271 13540 6477 3794 11220 6287 3675 5152 5387 8663 7673 3839 4163 452 5833 5539 2638 2775 990 3601 4072 4944 1019 3534 2961 3223
is_linear=0
shrinkage=0.03


Tree=4
num_leaves=31
num_cat=0
split_feature=22 22 22 22 12 22 20 0 64 23 64 22 64 44 22 22 64 12 52 21 20 6 66 10 72 35 10 44 20 7
split_gain=244.573 54.426 26.3419 5.94156 5.87749 3.83605 2.07058 1.9557 1.28888 1.25393 1.48039 1.36718 1.21077 1.21023 1.07491 0.977304 1.03262 0.780636 0.669663 0.608921 0.580837 0.542161 0.51584 0.494819 0.482602 0.454785 0.422891 0.40206 0.474787 0.391709
threshold=0.15699630754475705 0.2718332761699998 0.090796489050165519 0.22194107142857142 0.35648750000000001 0.055093452380952347 0.30587261904761909 27.500000000000004 1889.5000000000002 0.085106546057288207 474.50000000000006 0.19212499999999999 714.50000000000011 26.507142857142863 0.25114345238095243 0.13208333333333336 544.50000000000011 0.19882971014492754 62.607142857142868 0.037351960291270934 0.36970446428571435 -1409.1341275784612 0.0041270833333333064 0.37937083333333338 0.036862228094019407 1.6699016211265438 0.39531250000000001 22.664285714285718 0.0977300054112554 -465.20266514630924
decision_type=2 2 2 2 2 2 2 2 2 2 2 2 2 2 2 2 2 2 2 2 2 2 2 2 2 2 2 2 2 2
left_child=2 3 5 9 6 -1 18 20 14 10 11 -2 25 23 17 16 24 -5 -3 -12 -6 -18 -16 -8 -4 -7 -9 -17 -29 -15
right_child=1 4 15 8 7 12 13 26 -10 -11 19 -13 -14 29 22 27 21 -19 -20 -21 -22 -23 -24 -25 -26 -27 -28 28 -30 -31
leaf_value=-0.0035975998068664325 -3.5670844082297339e-05 0.001008617940856436 -0.001655462128472287 0.00033928645668769271 0.0044662931625786828 -0.002790861758090912 0.0035029268978163104 0.0031410142723540895 -0.0025548682651469405 0.0014883354925766417 -0.001534560973320559 0.00074057459207639955 -0.0002988023573719856 0.002598943457727652 0.0016521948785597521 0.00021600586478178916 -0.0026385842919830356 0.0013954725195281454 0.0025342871956593079 0.00062640736556174802 0.0053794578156548742 0.00035733574496734201 0.0025428945842875836 0.004607059045813512 -0.0010275806261419475 -0.0020534065467723191 0.0050173973730040919 0.0007639567272815697 -0.00087879414942130933 0.00067275290807943466
leaf_weight=8183 4030 305 3284 742 1307 4168 3171 885 70 793 554 4124 208 288 1545 417 61 4509 2114 146 1468 440 994 449 1719 981 134 166 2576 150
leaf_count=8183 4030 305 3284 742 1307 4168 3171 885 70 793 554 4124 208 288 1545 417 61 4509 2114 146 1468 440 994 449 1719 981 134 166 2576 150
internal_value=-1.38608e-05 0.00186225 -0.00236116 0.000844812 0.00359593 -0.00318778 0.00304427 0.00453587 0.00145716 0.000345483 0.000242629 0.000356601 -0.00256066 0.00346049 0.00149392 -0.00106861 -0.00131056 0.00124689 0.00234366 -0.00107931 0.00495221 -5.99036e-06 0.00200294 0.00364194 -0.00144057 -0.00265137 0.00339538 -0.000645817 -0.000778006 0.00194916
internal_weight=49981 27778 22203 17507 10271 13540 6477 3794 7860 9647 8854 8154 5357 4058 7790 8663 5504 5251 2419 700 2775 501 2539 3620 5003 5149 1019 3159 2742 438
internal_count=49981 27778 22203 17507 10271 13540 6477 3794 7860 9647 8854 8154 5357 4058 7790 8663 5504 5251 2419 700 2775 501 2539 3620 5003 5149 1019 3159 2742 438
is_linear=0
shrinkage=0.03


Tree=5
num_leaves=31
num_cat=0
split_feature=22 22 22 22 10 22 12 23 64 18 22 64 64 12 20 0 64 18 21 0 21 18 12 72 35 42 21 46 69 46
split_gain=231.228 52.3776 24.792 6.08587 4.94947 3.53536 1.90662 1.31747 1.50449 1.30823 1.24507 1.21768 1.08851 1.02986 1.37113 0.935149 0.846869 0.754138 0.715877 0.657229 0.619212 0.546348 0.565646 0.479652 0.44598 0.421624 0.389208 0.394931 0.372741 0.400852
threshold=0.15699630754475705 0.27405803571428577 0.090796489050165519 0.22194107142857142 0.37694791666666666 0.057059970238095219 0.32131250000000006 0.085106546057288207 474.50000000000006 0.19924079106280199 0.24464781746031747 714.50000000000011 300.50000000000006 0.18477083333333333 0.12451488095238095 27.500000000000004 1889.5000000000002 0.29100555555555557 0.076184082631502045 27.500000000000004 0.037351960291270934 0.28421111111111119 0.20066666666666669 1.0000000180025095e-35 1.6699016211265438 26.866666666666671 0.041931097832760715 25.38214285714286 0.41327478071396911 25.125000000000007
decision_type=2 2 2 2 2 2 2 2 2 2 2 2 2 2 2 2 2 2 2 2 2 2 2 2 2 2 2 2 2 2
left_child=2 3 5 7 6 -1 17 8 9 -2 16 24 19 14 28 -6 23 25 -15 -8 -10 22 -12 -5 -7 -3 27 -16 29 -4
right_child=1 4 13 10 15 11 12 -9 20 -11 21 -13 -14 18 26 -17 -18 -19 -20 -21 -22 -23 -24 -25 -26 -27 -28 -29 -30 -31
leaf_value=-0.0034813088384338295 1.0276618230400177e-05 0.0022566538330701753 -0.0011616144513525621 0.0008692927982530918 0.0051136113978313925 -0.0027139549522148384 0.0039654875639846491 0.0014740654918774345 -0.0015475129887436512 0.00078297796171904784 0.00016144602109072198 -0.00021423514240809032 0.00079292552813518141 0.00017949108937577983 -0.00036786242250065224 0.0037775235795909226 -0.0023968479269815069 0.0029711073944307933 -0.0023203406333848712 0.002991242328626474 0.00056838948628420277 0.0025849095911630268 0.0017564461116932248 0.0015451471055019897 -0.0019713353479544108 0.00046186791872270672 -7.1035908250361855e-05 -0.0010967233020240689 -0.0011780665148926465 -0.0020695884569592328
leaf_weight=8346 4771 1062 629 2569 1699 4039 2790 815 573 3370 219 208 120 859 936 707 61 2723 116 866 156 703 3020 1538 947 138 611 2488 1347 1635
leaf_count=8346 4771 1062 629 2569 1699 4039 2790 815 573 3370 219 208 120 859 936 707 61 2723 116 866 156 703 3020 1538 947 138 611 2488 1347 1635
internal_value=-9.20806e-06 0.00180783 -0.00229691 0.000828008 0.00353275 -0.00309766 0.00315953 0.00031987 0.000213327 0.000330565 0.00143435 -0.00248007 0.0036439 -0.00103871 -0.00115583 0.00472398 0.00107063 0.00269172 -0.000116924 0.00373642 -0.00109046 0.00181778 0.00164961 0.00112343 -0.00257393 0.00205331 -0.00077401 -0.00089852 -0.00158131 -0.00181928
internal_weight=50061 27900 22161 17795 10105 13540 7699 9685 8870 8141 8110 5194 3776 8621 7646 2406 4168 3923 975 3656 729 3942 3239 4107 4986 1200 4035 3424 3611 2264
internal_count=50061 27900 22161 17795 10105 13540 7699 9685 8870 8141 8110 5194 3776 8621 7646 2406 4168 3923 975 3656 729 3942 3239 4107 4986 1200 4035 3424 3611 2264
is_linear=0
shrinkage=0.03


Tree=6
num_leaves=31
num_cat=0
split_feature=18 12 18 12 12 18 0 24 18 18 12 63 18 9 6 65 18 70 18 64 72 5 5 41 64 21 64 72 72 0
split_gain=209.197 41.5068 27.3308 7.1944 7.14051 4.33017 4.01007 3.59936 3.35973 2.325 1.94644 1.63194 0.985482 0.958538 0.780139 0.755494 0.733575 0.719906 0.674868 0.597043 0.569907 0.565776 0.535109 0.543824 0.514923 0.48475 0.408907 0.38325 0.324836 0.320789
threshold=0.19800694444444447 0.074477083333333319 0.3004756944444445 0.35127916666666664 0.18089583333333334 0.12602569444444447 92.500000000000014 -6.4672933549562837 0.05566875000000001 0.2489861111111111 0.29402083333333334 -106.01999999999998 0.095184027777777777 0.38194791666666666 -333.17958094599015 -0.0067897727272727406 0.12602569444444447 0.61864848712698517 0.35189722222222219 327.50000000000006 1.0000000180025095e-35 -1499.999999999997 -10.979036306097386 2.0255200518231092e-07 1051.5000000000002 0.023784055571877752 13.500000000000002 -0.019775528398629835 0.016022556301488858 57.500000000000007
decision_type=2 2 2 2 2 2 2 2 2 2 2 2 2 2 2 2 2 2 2 2 2 2 2 2 2 2 2 2 2 2
left_child=1 8 3 6 5 12 9 11 -1 15 22 25 19 29 -8 -2 24 -5 -9 -3 -11 -7 23 -6 26 -4 -10 -23 -14 -13
right_child=2 4 7 17 10 21 14 18 16 20 -12 13 28 -15 -16 -17 -18 -19 -20 -21 -22 27 -24 -25 -26 -27 -28 -29 -30 -31
leaf_value=-0.003324521098163574 0.00043443982117009108 -0.0023072854685453168 0.0013180014167464599 0.0041873014185079063 0.00069998785801592979 -0.001292641022994174 -0.0013288248310343329 0.0037309148565085205 -0.0018539499676328299 0.0015922267427653982 0.0017595774266651375 0.0033959612062372177 -0.0016144797484803843 0.0042638370172781697 0.0005270269167234054 0.0011655032937567882 -0.0013291884481879104 0.0012675765195254529 0.0051214234715005512 1.0609275697576766e-05 0.0022751125703228854 -0.00064640541717116574 0.00075252787737147204 -0.00028640160390881828 -0.00014340927372320314 0.0026473687338804961 -0.002703639421728066 -7.3165170478701233e-05 -0.00095600132900300827 0.0027255166754430529
leaf_weight=8764 1692 2231 388 848 587 708 616 457 700 3056 635 3174 1928 1100 301 5334 661 88 1329 102 1794 2217 707 3440 88 757 2337 2018 1092 912
leaf_count=8764 1692 2231 388 848 587 708 616 457 700 3056 635 3174 1928 1100 301 5334 661 88 1329 102 1794 2217 707 3440 88 757 2337 2018 1092 912
internal_value=-8.91405e-06 -0.0017154 0.00219493 0.0013785 -0.000685176 -0.00114771 0.0011922 0.00357511 -0.00300094 0.00133988 0.000201297 0.00323697 -0.00173908 0.00346463 -0.000716474 0.000989963 -0.00225044 0.00391764 0.00476959 -0.0022047 0.00184586 -0.000506458 -7.41823e-06 -0.000141737 -0.00244386 0.00220105 -0.00250946 -0.000374043 -0.00137777 0.00324775
internal_weight=50061 28215 21846 13729 15665 10296 12793 8117 12550 11876 5369 6331 5353 5186 917 7026 3786 936 1786 2333 4850 4943 4734 4027 3125 1145 3037 4235 3020 4086
internal_count=50061 28215 21846 13729 15665 10296 12793 8117 12550 11876 5369 6331 5353 5186 917 7026 3786 936 1786 2333 4850 4943 4734 4027 3125 1145 3037 4235 3020 4086
is_linear=0
shrinkage=0.03


Tree=7
num_leaves=31
num_cat=0
split_feature=22 22 22 12 22 22 20 5 23 3 64 3 70 66 12 72 64 22 52 21 69 69 46 6 10 3 12 72 22 7
split_gain=204.972 46.5705 21.9816 5.01577 4.64632 3.13534 1.87325 1.36769 1.18841 1.43603 1.10496 1.07412 0.998844 0.954323 1.19319 0.947797 0.919392 1.12397 0.887464 0.654068 0.592605 0.56359 0.573579 0.537975 0.536123 0.508314 0.500587 0.459208 0.449699 0.42699
threshold=0.15699630754475705 0.26866102484472054 0.090796489050165519 0.35648750000000001 0.22194107142857142 0.055093452380952347 0.30152440476190484 -6.7393841700783765 0.085106546057288207 25.950000000000003 714.50000000000011 26.550000000000004 -0.41327860778290426 0.00013333333333331174 0.20066666666666669 0.31745078749198991 544.50000000000011 0.12948511904761906 46.750000000000007 0.0060668301914120187 -0.82391537601316178 0.11593352601052392 25.403571428571432 -818.12921441988453 0.38456250000000008 27.150000000000002 0.19309583333333333 0.0084017496924984076 0.24045892857142856 -517.74320999071585
decision_type=2 2 2 2 2 2 2 2 2 2 2 2 2 2 2 2 2 2 2 2 2 2 2 2 2 2 2 2 2 2
left_child=2 4 5 6 8 -1 25 23 9 15 -7 24 -11 14 18 -2 17 21 -6 -18 -13 22 -4 -5 -8 -3 -23 -19 -15 -21
right_child=1 3 16 7 13 10 11 -9 -10 12 -12 20 -14 28 -16 -17 19 27 -20 29 -22 26 -24 -25 -26 -27 -28 -29 -30 -31
leaf_value=-0.0032886468268552454 0.00029425070711699226 0.0022293167824393449 -0.0010722170137906495 0.0010869840811682889 -0.0023518716268975969 -0.0024378265260469292 0.0031840317184535249 0.0049460035603378968 0.0013965445534623166 0.00032214453367368094 -0.000191033503174354 -0.00030493741730848944 -0.00072223949747764258 0.0012938944986094225 0.0011896446783939414 0.0012626133318659183 -0.0019241116089340213 -0.00091022749913975459 0.00040045066626932877 0.00011594418829807898 0.002307370804922639 -0.0011411959810917888 -0.0020529372564400089 0.0037957012774718362 0.0044166671189531954 0.00058876009058470577 0.00078019582021079253 -0.00015786862212381666 0.0020114283985412204 0.0026170379885512847
leaf_weight=8157 4331 2292 861 72 141 5175 3576 1268 815 1409 208 98 1974 1503 3706 1156 132 2076 405 593 347 2100 1521 2485 372 190 127 1143 1760 68
leaf_count=8157 4331 2292 861 72 141 5175 3576 1268 815 1409 208 98 1974 1503 3706 1156 132 2076 405 593 347 2100 1521 2485 372 190 127 1143 1760 68
internal_value=-8.62383e-06 0.00170214 -0.00216254 0.00325612 0.000735114 -0.00291654 0.00276945 0.0041291 0.000300322 0.000199114 -0.00235162 0.00314349 -0.000286406 0.00129494 0.000996621 0.000499005 -0.000977756 -0.00107635 -0.00030783 -5.79817e-07 0.00172596 -0.00137736 -0.0017003 0.00372106 0.00330203 0.00210523 -0.00102998 -0.000644144 0.00168234 0.000381339
internal_weight=50061 27900 22161 10700 17200 13540 6875 3825 9685 8870 5383 4393 3383 7515 4252 5487 8621 7828 546 793 445 4609 2382 2557 3948 2482 2227 3219 3263 661
internal_count=50061 27900 22161 10700 17200 13540 6875 3825 9685 8870 5383 4393 3383 7515 4252 5487 8621 7828 546 793 445 4609 2382 2557 3948 2482 2227 3219 3263 661
is_linear=0
shrinkage=0.03


Tree=8
num_leaves=31
num_cat=0
split_feature=22 22 22 8 10 22 22 12 23 63 6 0 19 23 12 18 0 8 3 21 69 45 7 0 5 18 73 73 46 69
split_gain=192.869 43.8241 20.6819 5.07232 4.20876 2.95287 2.12811 1.59908 1.4992 1.1838 0.962497 0.9186 1.09047 0.934441 0.853356 1.00271 0.821886 0.790142 0.679619 0.649355 0.644979 0.592276 0.682822 0.571753 0.569863 0.555961 0.424027 0.387962 0.351526 0.335447
threshold=0.15699630754475705 0.27405803571428577 0.090796489050165519 0.19922916666666668 0.37694791666666666 0.057059970238095219 0.24045892857142856 0.32131250000000006 0.080036198740053036 -115.40999999999998 -760.94084211525944 57.500000000000007 0.00031273139581105945 0.092234845907648036 0.18477083333333333 0.12602569444444447 27.500000000000004 0.19320833333333334 26.750000000000004 0.076184082631502045 -0.80392051724781066 0.037796447300923318 -19.698862139379663 27.500000000000004 -9.864273355592319 0.30765625000000002 0.013018299779401056 -0.1099434486155557 25.38214285714286 0.67125374152323958
decision_type=2 2 2 2 2 2 2 2 2 2 2 2 2 2 2 2 2 2 2 2 2 2 2 2 2 2 2 2 2 2
left_child=2 3 5 8 7 -1 11 18 9 17 -9 12 -5 -13 15 27 -6 -2 25 -16 -20 22 -8 -12 -11 -3 -23 -4 -17 -7
right_child=1 4 14 6 16 29 21 10 -10 24 23 13 -14 -15 19 28 -18 -19 20 -21 -22 26 -24 -25 -26 -27 -28 -29 -30 -31
leaf_value=-0.0031797663533557302 -0.00026121483810869644 0.00220392814456983 -0.0017596738504995764 0.00224105844330658 0.0046928626645229036 -0.002460125745370495 0.0018220309389337973 0.0020539290052592777 0.0012319966964721679 -5.1503445753162576e-05 0.00372660834347633 -0.0001730064880535856 0.00085542144651891406 0.001551107617015562 0.00017309765709918752 -0.00020629433546400834 0.0034401621301579526 -0.001989542271435336 -0.0010123115235391785 -0.0022077153772444057 0.0018863502735309405 0.0012338182657991078 0.0037603703146443842 0.0027387930157320856 0.00084940447043307281 0.0029776140180286913 0.001930745684374845 -0.0011423320224042363 -0.00087415813202854466 -0.0019497089540758505
leaf_weight=8346 524 1729 1569 575 1699 3193 575 482 874 3797 2577 1312 4846 359 859 975 707 443 84 116 348 2228 238 717 756 1762 1268 2361 2741 2001
leaf_count=8346 524 1729 1569 575 1699 3193 575 482 874 3797 2577 1312 4846 359 859 975 707 443 84 116 348 2228 238 717 756 1762 1268 2361 2741 2001
internal_value=-8.34016e-06 0.00165114 -0.00209769 0.000754873 0.00322895 -0.00282907 0.00113417 0.00288472 7.80128e-05 -0.000104348 0.00332849 0.000813664 0.00100333 0.000196317 -0.000948457 -0.00105508 0.00432759 -0.00105733 0.00245607 -0.000109056 0.00131476 0.00166068 0.00239707 0.0035134 9.75821e-05 0.00259603 0.00148793 -0.00138995 -0.000699835 -0.00226448
internal_weight=50061 27900 22161 17795 10105 13540 11401 7699 6394 5520 3776 7092 5421 1671 8621 7646 2406 967 3923 975 432 4309 813 3294 4553 3491 3496 3930 3716 5194
internal_count=50061 27900 22161 17795 10105 13540 11401 7699 6394 5520 3776 7092 5421 1671 8621 7646 2406 967 3923 975 432 4309 813 3294 4553 3491 3496 3930 3716 5194
is_linear=0
shrinkage=0.03


Tree=9
num_leaves=31
num_cat=0
split_feature=22 22 22 12 8 22 18 0 12 23 64 64 18 64 22 21 44 18 19 21 20 13 69 46 8 69 12 11 35 3
split_gain=181.482 41.257 19.4588 4.48896 4.31389 2.77922 1.79808 1.71194 1.69088 1.39509 1.26945 1.03155 0.860509 0.841233 1.01144 0.770572 0.739826 0.713901 0.703197 0.610561 0.602297 0.557585 0.522335 0.53139 0.477831 0.468417 0.450851 0.443795 0.414221 0.410295
threshold=0.15699630754475705 0.26866102484472054 0.090796489050165519 0.35648750000000001 0.19922916666666668 0.055093452380952347 0.3004756944444445 27.500000000000004 0.19882971014492754 0.080036198740053036 291.50000000000006 714.50000000000011 0.2489861111111111 544.50000000000011 0.12948511904761906 0.0016448060385383172 26.592857142857149 0.19133333333333333 0.00031273139581105945 0.0060668301914120187 0.28847708333333338 -9.9413901305677523 0.11593352601052392 25.403571428571432 0.37937083333333338 -0.82391537601316178 0.19309583333333333 0.37010416666666673 1.6699016211265438 26.850000000000005
decision_type=2 2 2 2 2 2 2 2 2 2 2 2 2 2 2 2 2 2 2 2 2 2 2 2 2 2 2 2 2 2
left_child=2 4 5 6 9 -1 29 27 15 10 21 28 18 14 22 -6 24 -12 -10 -15 -17 -2 23 -4 -8 -18 -24 -5 -7 -3
right_child=1 3 13 7 8 11 16 -9 12 -11 17 -13 -14 19 -16 20 25 -19 -20 -21 -22 -23 26 -25 -26 -27 -28 -29 -30 -31
leaf_value=-0.0030946183615213098 -9.1748274716353212e-05 0.0021104607498432294 -0.0010061758314524726 0.0037419253775936006 -0.001889601084779658 -0.0024267718026833108 0.0029638028949737884 0.0028213976757395427 0.0020996426385474316 0.0012071933297993899 0.00012067438282369895 -0.00012484725978243293 0.0017082699535314037 -0.001843702394039111 -0.00060429259725317355 0.00040826754131015368 -0.00027088255137205122 -0.0022397670499699775 0.00092971260431172042 0.00038367057859546258 0.002005809730224615 0.00077861473855086181 -0.0010710543553786283 -0.0019502640602478858 0.0039606865200023629 0.0022489381211766727 0.00075182047314592635 0.0045698901281129977 -0.0017222811323957517 0.00091859597388606567
leaf_weight=8157 4199 2254 861 1008 121 4204 3418 1017 520 842 165 208 2802 132 3219 2591 84 364 4579 661 232 785 2100 1521 532 280 127 1800 971 307
leaf_count=8157 4199 2254 861 1008 121 4204 3418 1017 520 842 165 208 2802 132 3219 2591 84 364 4579 661 232 785 2100 1521 532 280 127 1800 971 307
internal_value=-8.06593e-06 0.00160168 -0.0020348 0.00306433 0.000691481 -0.00274423 0.00260387 0.00389027 0.00105517 7.03004e-05 -0.000102981 -0.00221224 0.00128401 -0.000920056 -0.00101437 0.000439746 0.00297942 -0.00149902 0.00105 7.27645e-06 0.000541283 4.48643e-05 -0.00129993 -0.00161084 0.00309979 0.00166007 -0.000965463 0.00427518 -0.00229552 0.00196917
internal_weight=50061 27900 22161 10700 17200 13540 6875 3825 10845 6355 5513 5383 7901 8621 7828 2944 4314 529 5099 793 2823 4984 4609 2382 3950 364 2227 2808 5175 2561
internal_count=50061 27900 22161 10700 17200 13540 6875 3825 10845 6355 5513 5383 7901 8621 7828 2944 4314 529 5099 793 2823 4984 4609 2382 3950 364 2227 2808 5175 2561
is_linear=0
shrinkage=0.03


Tree=10
num_leaves=31
num_cat=0
split_feature=22 22 22 22 10 22 42 0 18 0 12 17 66 12 64 12 66 43 24 0 18 18 5 22 64 69 21 64 9 10
split_gain=170.562 38.1623 18.4433 4.3427 4.00891 2.77651 1.62502 1.326 1.58018 1.07075 1.06713 0.991176 0.935817 1.1223 0.885206 0.775228 0.766706 0.757722 0.608151 0.585643 0.513508 0.485221 0.475505 0.473116 0.570876 0.442055 0.40228 0.379068 0.356696 0.352986
threshold=0.15699630754475705 0.27405803571428577 0.092933393812070261 0.23073511904761906 0.37232291666666667 0.059348214285714261 26.500000000000011 57.500000000000007 0.19800694444444447 27.500000000000004 0.31840181159420294 -354.09595095491608 0.00013333333333331174 0.19882971014492754 714.50000000000011 0.29402083333333334 0.0067916666666666689 0.057735026918960881 -14.641535948180691 47.500000000000007 0.30765625000000002 0.30765625000000002 -11.194049507348614 0.12948511904761906 1034.5000000000002 -0.67760851415498069 0.013158385334772444 12.500000000000002 0.15810416666666668 0.066956249999999967
decision_type=2 2 2 2 2 2 2 2 2 2 2 2 2 2 2 2 2 2 2 2 2 2 2 2 2 2 2 2 2 2
left_child=2 3 5 7 6 -1 10 8 15 -6 21 -10 13 17 27 -2 23 -5 20 -18 -9 -3 -12 24 -4 -8 -11 -7 -25 -21
right_child=1 4 16 12 9 14 25 18 11 26 22 -13 -14 -15 -16 -17 19 -19 -20 29 -22 -23 -24 28 -26 -27 -28 -29 -30 -31
leaf_value=-0.0029717094429415969 3.8894915024658315e-05 0.0020338082037489932 -0.0013418605141056602 -0.0016145804564704444 0.0044045248340930654 -0.001659398122475259 0.00013476069105256878 -0.00079225193535717149 0.0022762532497771874 0.002630125663791001 0.0027987060207928442 0.00077438744216819515 0.001737005820690083 0.0011968787769645925 -0.00020511846453355985 0.0016073314725284368 -0.00011961565900775479 0.00091507729587597577 0.00039806948082465659 -0.0027746633316361995 0.0021022442049886052 0.0027834026376533949 0.0035222178585247394 -0.00051964999821291896 0.0013602957977900201 0.001772494050838608 0.0039579048571193173 -0.0023136932823370976 -0.0013662258305063674 -0.00085037831573847068
leaf_weight=8714 4519 1712 3371 228 1860 1081 223 1375 444 586 1777 3799 2835 3287 220 302 1749 197 706 98 56 1546 1713 1813 70 469 355 3720 606 778
leaf_count=8714 4519 1712 3371 228 1860 1081 223 1375 444 586 1777 3799 2835 3287 220 302 1749 197 706 98 56 1546 1713 1813 70 469 355 3720 606 778
internal_value=-5.03082e-06 0.00155282 -0.00196747 0.000711053 0.00301113 -0.00264688 0.00264498 0.000351862 0.000510472 0.00398134 0.00278738 0.000932753 0.00132497 0.0010091 -0.00208205 0.000138081 -0.000867144 -0.000435572 -0.000319399 -0.000438867 -0.000675496 0.00239117 0.00315559 -0.00105837 -0.00128564 0.00125001 0.0031379 -0.00216737 -0.000733448 -0.00107199
internal_weight=50209 27989 22220 17748 10241 13735 7440 11201 9064 2801 6748 4243 6547 3712 5021 4821 8485 425 2137 2625 1431 3258 3490 5860 3441 692 941 4801 2419 876
internal_count=50209 27989 22220 17748 10241 13735 7440 11201 9064 2801 6748 4243 6547 3712 5021 4821 8485 425 2137 2625 1431 3258 3490 5860 3441 692 941 4801 2419 876
is_linear=0
shrinkage=0.03


Tree=11
num_leaves=31
num_cat=0
split_feature=22 22 22 22 18 22 0 0 18 19 9 72 68 23 46 26 39 66 42 70 72 0 18 22 23 21 72 7 41 14
split_gain=160.494 35.9533 17.3523 5.24006 2.76832 2.61159 2.05329 1.53537 1.44248 1.36546 1.17379 1.1565 0.989669 0.972748 0.939673 0.87367 0.842811 0.721016 0.706212 0.590091 0.558167 0.551215 0.462804 0.331081 0.315292 0.424438 0.304557 0.303362 0.302606 0.294455
threshold=0.15699630754475705 0.25996726190476199 0.092933393812070261 0.31890327380952382 0.19800694444444447 0.059348214285714261 27.500000000000004 57.500000000000007 0.30765625000000002 1.6967817986466882e-10 0.3653541666666667 -0.095432029570782437 -2.0573034033557671 0.078161557674125678 25.403571428571432 -14.741419756068568 0.0053452248386557473 0.0067916666666666689 25.266666666666676 -0.33346877891818688 0.024198317597971645 47.500000000000007 0.38301250000000003 0.17953124999999998 0.059387236046570806 0.07007178469316068 -0.19066800342068288 -19.698862139379663 1.0000000180025095e-35 -1499.999999999997
decision_type=2 2 2 2 2 2 2 2 2 2 2 2 2 2 2 2 2 2 2 2 2 2 2 2 2 2 2 2 2 2
left_child=2 4 5 12 13 -1 10 9 15 27 26 -11 -3 18 16 -9 -14 20 23 -20 24 28 -8 -2 -4 -26 -5 -6 -19 -7
right_child=1 3 17 6 7 29 22 8 -10 11 -12 -13 14 -15 -16 -17 -18 21 19 -21 -22 -23 -24 -25 25 -27 -28 -29 -30 -31
leaf_value=-0.0028825684091930634 -0.00014257818141741001 0.0015150347174973026 -0.0013374383559907747 0.0027079134087349042 0.0020663425472099333 -0.0024914508458175077 0.0023101736097442347 -0.00056699653559621295 0.0019333333704456847 0.00054180036583808698 0.0043024922781178887 0.0013052440814370673 0.0036504443331330737 0.0010442642095317971 0.0016528834091057486 0.00080011753612080577 0.0023896440607167127 0.0007775311032572473 9.8260006400237637e-05 -0.00079142066855501423 -0.00061438540134425141 -0.0010400581947659566 0.0034082850337912533 0.00056942867725199968 0.00030566201446244329 -0.0015133709187369522 0.0035215259461357355 0.0036980764922872182 -0.00029098159114525828 -0.0019002431602645621
leaf_weight=8714 955 1765 3410 671 419 1005 1501 1304 363 3171 1961 4147 633 804 1173 619 2191 283 1168 1558 1987 876 479 1503 259 204 1455 149 1466 4016
leaf_count=8714 955 1765 3410 671 419 1005 1501 1304 363 3171 1961 4147 633 804 1173 619 2191 283 1168 1558 1987 876 479 1503 259 204 1455 149 1466 4016
internal_value=-4.85366e-06 0.00150632 -0.00190849 0.00276305 0.000586101 -0.00256751 0.00337943 0.000887368 0.000201083 0.00108588 0.00376579 0.000974961 0.00211305 7.37669e-05 0.00237593 -0.000125186 0.00267451 -0.000841192 -7.63439e-05 -0.000409226 -0.00102665 -0.000425812 0.00257893 0.000291629 -0.00123716 -0.000490881 0.00326754 0.0025054 -0.000116029 -0.00201965
internal_weight=50209 27989 22220 11829 16160 13735 6067 10172 2286 7886 4087 7318 5762 5988 3997 1923 2824 8485 5184 2726 5860 2625 1980 2458 3873 463 2126 568 1749 5021
internal_count=50209 27989 22220 11829 16160 13735 6067 10172 2286 7886 4087 7318 5762 5988 3997 1923 2824 8485 5184 2726 5860 2625 1980 2458 3873 463 2126 568 1749 5021
is_linear=0
shrinkage=0.03


Tree=12
num_leaves=31
num_cat=0
split_feature=22 22 22 12 12 22 18 18 0 0 10 12 72 18 64 64 69 22 3 46 3 12 8 64 10 64 10 39 20 19
split_gain=151.02 33.8666 16.3288 4.10097 3.5687 2.32795 1.75935 1.5486 1.47213 1.04576 1.13105 0.978161 0.850198 0.817635 0.816827 0.811116 0.684242 0.92251 0.66637 0.502277 0.494683 0.490641 0.464124 0.435162 0.384368 0.383405 0.351241 0.393192 0.350433 0.340651
threshold=0.15699630754475705 0.26866102484472054 0.090796489050165519 0.35648750000000001 0.20066666666666669 0.055093452380952347 0.3004756944444445 0.23802777777777781 27.500000000000004 57.500000000000007 0.28166458333333338 0.29402083333333334 0.0021271536593694411 0.20983333333333329 56.500000000000007 714.50000000000011 0.39753913293121995 0.12364434523809521 27.150000000000002 25.38214285714286 26.850000000000005 0.19025 0.33293750000000005 484.50000000000006 0.38456250000000008 12.500000000000002 0.39531250000000001 5.4177531919797329e-09 0.36746964285714284 4.1666666689733094e-05
decision_type=2 2 2 2 2 2 2 2 2 2 2 2 2 2 2 2 2 2 2 2 2 2 2 2 2 2 2 2 2 2
left_child=2 4 5 6 9 -1 20 11 28 13 14 12 -6 -2 -11 25 17 -4 24 -19 -3 -18 -9 -21 -8 -7 27 -10 -5 -15
right_child=1 3 16 8 7 15 18 22 26 10 -12 -13 -14 29 -16 -17 21 19 -20 23 -22 -23 -24 -25 -26 -27 -28 -29 -30 -31
leaf_value=-0.0028257402694579245 3.9663046411984617e-05 0.0018868709894564485 -0.0015092844778642051 0.0035318408332290618 0.00023422332036934478 -0.0015775947192708851 0.0027122262593424541 0.0013497047142766684 0.0029443968239514454 -0.00016965640709124899 0.0014782187775900103 0.0016726099888619683 0.000967987613002053 0.0026067736323333742 -0.0015385632837769103 -0.00015572941708176031 -0.00066591524520830927 -0.0002169518278058658 0.0012466963105886191 -0.0011041502338515633 0.00065964022496890306 0.0003094093913256021 0.0027381004099023797 0.0027116949748661784 0.0037691029039631178 -0.0022260073771148037 0.004083892440508035 0.0016593235350418165 0.0042506598422927516 0.00076734659790524552
leaf_weight=8114 3187 2295 2285 1241 3332 1087 3753 3803 501 836 218 796 2497 98 748 206 3093 1174 272 1569 350 541 235 26 363 4125 131 411 1531 1391
leaf_count=8114 3187 2295 2285 1241 3332 1087 3753 3803 501 836 218 796 2497 98 748 206 3093 1174 272 1569 350 541 235 26 363 4125 131 411 1531 1391
internal_value=-4.67517e-06 0.00146121 -0.00185127 0.00277299 0.000630746 -0.002503 0.00234145 0.000968139 0.00356692 7.48582e-05 -0.000538356 0.000684843 0.000549177 0.00031188 -0.00081854 -0.00201867 -0.000835664 -0.00106201 0.00271132 -0.000691415 0.00172592 -0.000519846 0.00143191 -0.00103841 0.00280706 -0.00209168 0.00259272 0.00237101 0.00393132 0.000892092
internal_weight=50209 27989 22220 10848 17141 13532 7033 10663 3815 6478 1802 6625 5829 4676 1584 5418 8688 5054 4388 2769 2645 3634 4038 1595 4116 5212 1043 912 2772 1489
internal_count=50209 27989 22220 10848 17141 13532 7033 10663 3815 6478 1802 6625 5829 4676 1584 5418 8688 5054 4388 2769 2645 3634 4038 1595 4116 5212 1043 912 2772 1489
is_linear=0
shrinkage=0.03


Tree=13
num_leaves=31
num_cat=0
split_feature=22 22 22 22 12 22 0 8 10 0 68 10 12 64 44 18 39 65 66 64 72 0 69 10 44 20 8 72 10 19
split_gain=142.105 31.8772 15.371 4.65714 2.84657 2.33081 1.84789 1.19512 1.07628 1.0625 0.922939 0.884983 0.778349 0.770608 0.770271 0.751635 0.74075 0.667536 0.665017 0.634212 0.514111 0.508668 0.494938 0.472846 0.433724 0.415513 0.340612 0.329489 0.328946 0.326596
threshold=0.15699630754475705 0.25996726190476199 0.092933393812070261 0.31890327380952382 0.20066666666666669 0.062413690476190463 27.500000000000004 0.20935416666666662 0.36343958333333332 57.500000000000007 -2.0573034033557671 0.28166458333333338 0.29402083333333334 56.500000000000007 25.407142857142862 0.20983333333333329 0.0053452248386557473 -0.0036583333333332908 0.0067916666666666689 714.50000000000011 0.024198317597971645 47.500000000000007 -0.78297285307474518 0.39531250000000001 22.221428571428579 0.073516666666666661 0.33677083333333335 -0.085943171392368164 0.066956249999999967 4.1666666689733094e-05
decision_type=2 2 2 2 2 2 2 2 2 2 2 2 2 2 2 2 2 2 2 2 2 2 2 2 2 2 2 2 2 2
left_child=2 4 5 10 9 -1 8 12 22 15 -3 13 24 -11 16 -2 -12 27 20 -7 25 -20 -5 -8 -6 -4 -19 -9 -23 -17
right_child=1 3 18 6 7 19 23 17 -10 11 14 -13 -14 -15 -16 29 -18 26 21 -21 -22 28 -24 -25 -26 -27 -28 -29 -30 -31
leaf_value=-0.0026839630856384583 3.8185527147050411e-05 0.0014104910501668889 0.00047632677829735517 0.0039636087500078731 0.00080567281831451999 -0.001921238775011741 0.0022465033328588615 0.00010994219162360559 0.0040288171162476231 -0.00016590083630559983 0.0034256768655515461 0.0014127486023063982 0.001516352875979783 -0.0014977302149921862 0.0015907826015696676 0.0025599039744000074 0.0022447052823953632 0.0012493907349121684 -9.4638062751386306e-05 -0.00019459807638585276 -0.0005735982017485568 -0.0026253213428920415 0.0027791834060521348 0.003719228027793159 7.6802894282734072e-06 -0.0012295039188201348 0.0026190781767240594 0.00097949936609284635 -0.00076835132075813112 0.00073956878080834411
leaf_weight=9363 3182 1765 130 429 866 4167 1748 726 2099 833 637 180 504 746 1185 96 2175 4511 1749 205 1987 98 1559 232 2119 3743 174 875 778 1348
leaf_count=9363 3182 1765 130 429 866 4167 1748 726 2099 833 637 180 504 746 1185 96 2175 4511 1749 205 1987 98 1559 232 2119 3743 174 875 778 1348
internal_value=-4.49571e-06 0.00141747 -0.00179576 0.00260083 0.000550968 -0.00241602 0.00318196 0.000872762 0.00354853 5.77944e-05 0.00198797 -0.00056901 0.000425948 -0.000797573 0.0022418 0.000296852 0.00251442 0.00112018 -0.000791214 -0.00184103 -0.000969319 -0.000392258 0.00303815 0.00242237 0.000240389 -0.00117136 0.00130145 0.000587372 -0.000982272 0.000864352
internal_weight=50209 27989 22220 11829 16160 13735 6067 9775 4087 6385 5762 1759 3489 1579 3997 4626 2812 6286 8485 4372 5860 2625 1988 1980 2985 3873 4685 1601 876 1444
internal_count=50209 27989 22220 11829 16160 13735 6067 9775 4087 6385 5762 1759 3489 1579 3997 4626 2812 6286 8485 4372 5860 2625 1988 1980 2985 3873 4685 1601 876 1444
is_linear=0
shrinkage=0.03


Tree=14
num_leaves=31
num_cat=0
split_feature=22 22 22 8 12 22 22 0 44 22 12 20 0 23 19 20 0 8 72 64 72 72 69 51 64 68 21 23 20 55
split_gain=133.718 30.0519 14.4825 3.49234 3.22601 1.51633 1.39935 1.30438 1.29664 1.29331 1.14783 1.09446 0.778957 0.894347 0.891156 0.720641 0.669324 0.810945 0.651157 0.577386 0.53892 0.537359 0.520214 0.456162 0.43814 0.422858 0.41336 0.34123 0.326991 0.314487
threshold=0.15699630754475705 0.27405803571428577 0.080993005952380973 0.19922916666666668 0.35648750000000001 0.24263988095238095 0.053839136904761879 27.500000000000004 26.692857142857147 0.10208383411179463 0.28493750000000001 0.30377976190476191 57.500000000000007 0.096095801051490085 0.00042339019740570376 0.08000178571428572 35.000000000000007 0.19223369565217394 0.0084017496924984076 714.50000000000011 -0.033267663842832633 -0.090772086955138484 -0.67760851415498069 0.48795003647427554 554.50000000000011 -1.6345964582746733 0.025069104491386104 0.030828064525291788 0.13448779761904761 0.19999999999999715
decision_type=2 2 2 2 2 2 2 2 2 2 2 2 2 2 2 2 2 2 2 2 2 2 2 2 2 2 2 2 2 2
left_child=2 3 6 10 8 12 -1 -6 11 24 16 25 14 -14 -5 -11 20 -18 28 -8 -2 23 -10 -7 -4 -3 -13 -24 -17 -20
right_child=1 4 9 5 7 21 19 -9 22 15 -12 26 13 -15 -16 18 17 -19 29 -21 -22 -23 27 -25 -26 -27 -28 -29 -30 -31
leaf_value=-0.0026688871241126164 -0.0002340908506698803 0.0012717088493337733 -0.0016481686148459367 0.0018738046385156407 0.0037111000477810132 0.0021519406577034275 -0.0020649485234980123 0.0024472615409772795 -0.00037249174378002463 0.00066488310599233959 0.0012587768748251844 0.0025473535879393947 -0.00019538242677527568 0.0015233417729949383 0.00071836076228327201 -0.0011743374570518557 3.9434647504983512e-05 -0.0015350974291528732 -0.0011336724685126331 -0.00025464508621131669 0.00041868421604104953 0.0017345951092744606 0.0029205454588891607 0.00081593167434198177 -4.4674426905418703e-05 0.0021821380341970112 0.0033872361578489553 0.0010065782062251935 -0.00066309563946342681 -0.00022780174223612054
leaf_weight=7915 2258 791 2048 688 2750 276 4230 1039 183 329 650 3150 1415 336 4973 2878 613 559 414 169 2288 2184 116 1508 170 1194 681 337 1919 2148
leaf_count=7915 2258 791 2048 688 2750 276 4230 1039 183 329 650 3150 1415 336 4973 2878 613 559 414 169 2288 2184 116 1508 170 1194 681 337 1919 2148
internal_value=-4.32368e-06 0.00137504 -0.00174193 0.000628029 0.00266915 0.000942826 -0.00242899 0.00336607 0.00225896 -0.000887393 6.49363e-05 0.00239997 0.000688504 0.000133393 0.000859622 -0.000702389 -7.04467e-05 -0.000709669 -0.000764006 -0.00199616 9.38106e-05 0.00141684 0.000962934 0.00102539 -0.0015267 0.00182168 0.00269828 0.00150865 -0.000970626 -0.000375739
internal_weight=50209 27989 22220 17748 10241 11380 12314 3789 6452 9906 6368 5816 7412 1751 5661 7688 5718 1172 7359 4399 4546 3968 636 1784 2218 1985 3831 453 4797 2562
internal_count=50209 27989 22220 17748 10241 11380 12314 3789 6452 9906 6368 5816 7412 1751 5661 7688 5718 1172 7359 4399 4546 3968 636 1784 2218 1985 3831 453 4797 2562
is_linear=0
shrinkage=0.03


Tree=15
num_leaves=31
num_cat=0
split_feature=22 22 22 22 8 26 22 12 22 12 12 18 21 20 3 8 73 64 64 21 73 3 21 65 7 64 65 66 18 68
split_gain=126.926 29.0681 12.7515 4.43739 2.48139 1.52556 1.33698 1.04236 1.04157 0.952639 0.847677 0.842543 0.71311 0.708253 0.668898 1.00515 0.653716 0.6374 0.518259 0.515473 0.509509 0.447184 0.426512 0.415305 0.391824 0.362985 0.356981 0.340446 0.328874 0.325868
threshold=0.15385267857142856 0.25670431547619049 0.080993005952380973 0.31890327380952382 0.19922916666666668 -6.5710536932510726 0.055093452380952347 0.29402083333333334 0.10208383411179463 0.19882971014492754 0.34631666666666672 0.29100555555555557 0.00084851755462742745 0.08000178571428572 25.850000000000005 0.19320833333333334 -0.023061337557158442 165.50000000000003 714.50000000000011 0.038962638713206169 0.037227305639929938 26.850000000000005 0.019262257315181313 -0.0036583333333332908 -147.01469746095103 651.50000000000011 -0.019229166666666683 0.011625000000000005 0.31960718599033822 0.56331813362513128
decision_type=2 2 2 2 2 2 2 2 2 2 2 2 2 2 2 2 2 2 2 2 2 2 2 2 2 2 2 2 2 2
left_child=2 4 6 10 7 17 -1 14 25 12 11 21 -6 -10 29 -16 23 22 -8 -13 27 -3 -5 -11 -12 -4 -18 -15 -14 -2
right_child=1 3 8 5 9 -7 18 -9 13 16 24 19 28 20 15 -17 26 -19 -20 -21 -22 -23 -24 -25 -26 -27 -28 -29 -30 -31
leaf_value=-0.0025805683797173067 6.6505678860815533e-06 0.0015281563222191638 -0.0015603104425456124 0.0026339413746534908 -0.0020166297802698446 0.0037848204410002055 -0.0019833935442679406 0.0014607987193766673 0.00063853077686145494 6.9638343550903315e-05 0.0014367656876059542 0.0019564002827904162 0.00035851420254109424 -0.0011282969281306747 -0.00010007263570739074 -0.0014868428448279822 0.00018876677699765671 0.0013267294904487159 -0.00025533450095515162 0.003199704208080848 -0.00044218002097192312 0.00041913165559977753 0.0033776059949241826 0.0008716032914175769 0.0032469190724075457 0.00014693826507648517 0.0013456760141526596 -0.00051233725625900487 0.0019354298838547297 0.00062905057937832042
leaf_weight=8103 2121 2521 2053 3162 110 1681 4026 435 328 785 146 2119 2586 3335 2192 600 265 290 167 364 2560 386 963 2335 535 115 3437 1096 125 1185
leaf_count=8103 2121 2521 2053 3162 110 1681 4026 435 328 785 146 2119 2586 3335 2192 600 265 290 167 364 2560 386 963 2335 535 115 3437 1096 125 1185
internal_value=5.43315e-06 0.00132891 -0.00171645 0.00243668 0.000495393 0.0030094 -0.00235415 4.34685e-05 -0.000889462 0.000801218 0.00186071 0.00173264 0.000335753 -0.000717401 -5.73677e-05 -0.000399589 0.000993177 0.00271269 -0.00191536 0.00214109 -0.00078153 0.00138212 0.00280906 0.000670875 0.00286591 -0.00146834 0.00126374 -0.000976767 0.000433016 0.000230773
internal_weight=50126 28343 21783 12167 16176 6096 12296 6533 9487 9643 6071 5390 2821 7319 6098 2792 6822 4415 4193 2483 6991 2907 4125 3120 681 2168 3702 4431 2711 3306
internal_count=50126 28343 21783 12167 16176 6096 12296 6533 9487 9643 6071 5390 2821 7319 6098 2792 6822 4415 4193 2483 6991 2907 4125 3120 681 2168 3702 4431 2711 3306
is_linear=0
shrinkage=0.03


Tree=16
num_leaves=31
num_cat=0
split_feature=22 22 22 22 8 5 22 22 23 3 8 48 39 18 64 72 21 20 10 72 69 64 72 29 6 72 64 69 3 35
split_gain=119.433 27.3525 11.9977 4.17441 2.33492 1.51511 1.2574 0.994269 0.98299 0.870063 0.79799 0.788268 0.979357 0.728301 0.716135 0.665919 0.777759 0.619916 0.619084 0.563536 0.557047 0.48724 0.469758 0.460877 0.42711 0.373352 0.335263 0.311056 0.288694 0.276599
threshold=0.15385267857142856 0.25670431547619049 0.080993005952380973 0.31890327380952382 0.19922916666666668 -6.5963167616554186 0.055093452380952347 0.11052678571428569 0.088510647220507804 25.850000000000005 0.19320833333333334 63.166666666666679 1.0000000180025095e-35 0.30765625000000002 544.50000000000011 1.0000000180025095e-35 0.089436582508058068 0.083625892857142822 0.38194791666666666 0.028816599268702173 0.2843565540399125 714.50000000000011 -0.090772086955138484 1.0000000180025095e-35 -1409.1341275784612 0.16075073306939472 1700.5000000000002 0.098819223632317002 27.050000000000004 1.6433682912418819
decision_type=2 2 2 2 2 2 2 2 2 2 2 2 2 2 2 2 2 2 2 2 2 2 2 2 2 2 2 2 2 2
left_child=2 4 6 11 8 18 -1 14 9 25 -11 -3 20 15 27 16 -6 -9 23 -19 -13 29 -14 -5 -16 -2 -17 -4 -20 -8
right_child=1 3 7 5 13 -7 21 17 -10 10 -12 12 22 -15 24 26 -18 19 28 -21 -22 -23 -24 -25 -26 -27 -28 -29 -30 -31
leaf_value=-0.0025031608868509437 5.0802118367131661e-05 0.0010795629705506351 -0.0017381670273301779 0.00097161370322999406 0.00040984270002075181 0.0036930138367182834 -0.0020410490329827546 0.00073533661369730137 0.001214771907903141 -0.00019419355997422322 -0.0014401616855074673 0.0033197694355119349 0.0014051348538139802 0.001942413263969308 -0.0027564081123098729 0.0010747468845856564 0.0018733211536374355 -0.00091942610710398257 0.0033224719852034306 -0.00030840659986310114 0.0017253156898840096 -0.00024772003951615521 0.0020682074825476315 0.0025038561923089509 0.00057759955770424795 0.00076255357297781918 -0.0006461149018565283 -0.0010987876734046965 -1.5396105206531021e-05 -0.0013685893329714305
leaf_weight=8103 2389 1122 1535 196 5089 1677 3318 277 585 2035 601 667 1871 462 39 3640 350 3968 1075 2094 299 167 2112 3126 251 923 102 1323 22 708
leaf_count=8103 2389 1122 1535 196 5089 1677 3318 277 585 2035 601 667 1871 462 39 3640 350 3968 1075 2094 299 167 2112 3126 251 923 102 1323 22 708
internal_value=5.29918e-06 0.00128911 -0.00166498 0.0023637 0.000480565 0.00291922 -0.00228355 -0.000862796 4.21667e-05 -7.28423e-05 -0.000479847 0.00180502 0.00196863 0.000777227 -0.00129956 0.000718061 0.000504896 -0.000645251 0.00262412 -0.000708942 0.00283164 -0.00185794 0.00175792 0.00241468 0.000110992 0.000250231 0.00102688 -0.00144373 0.00325285 -0.00192391
internal_weight=50126 28343 21783 12167 16176 6096 12296 9487 6533 5948 2636 6071 4949 9643 3148 9181 5439 6339 4419 6062 966 4193 3983 3322 290 3312 3742 2858 1097 4026
internal_count=50126 28343 21783 12167 16176 6096 12296 9487 6533 5948 2636 6071 4949 9643 3148 9181 5439 6339 4419 6062 966 4193 3983 3322 290 3312 3742 2858 1097 4026
is_linear=0
shrinkage=0.03


Tree=17
num_leaves=31
num_cat=0
split_feature=22 22 22 12 12 18 22 8 5 22 5 64 23 64 12 20 65 72 6 42 64 64 18 6 44 23 69 69 69 72
split_gain=112.383 25.7379 11.2883 3.97715 2.20689 1.88647 1.18451 1.04112 1.01233 0.936914 0.747134 0.706663 0.675225 1.0629 0.658825 0.56539 0.564957 0.543552 0.474401 0.472501 0.465754 0.46214 0.423774 0.42102 0.40877 0.344784 0.315421 0.308984 0.295802 0.272217
threshold=0.15385267857142856 0.25670431547619049 0.080993005952380973 0.35127916666666664 0.19882971014492754 0.29100555555555557 0.053839136904761879 0.20935416666666662 -6.7393841700783765 0.11150987747371674 -10.866200718124402 544.50000000000011 0.085106546057288207 88.500000000000014 0.29402083333333334 0.083625892857142822 -0.0036583333333332908 0.028816599268702173 -818.12921441988453 27.116666666666671 714.50000000000011 92.500000000000014 0.32224375000000005 -1409.1341275784612 22.221428571428579 0.026251827257579283 -0.79356426026969629 0.89773508019357628 0.098819223632317002 -0.0051299058412723744
decision_type=2 2 2 2 2 2 2 2 2 2 2 2 2 2 2 2 2 2 2 2 2 2 2 2 2 2 2 2 2 2
left_child=2 4 6 5 10 19 -1 14 18 11 12 28 13 -2 24 -11 -9 -17 -5 27 -8 22 -7 -13 -6 -20 -23 -3 -4 -18
right_child=1 3 9 8 7 21 20 16 -10 15 -12 23 -14 -15 -16 17 29 -19 25 -21 -22 26 -24 -25 -26 -27 -28 -29 -30 -31
leaf_value=-0.002436122612419185 1.3283572548994931e-06 0.001339827417063669 -0.0016632791787870205 0.00082129644335262957 0.00073199609594295069 0.002012656881586943 -0.0018780371994502536 0.00048528449753522097 0.0037207390930378949 0.00075381836362269734 0.00069339827633582284 -0.0025656981492496057 0.00099401684646818278 -0.0011096825569860158 0.0013911171650044405 -0.00088396377037882083 0.00092627681379075686 -0.00027315804401343728 0.0024812895098638814 0.00024376202732563537 -0.00024033270669834953 0.00054281912361903953 0.0026367263061327544 0.00052984831560282932 -2.8975350428171499e-05 0.0031818243536205098 0.0019699301909293148 0.0025326875067859618 -0.0010565883641425701 0.0013971560070143983
leaf_weight=7901 3844 2484 1626 120 885 1770 4228 1502 1355 257 1268 45 448 968 472 3880 2306 2007 1544 342 167 217 2463 278 2221 1221 431 220 1394 2262
leaf_count=7901 3844 2484 1626 120 885 1770 4228 1502 1355 257 1268 45 448 968 472 3880 2306 2007 1544 342 167 217 2463 278 2221 1221 431 220 1394 2262
internal_value=5.15542e-06 0.0012505 -0.00161508 0.00229289 0.000466174 0.00189473 -0.00221508 0.000754403 0.00303595 -0.000836949 3.96785e-05 -0.00124201 -0.000117442 -0.000221728 0.00034707 -0.000615896 0.000993917 -0.000676319 0.00271211 0.00130581 -0.00181656 0.0022613 0.00237702 8.27332e-05 0.00018705 0.00279276 0.00149822 0.00143889 -0.00138467 0.00116036
internal_weight=50126 28343 21783 12167 16176 7927 12296 9648 4240 9487 6528 3343 5260 4812 3578 6144 6070 5887 2885 3046 4395 4881 4233 323 3106 2765 648 2704 3020 4568
internal_count=50126 28343 21783 12167 16176 7927 12296 9648 4240 9487 6528 3343 5260 4812 3578 6144 6070 5887 2885 3046 4395 4881 4233 323 3106 2765 648 2704 3020 4568
is_linear=0
shrinkage=0.03


Tree=18
num_leaves=31
num_cat=0
split_feature=22 22 22 12 8 8 22 24 12 22 12 21 64 64 73 72 8 6 64 72 9 6 65 21 32 65 23 5 71 22
split_gain=105.75 24.219 10.6207 3.74182 2.10444 1.3179 1.11398 0.953235 0.894228 0.882119 0.824287 0.655794 0.637992 0.634402 0.581432 0.550089 0.474036 0.447703 0.437859 0.420522 0.431615 0.380152 0.379798 0.379653 0.362688 0.324813 0.323992 0.319884 0.318534 0.278434
threshold=0.15385267857142856 0.25670431547619049 0.080993005952380973 0.35127916666666664 0.19922916666666668 0.29991041666666668 0.053839136904761879 -6.6836904340177101 0.29402083333333334 0.11052678571428569 0.19882971014492754 0.0020327998222403813 92.500000000000014 544.50000000000011 -0.023061337557158442 0.0084017496924984076 0.089727083333333305 -818.12921441988453 714.50000000000011 0.028816599268702173 0.087241666666666662 -1409.1341275784612 -0.0067897727272727406 0.076184082631502045 0.49999999999999994 -0.019229166666666683 0.02499479547315998 -10.866200718124402 -0.17849823088090752 0.29541160714285714
decision_type=2 2 2 2 2 2 2 2 2 2 2 2 2 2 2 2 2 2 2 2 2 2 2 2 2 2 2 2 2 2
left_child=2 4 6 5 8 24 -1 17 15 13 11 -6 28 -4 22 16 -2 -5 -8 20 23 -15 -12 -11 -3 -16 -19 -13 -7 -26
right_child=1 3 9 7 10 12 18 -9 -10 19 14 27 -14 21 25 -17 -18 26 -20 -21 -22 -23 -24 -25 29 -27 -28 -29 -30 -31
leaf_value=-0.0023630481482495467 0.00072819099568363014 0.00085106626181659156 -0.0013590192199577362 0.00079686116412174229 -0.0018374136121171278 0.0019805294457473773 -0.0018217094077893276 0.0036191810129398323 0.0013488124890440919 0.00030000399857450105 -7.2278248307946363e-05 0.00021615507387760425 0.0012866430060143282 -0.002600736512057483 0.00014215680475773891 0.00028728918761265066 -0.00040815694117453161 0.0024089404514161757 -0.00023316563566082288 -0.00026368799474520903 -0.00090039136820141094 0.00054450795349354547 0.0007683023126320844 -0.0020947984593427359 0.0014240346303661102 0.0012457408209851227 0.0030847148588697411 0.00098944635958599612 0.002572334571711818 0.0021920730829433966
leaf_weight=7901 365 825 2858 120 122 1424 4228 1329 435 480 590 2065 616 39 265 2470 3263 1545 167 2151 3641 251 2530 67 2246 3437 1246 634 2262 554
leaf_count=7901 365 825 2858 120 122 1424 4228 1329 435 480 590 2065 616 39 265 2470 3263 1545 167 2151 3641 251 2530 67 2246 3437 1246 634 2262 554
internal_value=5.02904e-06 0.00121307 -0.00156666 0.00222423 0.000452226 0.001838 -0.00214865 0.00294501 3.60067e-05 -0.000811876 0.000733866 0.000300805 0.00219459 -0.00122332 0.000912433 -5.73561e-05 -0.000292837 0.00263506 -0.0017621 -0.000606913 -0.000782375 0.000103734 0.000608413 0 0.00141351 0.00116761 0.0027127 0.000399213 0.00234512 0.0015778
internal_weight=50126 28343 21783 12167 16176 7927 12296 4240 6533 9487 9643 2821 4302 3148 6822 6098 3628 2911 4395 6339 4188 290 3120 547 3625 3702 2791 2699 3686 2800
internal_count=50126 28343 21783 12167 16176 7927 12296 4240 6533 9487 9643 2821 4302 3148 6822 6098 3628 2911 4395 6339 4188 290 3120 547 3625 3702 2791 2699 3686 2800
is_linear=0
shrinkage=0.03


Tree=19
num_leaves=31
num_cat=0
split_feature=18 12 20 12 12 20 10 0 20 12 18 57 10 72 70 72 0 72 72 64 69 7 46 20 0 20 72 20 42 23
split_gain=95.8424 19.3123 13.7825 3.40005 2.3723 2.25278 2.0609 1.98886 1.55772 1.10655 1.09593 0.984234 0.75983 0.579071 0.577409 0.511682 0.522423 0.484566 0.482938 0.451016 0.385066 0.430285 0.365785 0.360542 0.355249 0.425473 0.366473 0.3081 0.29067 0.254241
threshold=0.19800694444444447 0.074477083333333319 0.29710416666666667 0.18089583333333334 0.35127916666666664 0.11744345238095236 0.38194791666666666 92.500000000000014 0.059495535714285674 0.29402083333333334 0.2489861111111111 12.750000000000005 0.27283974358974361 -0.19066800342068288 0.76110425866077458 -0.15777314449665389 57.500000000000007 1.0000000180025095e-35 0.0084017496924984076 554.50000000000011 -0.74981945761428159 -343.48874122347598 32.660714285714299 0.13448779761904761 27.500000000000004 0.20335949792960664 -0.10015301145435805 0.19133928571428574 18.283333333333339 0.0706733542428538
decision_type=2 2 2 2 2 2 2 2 2 2 2 2 2 2 2 2 2 2 2 2 2 2 2 2 2 2 2 2 2 2
left_child=1 8 4 5 7 19 11 10 28 24 13 20 -9 -2 -6 -13 -17 -12 -7 22 21 -4 -3 -10 26 -26 -5 -25 -1 -30
right_child=2 3 6 9 14 18 -8 12 23 -11 17 15 -14 -15 -16 16 -18 -19 -20 -21 -22 -23 -24 27 25 -27 -28 -29 29 -31
leaf_value=-0.0027995175066025521 0.0002895356701990454 -0.0013901998084917542 -0.0019516199611804702 -0.00022444594662754337 0.0028527711091434265 -0.00060345550341482028 0.0032865083246116987 -0.00073993784168938993 -0.0016161048250334196 0.0013221517463608383 0.001027062353476095 0.0019066574085448271 0.0017641869284121727 0.00086976059812833692 0.00022440773423197365 0.0027302359482385633 0.0018373802187647802 0.0016605660860468739 -4.927094645834456e-05 0.00052961634687180147 0.001726396538547538 0.00093863776042778387 0.00074622251737552377 -5.3312060958577914e-05 -0.0001849778577915491 -0.0016805829922804264 0.00040573688790823746 -0.0017591593057103456 -0.0022059218133326504 -6.0949539558755018e-05
leaf_weight=838 2364 4071 54 1367 655 3905 2010 931 3188 646 2937 1749 122 4594 88 2910 782 1782 2239 115 652 282 71 272 1057 205 2098 149 7940 53
leaf_count=838 2364 4071 54 1367 655 3905 2010 931 3188 646 2937 1749 122 4594 88 2910 782 1782 2239 115 652 282 71 272 1057 205 2098 149 7940 53
internal_value=4.90021e-06 -0.00115107 0.00149346 -0.00045376 0.000897533 -0.000770351 0.00244429 0.000800878 -0.00203492 0.000158564 0.000913564 0.00218004 -0.000445566 0.000673129 0.00254622 0.00233904 0.00254248 0.00126722 -0.000402028 -0.00130102 0.00129993 0.000460817 -0.00135268 -0.00150642 -6.49317e-08 -0.000431438 0.000156261 -0.000666891 -0.00225037 -0.00219208
internal_weight=50126 28214 21912 15774 13473 10401 8439 12730 12440 5373 11677 6429 1053 6958 743 5441 3692 4719 6144 4257 988 336 4142 3609 4727 1262 3465 421 8831 7993
internal_count=50126 28214 21912 15774 13473 10401 8439 12730 12440 5373 11677 6429 1053 6958 743 5441 3692 4719 6144 4257 988 336 4142 3609 4727 1262 3465 421 8831 7993
is_linear=0
shrinkage=0.03


Tree=20
num_leaves=31
num_cat=0
split_feature=22 22 22 12 12 20 22 64 26 8 22 5 23 64 57 12 64 69 68 72 69 72 44 39 64 6 20 41 64 69
split_gain=92.3869 23.0724 8.07049 3.49376 2.2397 1.34212 1.03251 0.820724 0.817565 0.739479 0.700981 0.659786 0.789296 0.969102 0.56928 0.559701 0.525227 0.467736 0.449885 0.41445 0.390059 0.387666 0.363265 0.356318 0.354162 0.347576 0.456903 0.331867 0.345926 0.292573
threshold=0.14605208333333333 0.25670431547619049 0.080993005952380973 0.35127916666666664 0.19882971014492754 0.30152440476190484 0.055093452380952347 544.50000000000011 -7.0720737154424018 0.20935416666666662 0.09962053571428571 -11.483091290529901 0.085106546057288207 88.500000000000014 12.750000000000005 0.28493750000000001 714.50000000000011 -0.80392051724781066 -1.6850451849244517 -0.0051299058412723744 -0.79356426026969629 0.036862228094019407 22.407142857142862 5.0888246878867606e-08 898.50000000000011 -1409.1341275784612 0.18051785714285715 1.0000000180025095e-35 48.500000000000007 -0.67760851415498069
decision_type=2 2 2 2 2 2 2 2 2 2 2 2 2 2 2 2 2 2 2 2 2 2 2 2 2 2 2 2 2 2
left_child=2 4 6 5 11 18 -1 10 27 15 -4 12 13 -2 20 22 -8 -9 -3 23 -7 -12 -6 -11 -20 -19 -27 -5 -29 -16
right_child=1 3 7 8 9 14 16 17 -10 19 21 -13 -14 -15 29 -17 -18 25 24 -21 -22 -23 -24 -25 -26 26 -28 28 -30 -31
leaf_value=-0.0022157179335394093 -5.7116262390386816e-05 0.00085284895319909584 -0.0014175778303617845 0.0031272905937723113 0.00067210394773550212 0.00010194708634662674 -0.0017013960975897817 0.0035646527843440283 0.0033682832611712735 0.0016036253689490651 -0.00091805334411528287 0.00052351072036760425 0.0010144376397105237 -0.0010620808948090812 0.0026605856956537582 0.0011765075389162224 -2.2977666246394314e-05 -0.0018151663512248417 0.0016183453096119571 0.0011498405412350972 0.0017245539198438792 -0.00039605121017921021 -3.7341101747068582e-05 0.00053686556255885657 -0.00042873397043773103 0.0005235705243294335 -0.0018104445142992612 0.0024561727177220384 0.0013495359203131621 0.0020463914417110942
leaf_weight=8158 4317 1361 1834 595 932 191 3979 33 1454 317 3822 1649 475 1081 1076 609 179 86 2218 2883 475 1966 2115 2800 76 557 86 1917 313 2435
leaf_count=8158 4317 1361 1834 595 932 191 3979 33 1454 317 3822 1649 475 1081 1076 609 179 86 2218 2883 475 1966 2115 2800 76 557 86 1917 313 2435
internal_value=4.57367e-06 0.00108885 -0.00152943 0.00209165 0.000381597 0.0017136 -0.00201833 -0.000810743 0.00278234 0.000683917 -0.000904632 -6.13247e-06 -0.000155418 -0.000259085 0.00208232 0.000346111 -0.00162989 0.000124407 0.00129094 0.000889161 0.00126456 -0.000741363 0.000178825 0.000646797 0.00154906 -3.18846e-05 0.000204416 0.00247861 0.00230287 0.00223618
internal_weight=49989 29289 20700 12111 17178 7832 12316 8384 4279 9656 7622 7522 5873 5398 4177 3656 4158 762 3655 6000 666 5788 3047 3117 2294 729 643 2825 2230 3511
internal_count=49989 29289 20700 12111 17178 7832 12316 8384 4279 9656 7622 7522 5873 5398 4177 3656 4158 762 3655 6000 666 5788 3047 3117 2294 729 643 2825 2230 3511
is_linear=0
shrinkage=0.03


Tree=21
num_leaves=31
num_cat=0
split_feature=22 22 22 12 12 0 8 22 0 64 9 64 66 22 42 72 64 23 7 5 8 68 72 8 6 39 23 53 68 6
split_gain=86.9332 21.7107 7.59315 3.28723 2.1076 1.1939 1.07961 0.971004 0.776177 0.772276 0.725418 0.776946 0.69581 0.659379 0.574881 0.564784 0.493876 0.476291 0.40857 0.400364 0.369153 0.368608 0.364613 0.364331 0.355405 0.33527 0.334491 0.327465 0.309825 0.301788
threshold=0.14605208333333333 0.25670431547619049 0.080993005952380973 0.35127916666666664 0.19882971014492754 27.500000000000004 0.29991041666666668 0.055093452380952347 57.500000000000007 544.50000000000011 0.28102499999999997 56.500000000000007 -0.013749999999999934 0.09962053571428571 27.116666666666671 -0.085943171392368164 714.50000000000011 0.090321223888846738 -517.74320999071585 -10.979036306097386 0.22494166666666668 0.32753503337202 0.036862228094019407 0.31218750000000001 -778.59920887912415 5.4177531919797329e-09 0.010710409617030174 6.1733208332217826 -3.5964206838753685 -1409.1341275784612
decision_type=2 2 2 2 2 2 2 2 2 2 2 2 2 2 2 2 2 2 2 2 2 2 2 2 2 2 2 2 2 2
left_child=2 4 7 6 8 24 21 -1 15 13 11 -10 17 -4 28 -2 -9 19 29 -6 -17 -3 -15 27 -5 -7 -27 -14 -8 -11
right_child=1 3 9 5 12 25 14 16 10 18 -12 -13 23 22 -16 20 -18 -19 -20 -21 -22 -23 -24 -25 -26 26 -28 -29 -30 -31
leaf_value=-0.0021492544615436685 -0.00017100915205777982 0.0010668736373137973 -0.0013750736681822013 0.0010757588139114278 -4.4029000423668467e-05 0.0023474727636802182 0.0015451664024057313 -0.0016503670326533672 -0.00013930713417553489 -0.0017613372995421803 0.0011120289429512331 -0.0013897111730894411 0.0007043802547063412 -0.00089051894844032061 0.00073653764073769944 0.00026776584520469974 -2.2292168127993738e-05 0.0012393691366372097 0.0021945585351945325 0.00081524269492380663 0.0010548347021686495 0.001721107014529042 -0.00038417571096180164 0.0020212924815593406 0.0030685679142521414 0.00058626387508396108 0.0021023320216344531 0.0013152008196012513 0.0022296295918042882 0.00012687843309106388
leaf_weight=8158 2352 2453 1834 89 2118 652 792 3979 999 86 220 818 5311 3822 313 2439 179 419 76 631 694 1179 1966 230 2998 284 256 947 3095 600
leaf_count=8158 2352 2453 1834 89 2118 652 792 3979 999 86 220 818 5311 3822 313 2439 179 419 76 631 694 1179 1966 230 2998 284 256 947 3095 600
internal_value=4.45819e-06 0.00105625 -0.00148358 0.002029 0.000370174 0.002699 0.00166227 -0.0019578 -5.93486e-06 -0.000786451 -0.000506242 -0.000704335 0.000663443 -0.000877527 0.00199132 0.000179379 -0.00158102 0.000297403 0.000120575 0.00015234 0.00044335 0.00128049 -0.000719145 0.000841639 0.00301245 0.00188289 0.0013131 0.000797488 0.00209137 -0.000107689
internal_weight=49989 29289 20700 12111 17178 4279 7832 12316 7522 8384 2037 1817 9656 7622 4200 5485 4158 3168 762 2749 3133 3632 5788 6488 3087 1192 540 6258 3887 686
internal_count=49989 29289 20700 12111 17178 4279 7832 12316 7522 8384 2037 1817 9656 7622 4200 5485 4158 3168 762 2749 3133 3632 5788 6488 3087 1192 540 6258 3887 686
is_linear=0
shrinkage=0.03


Tree=22
num_leaves=31
num_cat=0
split_feature=20 20 12 12 10 23 12 0 18 20 18 5 12 6 0 44 70 18 8 11 64 63 18 72 64 31 46 12 72 19
split_gain=78.9301 19.0542 8.44533 3.35787 2.12856 1.80121 1.49888 1.24633 0.985109 0.975285 0.90179 0.763644 0.709807 0.701041 0.639837 0.605448 0.531174 0.529649 0.499062 0.496038 0.442176 0.329709 0.323202 0.318622 0.315154 0.342504 0.285395 0.284447 0.281906 0.274225
threshold=0.15085416666666665 0.28169644151138723 0.072437499999999974 0.20066666666666669 0.37232291666666667 0.05399966404244691 0.35127916666666664 57.500000000000007 0.1157270833333333 0.059495535714285674 0.23313888888888887 -11.194049507348614 0.27312083333333342 -382.00692136171932 27.500000000000004 22.221428571428579 0.61864848712698517 0.23027777777777778 0.044870833333333311 0.19317291666666661 524.50000000000011 -106.01999999999998 0.31675138888888893 -0.1044822286614857 699.50000000000011 0.057735026918962588 32.660714285714299 0.31539583333333338 -0.085943171392368164 4.1666666689733094e-05
decision_type=2 2 2 2 2 2 2 2 2 2 2 2 2 2 2 2 2 2 2 2 2 2 2 2 2 2 2 2 2 2
left_child=2 3 9 7 11 8 10 17 20 -1 15 21 18 19 -6 -5 -8 28 -7 -9 26 -3 -23 -12 25 -11 -4 -13 -2 -19
right_child=1 4 5 6 14 12 16 13 -10 24 23 27 -14 -15 -16 -17 -18 29 -20 -21 -22 22 -24 -25 -26 -27 -28 -29 -30 -31
leaf_value=-0.0020574491992987739 -0.00020088767274373227 0.0011310269048856133 -0.001276305837032512 0.00092006696446525645 0.0031427448587334917 -0.00139933503267693 0.0026163943246885371 -0.00032306294585886637 -0.00052272302221079961 -0.0016780209176143152 0.00072849034709682767 0.0018591606727709153 0.0021635679993088595 0.0001053668214696405 0.0021702871575144059 0.00025269305355082227 0.00046866866048011515 0.0024291163483842653 0.00030177284920496666 -0.0015273233874377921 0.00049283461696468295 0.0013870615438761863 0.0020313095251266386 0.0012179426605490283 0 -0.0009045520942118886 0.0004119516331236809 0.0024855444922522885 0.00028990061838602251 0.0006957935621781029
leaf_weight=8860 1839 1168 4058 1771 1857 181 527 508 3894 2294 2147 1242 161 697 964 4021 134 93 1049 812 134 1351 1601 2858 134 695 89 1595 2452 803
leaf_count=8860 1839 1168 4058 1771 1857 181 527 508 3894 2294 2147 1242 161 697 964 4021 134 93 1049 812 134 1351 1601 2858 134 695 89 1595 2452 803
internal_value=4.34926e-06 0.00104205 -0.00136504 0.000479717 0.00211484 -0.000699722 0.000798788 -2.7392e-05 -0.000869609 -0.00189581 0.000713334 0.0018312 0.000296466 -0.00066036 0.00281238 0.000457395 0.0021869 0.000218244 4.80768e-05 -0.00106673 -0.00118424 0.00156701 0.00173805 0.00100877 -0.00143575 -0.00149954 -0.00123926 0.00221313 7.8866e-05 0.000881555
internal_weight=49989 28440 21549 18662 9778 9566 11458 7204 8175 11983 10797 6957 1391 2017 2821 5792 661 5187 1230 1320 4281 4120 2952 5005 3123 2989 4147 2837 4291 896
internal_count=49989 28440 21549 18662 9778 9566 11458 7204 8175 11983 10797 6957 1391 2017 2821 5792 661 5187 1230 1320 4281 4120 2952 5005 3123 2989 4147 2837 4291 896
is_linear=0
shrinkage=0.03


Tree=23
num_leaves=31
num_cat=0
split_feature=22 22 22 22 18 0 0 18 22 39 72 64 68 10 10 22 6 44 70 69 66 64 63 69 70 65 10 72 20 6
split_gain=77.0335 19.2724 6.75374 2.84278 1.65957 1.23778 1.0252 0.954524 0.855421 0.829064 0.76314 0.690631 0.654572 0.63877 0.63805 0.589863 0.573616 0.551861 0.601088 0.483814 0.47837 0.446963 0.443239 0.416987 0.41034 0.392843 0.367452 0.34041 0.309699 0.40703
threshold=0.14605208333333333 0.25670431547619049 0.080993005952380973 0.31890327380952382 0.19800694444444447 27.500000000000004 57.500000000000007 0.30765625000000002 0.052691517857142857 5.0888246878867606e-08 -0.029757039759795486 544.50000000000011 -1.8826476739287219 0.36343958333333332 0.1118083333333333 0.09962053571428571 -333.17958094599015 22.407142857142862 -0.21772323039653199 -0.3896268414500369 0.083322463768115987 714.50000000000011 -163.62999999999997 -0.80392051724781066 -0.9523422988233432 -0.032270833333333297 0.39531250000000001 0.036862228094019407 0.18051785714285715 -1409.1341275784612
decision_type=2 2 2 2 2 2 2 2 2 2 2 2 2 2 2 2 2 2 2 2 2 2 2 2 2 2 2 2 2 2
left_child=2 4 8 12 14 13 9 16 -1 25 -11 15 -3 19 -2 -4 -8 24 -19 -5 22 -10 -14 -13 -16 -6 -7 -17 29 -25
right_child=1 3 11 5 6 26 7 -9 21 10 -12 23 20 -15 17 27 -18 18 -20 -21 -22 -23 -24 28 -26 -27 -28 -29 -30 -31
leaf_value=-0.0020368500714858686 0.00089622201061295356 0.00098863753622031522 -0.0012958028227586403 0.0028816776931701823 -0.00213186824807365 0.0015897105320257408 -0.00067717408478759687 0.0014857389613986013 -0.0015743184611510506 0.00036928341088255019 0.00099351106059678007 0.0033668373450636861 0.00064820245220451739 0.0030440190086387397 -0.001010487786701917 -0.00084085166467239676 0.00037844707423745599 5.477911717987355e-05 -0.00059335210545369331 0.0018960470398029932 0.0026254338306607675 -2.757998860130707e-05 0.0016730246520819012 -0.0017526923560773034 0.00063159543932811185 0.0020009628359147374 0.00285403384479677 -0.0003516052906000867 -0.0016698754065884993 0.00049538806488772522
leaf_weight=7756 654 1925 1834 758 20 1728 1093 344 4381 3637 3462 33 443 2094 152 3822 799 2952 2273 1217 428 179 3273 82 1226 566 245 1966 90 557
leaf_count=7756 654 1925 1834 758 20 1728 1093 344 4381 3637 3462 33 443 2094 152 3822 799 2952 2273 1217 428 179 3273 82 1226 566 245 1966 90 557
internal_value=4.24804e-06 0.000994344 -0.0013965 0.00191085 0.000347933 0.00237241 0.000600108 3.33076e-05 -0.00184375 0.000764606 0.000674223 -0.000739 0.00145053 0.00267317 2.73745e-06 -0.000825132 -0.000229831 -8.54266e-05 -0.000226659 0.00227711 0.00166408 -0.00151428 0.00155187 0.000118567 0.000447689 0.00185141 0.0017496 -0.000675278 -2.87748e-05 0.000199927
internal_weight=49989 29289 20700 12111 17178 6042 9921 2236 12316 7685 7099 8384 6069 4069 7257 7622 1892 6603 5225 1975 4144 4560 3716 762 1378 586 1973 5788 729 639
internal_count=49989 29289 20700 12111 17178 6042 9921 2236 12316 7685 7099 8384 6069 4069 7257 7622 1892 6603 5225 1975 4144 4560 3716 762 1378 586 1973 5788 729 639
is_linear=0
shrinkage=0.03


Tree=24
num_leaves=31
num_cat=0
split_feature=22 22 22 12 12 18 0 22 73 0 10 22 40 42 41 73 20 42 22 52 34 66 39 10 7 18 18 0 42 70
split_gain=72.492 17.892 6.59686 2.77833 1.75853 1.18097 1.03131 0.811461 0.801042 0.643448 0.656665 0.596379 0.544793 0.490659 0.560441 0.482473 0.461756 0.402328 0.349026 0.350867 0.332447 0.329688 0.316618 0.318442 0.309963 0.308355 0.295547 0.276526 0.27362 0.270071
threshold=0.14765148809523812 0.25670431547619049 0.080993005952380973 0.35127916666666664 0.19882971014492754 0.29100555555555557 27.500000000000004 0.06119196428571428 -0.10597314970964432 57.500000000000007 0.28166458333333338 0.09962053571428571 5.9803571428571445 23.716666666666672 0.059614143907685359 -1.0000000180025095e-35 0.078557921245421242 27.116666666666671 0.21726747448979591 74.107142857142875 0.50000000000000056 0.0060645833333333498 5.4177531919797329e-09 0.41405929487179488 -19.698862139379663 0.32224375000000005 0.23177083333333334 72.500000000000014 18.083333333333339 -0.63872576220844923
decision_type=2 2 2 2 2 2 2 2 2 2 2 2 2 2 2 2 2 2 2 2 2 2 2 2 2 2 2 2 2 2
left_child=2 4 7 5 9 17 -5 28 13 15 12 -4 -11 29 -15 24 -13 -3 19 -10 -7 -18 -8 -24 -2 -22 -17 -23 -1 -6
right_child=1 3 11 6 8 20 22 -9 18 10 -12 16 -14 14 -16 26 21 -19 -20 -21 25 27 23 -25 -26 -27 -28 -29 -30 -31
leaf_value=-0.0024642597790673483 0.00013991856734875464 0.0011690045691075599 -0.0011671317015457376 0.0027610485422549336 0.00020354121303824553 0.001235420222802025 0.0021617382429890918 -0.0013644844302739699 0.0010297287792571375 -0.00027695826057175173 0.0013484687568710708 0.0005657114400779463 -0.0013961748458300666 0.0014451774162936751 -0.00024136952771227672 0.00028080047074747246 -0.00076347261921568628 3.6026847062875399e-05 0.00098981697094462583 0.00026149332729360673 0.0016111019323479807 -0.00016491823502844539 0.00091255088431322089 0.0034388088079388528 -0.00054574585101341256 0.0021569540639405789 0.0010633010895695347 -0.0014093054366823515 -0.0018770331136791513 0.0010366220802976705
leaf_weight=833 1417 2713 1950 3087 655 793 652 3102 820 1263 163 305 573 196 1760 2362 4465 321 3848 1584 1725 1691 490 50 1014 2280 538 178 8381 780
leaf_count=833 1417 2713 1950 3087 655 793 652 3102 820 1263 163 305 573 196 1760 2362 4465 321 3848 1584 1725 1691 490 50 1014 2280 538 178 8381 780
internal_value=4.14033e-06 0.000972749 -0.00134327 0.00185363 0.000343952 0.0015164 0.00246967 -0.00178846 0.000610167 -5.8938e-06 -0.000465165 -0.000704417 -0.000628459 0.000237551 -7.01849e-05 0.000165815 -0.000567902 0.00105017 0.000811719 0.000525104 0.00181031 -0.000623043 0.00171086 0.00115793 -0.000144954 0.00192306 0.000427318 -0.000285726 -0.00193071 0.000658861
internal_weight=49989 29084 20905 12111 16973 7832 4279 12316 9643 7330 1999 8589 1836 3391 1956 5331 6639 3034 6252 2404 4798 6334 1192 540 2431 4005 2900 1869 9214 1435
internal_count=49989 29084 20905 12111 16973 7832 4279 12316 9643 7330 1999 8589 1836 3391 1956 5331 6639 3034 6252 2404 4798 6334 1192 540 2431 4005 2900 1869 9214 1435
is_linear=0
shrinkage=0.03


Tree=25
num_leaves=31
num_cat=0
split_feature=22 22 22 22 10 22 12 57 3 23 64 72 22 66 12 64 41 24 72 7 72 3 35 69 66 12 64 0 11 3
split_gain=68.3765 12.8044 11.0085 2.21554 1.44429 1.32333 0.940353 0.841525 0.78936 1.20795 1.04147 0.673287 0.601493 0.485645 0.535363 0.481536 0.464256 0.432546 0.432534 0.40393 0.393488 0.364773 0.332626 0.40327 0.323988 0.317744 0.28331 0.274415 0.272733 0.258023
threshold=0.17953124999999998 0.29541160714285714 0.0970377976190476 0.24464781746031747 0.38456250000000008 0.062413690476190463 0.29402083333333334 16.150000000000009 25.950000000000003 0.059387236046570806 76.500000000000014 0.21721520837205868 0.13919791666666664 0.087483333333333357 0.34631666666666672 534.50000000000011 1.0000000180025095e-35 -5.472510748795842 1.0000000180025095e-35 -9.0481707070149735 0.041408797226620837 27.050000000000004 1.2396051084799748 0.59125596962661842 0.087483333333333357 0.078849999999999962 384.50000000000006 47.500000000000007 0.19897708333333333 17.550000000000004
decision_type=2 2 2 2 2 2 2 2 2 2 2 2 2 2 2 2 2 2 2 2 2 2 2 2 2 2 2 2 2 2
left_child=2 3 5 8 7 29 12 -3 11 10 -10 19 16 14 18 22 27 -9 -5 -2 -18 -6 -7 -24 25 -14 -26 -4 -15 -1
right_child=1 4 6 13 21 15 -8 17 9 -11 -12 -13 24 28 -16 -17 20 -19 -20 -21 -22 -23 23 -25 26 -27 -28 -29 -30 -31
leaf_value=-0.0023894699465262701 0.00031767505518852287 0.00089639696008179416 0.00074728540052045977 0.00073063647810106753 0.0028778837160368703 -0.0015097954086315225 0.0019303064843422019 0.0018831018124968435 7.6862132369411151e-05 0.00087627983371194637 -0.0012068257194935669 0.0011042159244839828 -0.0012497438598601794 0.00088675753985712901 0.0021399772155744979 -0.0002245396115653908 -0.00089327797229317571 0.0026547373389517923 0.0013145077771038642 0.001168666532034244 -0.00034227929979053714 -0.00052501818457884454 -0.001467357336198802 -0.00038744209818726674 0.00025295900846603102 -0.000193391117347399 0.0023666577659547331 -0.00069227118700415505 0.0024671854733287336 -0.0018170453650344491
leaf_weight=826 4808 725 329 3250 1821 3066 153 4872 1903 1092 808 1640 273 148 363 387 3639 790 1805 564 1750 27 623 642 337 4334 69 184 351 8485
leaf_count=826 4808 725 329 3250 1821 3066 153 4872 1903 1092 808 1640 273 148 363 387 3639 790 1805 564 1750 27 623 642 337 4334 69 184 351 8485
internal_value=3.63219e-06 0.00111525 -0.00110211 0.000638298 0.00208376 -0.00166023 -0.000394315 0.00186804 0.000382471 3.35955e-05 -0.000304932 0.000571227 -0.000427349 0.00110524 0.00102127 -0.00124845 -0.000632785 0.00199175 0.000939933 0.000407779 -0.000715002 0.00282629 -0.00133917 -0.000922398 -0.000184805 -0.000256897 0.000624487 0.000224774 0.00200715 -0.0018684
internal_weight=50064 24967 25097 16732 8235 14029 11068 6387 10815 3803 2711 7012 10915 5917 5418 4718 5902 5662 5055 5372 5389 1848 4331 1265 5013 4607 406 513 499 9311
internal_count=50064 24967 25097 16732 8235 14029 11068 6387 10815 3803 2711 7012 10915 5917 5418 4718 5902 5662 5055 5372 5389 1848 4331 1265 5013 4607 406 513 499 9311
is_linear=0
shrinkage=0.03


Tree=26
num_leaves=31
num_cat=0
split_feature=22 22 22 22 10 22 57 22 23 64 72 23 6 23 64 47 24 66 72 39 73 44 50 68 35 69 52 21 21 44
split_gain=64.3408 12.0473 10.3586 2.08488 1.35834 1.24456 0.791432 0.743734 0.749055 0.713347 0.666066 0.621098 0.489742 0.470038 0.454415 0.426022 0.406697 0.372194 0.371281 0.368411 0.327235 0.316496 0.283522 0.27692 0.27672 0.379296 0.272474 0.26689 0.256759 0.242478
threshold=0.17953124999999998 0.29541160714285714 0.0970377976190476 0.24464781746031747 0.38456250000000008 0.062413690476190463 16.150000000000009 0.13919791666666664 0.083670862833367096 1419.5000000000002 0.11531523416287605 0.051889621045792936 -9.8105253186208135 0.09434562525343658 714.50000000000011 1.9362061114151626e-07 -5.472510748795842 0.0054583333333333714 0.041408797226620837 0.010690449676693194 0.0055758095597191479 26.650000000000002 66.500000000000014 0.08460137006618941 1.2396051084799748 0.59125596962661842 72.035714285714292 0.0019510752857021089 0.023784055571877752 18.507142857142863
decision_type=2 2 2 2 2 2 2 2 2 2 2 2 2 2 2 2 2 2 2 2 2 2 2 2 2 2 2 2 2 2
left_child=2 3 5 9 6 29 -3 15 20 10 13 -11 17 -2 24 27 28 23 -17 -14 -9 -6 -10 -5 -7 -26 -12 -4 -8 -1
right_child=1 4 7 12 21 14 16 8 22 11 26 -13 19 -15 -16 18 -18 -19 -20 -21 -22 -23 -24 -25 25 -27 -28 -29 -30 -31
leaf_value=-0.0023182003095962517 0.00019319358290240796 0.00086954209811779585 -0.0016267623949462351 0.00052971626775160632 0.0027975739928546234 -0.0014280630344474284 0.0017221407104921795 -0.00047063660796020521 0.0013952478024313792 -0.0014499174462134993 0.0012775834362648111 0.00059040173805422261 0.0028728767321406236 0.001054132899944411 6.2495259504954706e-05 -0.00087152009468995767 0.00257519593428851 0.0012851223133657575 -0.00033297070518264744 0.0013824293929353933 3.3168203257962963e-05 0 -0.00019638649021091163 0.0011719894749417103 -0.0014234071692599871 -0.00037583692203884913 0.00062746776226149431 0.00038017393437738068 0.0023120905979897976 -0.001762573966211759
leaf_weight=825 6542 725 66 2079 1811 3218 4018 2512 375 348 800 215 179 627 235 3592 790 1685 1730 1100 2136 37 133 874 623 642 2283 524 854 8486
leaf_count=825 6542 725 66 2079 1811 3218 4018 2512 375 348 800 215 179 627 235 3592 790 1685 1730 1100 2136 37 133 874 623 642 2283 524 854 8486
internal_value=3.53748e-06 0.00108185 -0.00106907 0.00061921 0.0020213 -0.00161047 0.00181205 -0.000382481 -0.000118389 0.000371029 0.000428318 -0.00066577 0.00107218 0.000269046 -0.00121107 -0.000612235 0.00193203 0.000926928 -0.000697115 0.00159545 -0.000238509 0.00274149 0.000973079 0.000721158 -0.0012785 -0.000894841 0.000797497 0.00014822 0.00182662 -0.00181237
internal_weight=50064 24967 25097 16732 8235 14029 6387 11068 5156 10815 10252 563 5917 7169 4718 5912 5662 4638 5322 1279 4648 1848 508 2953 4483 1265 3083 590 4872 9311
internal_count=50064 24967 25097 16732 8235 14029 6387 11068 5156 10815 10252 563 5917 7169 4718 5912 5662 4638 5322 1279 4648 1848 508 2953 4483 1265 3083 590 4872 9311
is_linear=0
shrinkage=0.03


Tree=27
num_leaves=31
num_cat=0
split_feature=22 22 22 22 10 22 12 0 0 23 64 73 22 10 6 64 65 41 18 57 52 51 0 12 8 68 73 6 64 0
split_gain=60.544 11.3354 9.74659 1.96193 1.27757 1.17063 0.854614 0.776032 0.686288 0.714909 0.797729 0.644611 0.530943 0.489062 0.460751 0.434174 0.410448 0.407634 0.406332 0.400134 0.336083 0.328938 0.328147 0.312524 0.302834 0.302153 0.30096 0.293893 0.252465 0.258949
threshold=0.17953124999999998 0.29541160714285714 0.0970377976190476 0.24464781746031747 0.38456250000000008 0.062413690476190463 0.29402083333333334 35.000000000000007 57.500000000000007 0.096095801051490085 72.500000000000014 -0.067173480133646976 0.13611755952380952 0.3486833333333334 -9.8105253186208135 534.50000000000011 -0.0033333333333332711 1.0000000180025095e-35 0.25170138888888888 29.750000000000004 73.607142857142875 1.0000000180025095e-35 15.000000000000002 0.34631666666666672 0.29485833333333339 0.053227149525236335 0.060531593105348953 -5.7575370489372668 12.500000000000002 15.000000000000002
decision_type=2 2 2 2 2 2 2 2 2 2 2 2 2 2 2 2 2 2 2 2 2 2 2 2 2 2 2 2 2 2
left_child=2 3 5 8 7 -1 12 13 11 10 -10 20 17 16 22 28 -3 -4 25 24 -2 -16 23 -5 -9 -14 -19 -13 29 -7
right_child=1 4 6 14 -6 15 -8 19 9 -11 -12 27 18 -15 21 -17 -18 26 -20 -21 -22 -23 -24 -25 -26 -27 -28 -29 -30 -31
leaf_value=-0.0017580227036226824 0.00056111792266925803 0.0013103351606839873 0.00020640907721156536 0.00047965189198422503 0.0026592849572015637 -7.9449303267397663e-05 0.0018449649931258196 -0.0014192746051587162 0.00016161339787475144 0.0011717710553922436 -0.0011041889599967567 0.00065702219139392333 -0.00040644072091174571 0.0024478719708914687 0.0026703355444033681 -0.00020217290951764767 0.0020321616592599771 -0.00086736163485587369 0.0013250359324330173 0.001538690030910374 -7.0541547737880715e-05 0.0013308975003738523 0.00110910764014038 0.0019828980734523881 0.00081522384354611849 6.5472243344603676e-05 -0.00037833928002051529 0.0025164630294459154 -0.0013953529914313794 -0.0011364411550642082
leaf_weight=9311 1165 1185 494 1748 1848 291 153 59 1118 329 743 5234 3372 1389 203 387 1933 3199 153 1287 2148 1076 2755 135 534 1898 1799 78 3242 798
leaf_count=9311 1165 1185 494 1748 1848 291 153 59 1118 329 743 5234 3372 1389 203 387 1933 3199 153 1287 2148 1076 2755 135 534 1898 1799 78 3242 798
internal_value=3.45033e-06 0.00104947 -0.00103703 0.000600694 0.00196074 -0.00156219 -0.000371019 0.00175777 0.000359929 -0.000113184 -0.000342466 0.000480406 -0.000402522 0.00197267 0.00104012 -0.00117478 0.0017593 -0.000610667 -0.000191102 0.0012402 0.000150775 0.00154775 0.000899178 0.000590013 0.000585839 -0.000235931 -0.000692052 0.000685359 -0.00126093 -0.000857079
internal_weight=50064 24967 25097 16732 8235 14029 11068 6387 10815 2190 1861 8625 10915 4507 5917 4718 3118 5492 5423 1880 3313 1279 4638 1883 593 5270 4998 5312 4331 1089
internal_count=50064 24967 25097 16732 8235 14029 11068 6387 10815 2190 1861 8625 10915 4507 5917 4718 3118 5492 5423 1880 3313 1279 4638 1883 593 5270 4998 5312 4331 1089
is_linear=0
shrinkage=0.03


Tree=28
num_leaves=31
num_cat=0
split_feature=18 12 20 12 0 19 20 18 20 12 0 12 68 6 6 26 23 69 24 8 18 66 69 9 33 41 70 46 0 44
split_gain=55.896 11.1257 7.96152 1.94152 1.71865 1.66886 1.36733 1.32145 0.932115 0.773524 0.737836 0.679155 0.577611 0.5559 0.538403 0.503888 0.528131 0.473784 0.342785 0.362981 0.335755 0.329491 0.328435 0.31087 0.299188 0.273674 0.262752 0.261344 0.315752 0.245495
threshold=0.19800694444444447 0.074477083333333319 0.29710416666666667 0.18089583333333334 57.500000000000007 2.1650635094642391e-05 0.11859613095238093 0.38301250000000003 0.069008035714285668 0.33739583333333339 57.500000000000007 0.27993750000000001 -1.6345964582746733 -46.29576409320395 -759.97835743641633 -14.741419756068568 0.099847358532316674 -0.59817537509284324 -11.103087358055328 0.19442708333333333 0.31675138888888893 -0.038135416666666651 0.26781182513105634 0.3653541666666667 3.8880774690166507e-07 0.21565132623170735 -0.69014782361074123 20.403571428571432 22.500000000000004 26.307142857142864
decision_type=2 2 2 2 2 2 2 2 2 2 2 2 2 2 2 2 2 2 2 2 2 2 2 2 2 2 2 2 2 2
left_child=1 8 4 6 5 13 22 10 27 12 14 18 -7 -2 -4 16 -6 20 19 -5 -12 -19 -3 -16 -8 -13 -24 -1 -29 -18
right_child=2 3 7 11 15 9 24 -9 -10 -11 17 25 -14 -15 23 -17 29 21 -20 -21 -22 -23 26 -25 -26 -27 -28 28 -30 -31
leaf_value=-0.0020940941752457037 0.0013353303822147965 -0.0012272218736904736 0.0010799274592253082 -2.3593194881998305e-05 -0.00062638450113778211 0.00037560402101287956 -0.00065573481693262533 0.0026096279675695798 -0.00099687785665511465 0.0019512454129901994 -0.0026098481349903961 0.001385197721126261 0.00085621759929879531 0.0027298755695189018 0.0018522860163126115 0.00054009328684795138 -0.00098474009707570057 0.0029076779188299683 0.00058563475958057023 -0.00084433751350489964 0.00067163931723393294 0.0013352055087657712 0.00035499440934435124 0.0024859402676245196 -0.00017008836669515597 0.00028272447575693058 -0.00081327198910784518 -0.001186383003421226 -0.001692219779821931 0.0013123700775206088
leaf_weight=1229 582 2445 688 3378 1260 3747 1549 1729 2273 444 28 460 5754 486 3209 850 50 141 681 567 666 1015 188 955 4449 377 1746 1368 7541 209
leaf_count=1229 582 2445 688 3378 1260 3747 1549 1729 2273 444 28 460 5754 486 3209 850 50 141 681 567 666 1015 188 955 4449 377 1746 1368 7541 209
internal_value=3.37203e-06 -0.00087738 0.0011442 -0.000350118 0.000688834 0.000846518 -0.000591131 0.00186645 -0.00154999 0.000724874 0.00167391 0.000107164 0.000667049 0.00197469 0.00186946 -4.29854e-05 -0.000371378 0.0011587 -3.45585e-05 -0.0001425 0.000531364 0.00153194 -0.000994401 0.00199889 -0.000296096 0.000893134 -0.000698032 -0.0016736 -0.00161503 0.000855292
internal_weight=50064 28251 21813 15840 13382 11013 10377 8431 12411 9945 6702 5463 9501 1068 4852 2369 1519 1850 4626 3945 694 1156 4379 4164 5998 837 1934 10138 8909 259
internal_count=50064 28251 21813 15840 13382 11013 10377 8431 12411 9945 6702 5463 9501 1068 4852 2369 1519 1850 4626 3945 694 1156 4379 4164 5998 837 1934 10138 8909 259
is_linear=0
shrinkage=0.03


Tree=29
num_leaves=31
num_cat=0
split_feature=8 12 20 12 12 10 20 0 19 20 72 12 0 50 72 64 26 5 0 69 64 21 33 69 3 69 46 72 41 40
split_gain=51.823 10.7484 7.48661 2.03043 1.50152 1.31659 1.2765 1.06566 1.08132 0.896615 0.731407 0.702814 0.661932 0.519656 0.500011 0.471022 0.425878 0.410769 0.406017 0.405121 0.518292 0.347621 0.304635 0.300981 0.291278 0.280008 0.246733 0.243091 0.226308 0.246383
threshold=0.19922916666666668 0.074477083333333319 0.29710416666666667 0.18089583333333334 0.34887499999999999 0.38456250000000008 0.12142559523809521 57.500000000000007 4.1666666689733094e-05 0.069008035714285668 -0.16282017980593985 0.27993750000000001 57.500000000000007 66.928571428571445 -0.22818753473475703 215.50000000000003 -14.534330956291125 -10.979036306097386 57.500000000000007 -0.59817537509284324 494.50000000000006 0.0039625291032417105 3.8880774690166507e-07 0.26781182513105634 27.050000000000004 0.012910176522261303 19.275000000000006 0.080073593196319251 0.21565132623170735 5.8346428571428586
decision_type=2 2 2 2 2 2 2 2 2 2 2 2 2 2 2 2 2 2 2 2 2 2 2 2 2 2 2 2 2 2
left_child=1 9 4 6 7 12 23 8 25 26 -10 17 14 -6 -4 -16 21 18 -5 20 -14 -9 -8 -3 -7 -2 -1 -24 29 -13
right_child=2 3 5 11 13 24 22 16 10 -11 -12 28 19 -15 15 -17 -18 -19 -20 -21 -22 -23 27 -25 -26 -27 -28 -29 -30 -31
leaf_value=-0.0021272653053498124 0.0025618407648049664 -0.0011520340784723652 0.0013130012861816021 -1.9263461554555174e-05 0.00046004042588809334 0.0025730518430964909 -0.00063552375184245649 -0.0019549490319111865 0.00029104474892184865 -0.00095388548448076824 0.00083342387338913079 0.0018390561019002657 0.00079827768547308261 0.002400344162008006 0.0020559052591597906 -0.00019761621406567948 0.00052336856438459187 0.00064623166016856764 -0.00093735464432185937 0.0014710597764076797 -0.002087589938804263 -0.00019696804616961135 -0.00032081650837361076 -0.0006620011206590825 -0.00051321686514549782 0.0013225130967349633 -0.001577121786321253 0.00014809025078026304 0.00036905068927868361 0.00040264994509775059
leaf_weight=844 295 2673 1393 3553 164 1798 1530 110 3615 2225 5968 315 634 578 3276 83 817 717 494 1137 60 1247 2571 2033 26 418 9294 1612 411 173
leaf_count=844 295 2673 1393 3553 164 1798 1530 110 3615 2225 5968 315 634 578 3276 83 817 717 494 1137 60 1247 2571 2033 26 418 9294 1612 411 173
internal_value=3.28449e-06 -0.000838105 0.00111046 -0.000326526 0.000664691 0.00181049 -0.000575077 0.000586229 0.000713661 -0.00150325 0.000629187 0.00013026 0.00161111 0.00197672 0.00179906 0.00199929 -1.5954e-05 -1.4367e-05 -0.000132276 0.00112098 0.000541818 -0.000343016 -0.000272884 -0.000941162 0.00252716 0.00184235 -0.00162342 -0.000139405 0.000899169 0.00133784
internal_weight=50064 28445 21619 16082 13212 8407 10419 12470 10296 12363 9583 5663 6583 742 4752 3359 2174 4764 4047 1831 694 1357 5713 4706 1824 713 10138 4183 899 488
internal_count=50064 28445 21619 16082 13212 8407 10419 12470 10296 12363 9583 5663 6583 742 4752 3359 2174 4764 4047 1831 694 1357 5713 4706 1824 713 10138 4183 899 488
is_linear=0
shrinkage=0.03


Tree=30
num_leaves=31
num_cat=0
split_feature=22 22 22 22 18 22 64 3 23 22 70 23 53 69 13 64 72 0 46 8 64 35 72 41 72 41 0 0 0 69
split_gain=51.7742 9.01883 8.34917 1.59348 1.12861 0.80652 0.782571 0.7438 0.839595 0.677857 0.623413 0.595315 0.532553 0.499909 0.455653 0.441267 0.349596 0.46722 0.325239 0.321006 0.271337 0.271202 0.267931 0.267154 0.266189 0.298304 0.257001 0.254971 0.317013 0.241479
threshold=0.18272767857142858 0.28875327380952381 0.092933393812070261 0.24464781746031747 0.38027916666666661 0.051715476190476173 153.50000000000003 27.350000000000005 0.058382189092235179 0.13919791666666664 -0.67758968959607091 0.085106546057288207 5.9614143907686143 0.39753913293121995 -10.502683781779986 714.50000000000011 -0.11846853263459066 57.500000000000007 25.289285714285722 0.35623125 12.500000000000002 0.17288756430159305 0.080073593196319251 0.059614143907685359 -0.11846853263459066 0.22683319136160907 27.500000000000004 35.000000000000007 57.500000000000007 -0.90149333598846371
decision_type=2 2 2 2 2 2 2 2 2 2 2 2 2 2 2 2 2 2 2 2 2 2 2 2 2 2 2 2 2 2
left_child=2 3 5 7 6 -1 16 12 10 13 -9 21 14 18 -2 20 -3 -18 29 24 -7 -11 -23 -15 25 -5 -6 -13 -29 -4
right_child=1 4 9 19 26 15 -8 8 -10 11 -12 27 -14 23 -16 -17 17 -19 -20 -21 -22 22 -24 -25 -26 -27 -28 28 -30 -31
leaf_value=-0.0016593329590703161 0.00018901677341783099 0.0013648428301286863 0.00035537288674010752 0.0015682408142638834 0.0026525840241314654 -0.0008248807934253989 0.00053565330454988062 0.00072233037150197445 0.00068175377354091785 -0.00072299980581960667 -0.00098940004954064706 0.00031229304241841698 0.00095247884638284064 0.00037010511240098692 0.0007273966851870249 8.3378556244946141e-05 0.0019940326977624183 0.0011539675270014341 -0.00099687814097072758 0.0021032120426613334 -0.0013443141069607017 -0.00031331085257514001 0.00017703494553883572 -0.00040228927008894731 0.0011056457839915446 0.00051569898877994278 0.0018736650868322344 0.0025602986851835071 0 -0.00063456871728325088
leaf_weight=7519 5029 2266 292 284 1279 1166 609 234 631 803 999 316 1584 489 1982 230 3314 756 2482 221 4791 2542 1647 2192 3034 1813 612 130 67 875
leaf_count=7519 5029 2266 292 284 1279 1166 609 234 631 803 999 316 1584 489 1982 230 3314 756 2482 221 4791 2542 1647 2192 3034 1813 612 130 67 875
internal_value=1.17169e-06 0.000982089 -0.000945295 0.000552748 0.00174986 -0.00144937 0.00157121 0.000336814 -0.000205246 -0.000361204 -0.000661793 -0.000117025 0.00045473 -0.000573034 0.000341726 -0.00119349 0.00167017 0.00183905 -0.00080192 0.000974029 -0.0012433 -0.000217562 -0.000119808 -0.000260205 0.000924408 0.000660356 0.00240321 0.000853982 0.00170177 -0.000384211
internal_weight=50188 24647 25541 15811 8836 13706 6945 10459 1864 11835 1233 5505 8595 6330 7011 6187 6336 4070 3649 5352 5957 4992 4189 2681 5131 2097 1891 513 197 1167
internal_count=50188 24647 25541 15811 8836 13706 6945 10459 1864 11835 1233 5505 8595 6330 7011 6187 6336 4070 3649 5352 5957 4992 4189 2681 5131 2097 1891 513 197 1167
is_linear=0
shrinkage=0.03


Tree=31
num_leaves=31
num_cat=0
split_feature=22 22 22 22 5 22 64 42 23 12 53 5 66 21 21 64 64 0 72 23 66 12 19 70 7 21 33 12 11 72
split_gain=48.7182 8.48606 7.86136 1.49943 1.09435 0.900312 0.801575 0.65719 0.798085 0.616596 0.503072 0.53036 0.48992 0.489542 0.554359 0.38301 0.374374 0.344766 0.34467 0.43836 0.313933 0.330223 0.266385 0.2633 0.248898 0.235003 0.230235 0.224981 0.2247 0.217019
threshold=0.18272767857142858 0.28875327380952381 0.09962053571428571 0.24464781746031747 -5.6979131572163757 0.062413690476190463 153.50000000000003 27.216666666666676 0.036783347610947932 0.29402083333333334 5.9614143907686143 -10.979036306097386 0.0067916666666666689 0.028859178756563832 0.0071145611460629822 714.50000000000011 687.50000000000011 72.500000000000014 0.056403021874346322 0.06042115567041615 0.087483333333333357 0.34631666666666672 0.014866798626066548 0.59123954401714229 -39.49389267723955 0.089436582508058068 1.6262723956221055 0.17597916666666666 0.19897708333333333 0.019792851079979638
decision_type=2 2 2 2 2 2 2 2 2 2 2 2 2 2 2 2 2 2 2 2 2 2 2 2 2 2 2 2 2 2
left_child=2 3 5 7 6 -1 13 10 16 12 11 -2 18 14 -3 26 -9 25 19 -4 21 29 -11 -23 -10 -14 -7 -12 -22 -5
right_child=1 4 9 20 -6 15 -8 8 24 22 27 -13 17 -15 -16 -17 -18 -19 -20 -21 28 23 -24 -25 -26 -27 -28 -29 -30 -31
leaf_value=-0.0015573316777709265 0.00014687321736368383 0.0018147325328282569 -0.0007433564534109888 0.00066105056664698134 0.0024336514718419347 -0.0012024331467746585 0.00052153714866375229 -0.00023306192161556258 0.00054102835314962839 0.00018042066906777659 4.5345135502806255e-05 0.00070956481374909132 1.0727191035113896e-05 0.0021702114727207272 0.0011985960239727558 0.00010117576518365421 -0.0014084748344420886 -0.00093596113632461655 -0.00020326130329280124 7.0863584577164347e-05 0.00065176017461344592 0.0023630048381441601 0.0025191597003251945 0.00037293291479264466 -0.0019868243536911904 0.0020653859304592889 -0.00060286380355079343 0.0010722760813290089 0.0021349641713901205 0.0011088968904418696
leaf_weight=9363 4663 2730 4331 3098 1521 3990 640 554 936 88 231 2241 3060 1299 2646 241 446 358 2582 682 139 226 93 87 35 50 703 1353 324 1478
leaf_count=9363 4663 2730 4331 3098 1521 3990 640 554 936 88 231 2241 3060 1299 2646 241 446 358 2582 682 139 226 93 87 35 50 703 1353 324 1478
internal_value=1.16563e-06 0.000952695 -0.000916942 0.00053622 0.00169744 -0.00138374 0.00154364 0.000326742 -0.000165578 -0.000323061 0.000441423 0.000330031 -0.000351743 0.0016411 0.00151232 -0.00105346 -0.000761176 -5.53011e-05 -0.000486683 -0.000631994 0.000944888 0.000872571 0.00140582 0.00182236 0.000444874 4.53779e-05 -0.00111341 0.000924531 0.00169851 0.000806566
internal_weight=50188 24647 25541 15811 8836 14297 7315 10459 1971 11244 8488 6904 11063 6675 5376 4934 1000 3468 7595 5013 5352 4889 181 313 971 3110 4693 1584 463 4576
internal_count=50188 24647 25541 15811 8836 14297 7315 10459 1971 11244 8488 6904 11063 6675 5376 4934 1000 3468 7595 5013 5352 4889 181 313 971 3110 4693 1584 463 4576
is_linear=0
shrinkage=0.03


Tree=32
num_leaves=31
num_cat=0
split_feature=22 22 22 22 18 22 22 42 23 64 23 53 64 6 64 68 64 8 0 72 12 72 55 35 2 23 0 0 6 72
split_gain=45.8419 7.99107 7.39818 1.60669 0.91775 0.723543 0.622722 0.618688 0.750953 0.600237 0.534206 0.473355 0.421367 0.416426 0.391867 0.362722 0.352152 0.342784 0.324768 0.410267 0.270644 0.24815 0.269998 0.24597 0.23603 0.236007 0.2303 0.28311 0.228637 0.22554
threshold=0.18272767857142858 0.29541160714285714 0.092933393812070261 0.24464781746031747 0.38301250000000003 0.051715476190476173 0.13919791666666664 27.216666666666676 0.036783347610947932 153.50000000000003 0.085106546057288207 5.9614143907686143 544.50000000000011 -11.251739909859294 714.50000000000011 -1.9336181448970888 687.50000000000011 0.35891458333333337 57.500000000000007 -0.11846853263459066 0.078849999999999962 0.041408797226620837 0.19999999999999715 1.6699016211265438 5.9750000000000005 0.096095801051490085 35.000000000000007 57.500000000000007 -23.825193519590385 0.080073593196319251
decision_type=2 2 2 2 2 2 2 2 2 2 2 2 2 2 2 2 2 2 2 2 2 2 2 2 2 2 2 2 2 2
left_child=2 3 5 7 9 -1 12 11 16 18 20 13 21 -2 23 -5 -9 -17 19 -3 -8 -4 -23 -7 -11 -10 -12 -28 -20 -22
right_child=1 4 6 15 -6 14 10 8 25 24 26 -13 -14 -15 -16 17 -18 -19 28 -21 29 22 -24 -25 -26 -27 27 -29 -30 -31
leaf_value=-0.0015628458267054803 0.00018175851704645788 0.0013577011308284197 -0.00076279915841357044 0.00058335434433183541 0.0023141833466245754 -0.0012593380894668394 -0.0011155895851324717 -0.00022608266303597357 3.5794544639309241e-05 7.7563368217570004e-05 0.00029883383419554736 0.00089687315751913214 0.00020975204328232288 0.00071530839980841836 8.1096769491960477e-05 0.0010278402252771174 -0.0013663151156807305 0.0022876982315759437 0.0019912322963508869 0.0019264428788415234 -0.00030951161620963524 -0.0011279244229740596 -0.0001774978678900235 -0.00074682657110388382 0.0014056037714675305 0.00099189451889352027 0.0024315788718295914 0 0.00086000395900440825 0.00011669690471596775
leaf_weight=7519 5120 1912 3809 1860 1692 4893 275 554 573 347 316 1584 600 1784 230 3891 446 209 211 3094 2921 326 1595 1064 188 398 130 67 784 1796
leaf_count=7519 5120 1912 3809 1860 1692 4893 275 554 573 347 316 1584 600 1784 230 3891 446 209 211 3094 2921 326 1595 1064 188 398 130 67 784 1796
internal_value=1.16056e-06 0.000924175 -0.00088943 0.000541452 0.00168738 -0.00136393 -0.00033959 0.000316945 -0.000160703 0.00152433 -0.000105533 0.000428219 -0.000542619 0.000320146 -0.0011215 0.000934808 -0.00073848 0.00109334 0.00161044 0.00171013 -0.000200799 -0.000621948 -0.000340852 -0.00116844 0.000551588 0.000431391 0.000814254 0.00162018 0.00110466 -0.000146606
internal_weight=50188 24647 25541 16419 8228 13706 11835 10459 1971 6536 5505 8488 6330 6904 6187 5960 1000 4100 6001 5006 4992 5730 1921 5957 535 971 513 197 995 4717
internal_count=50188 24647 25541 16419 8228 13706 11835 10459 1971 6536 5505 8488 6330 6904 6187 5960 1000 4100 6001 5006 4992 5730 1921 5957 535 971 513 197 995 4717
is_linear=0
shrinkage=0.03


Tree=33
num_leaves=31
num_cat=0
split_feature=22 22 22 22 5 22 3 23 64 70 23 0 73 53 5 64 21 21 66 8 44 68 70 14 37 42 64 69 58 8
split_gain=43.1361 7.5195 6.971 1.51177 0.917853 0.79995 0.624203 0.711061 0.587971 0.559997 0.517437 0.560338 0.546918 0.443179 0.471522 0.432971 0.391701 0.406362 0.341471 0.314094 0.276347 0.264941 0.260036 0.258965 0.250829 0.247959 0.242869 0.288568 0.224655 0.223733
threshold=0.18272767857142858 0.29541160714285714 0.09962053571428571 0.24464781746031747 -5.6979131572163757 0.053839136904761879 27.350000000000005 0.058382189092235179 153.50000000000003 -0.67758968959607091 0.06042115567041615 57.500000000000007 0.020961870946699438 5.9614143907686143 -10.979036306097386 714.50000000000011 0.028859178756563832 0.0071145611460629822 0.09191666666666666 0.045493750000000006 22.907142857142862 -1.9336181448970888 -0.83352489619613901 -269.00804548221794 0.14189197769195008 25.300000000000008 12.500000000000002 0.5772862706790628 17.915000000000003 0.25490833333333335
decision_type=2 2 2 2 2 2 2 2 2 2 2 2 2 2 2 2 2 2 2 2 2 2 2 2 2 2 2 2 2 2
left_child=2 3 5 6 8 -1 13 9 16 -8 12 19 20 14 -2 26 17 -3 21 24 22 -5 -4 -14 -12 -20 27 -7 -10 -21
right_child=1 4 10 18 -6 15 7 -9 28 -11 11 -13 23 -15 -16 -17 -18 -19 25 29 -22 -23 -24 -25 -26 -27 -28 -29 -30 -31
leaf_value=-0.0015047891079779411 0.00014251695802808932 0.0017115318960144366 -0.00069345071748627923 0.0005346762233607368 0.0023102283322789336 -0.0011760439906775648 0.00070227756723464333 0.00062707411969755475 9.7219129849215126e-05 -0.00091987618380316412 -0.0018972149022183449 -0.00080274175030692829 -0.0010869239262123671 0.00086964888367466674 0.00067084110847428385 0.00015238747598932069 0.0020582942307548579 0.0011591423734713233 0.0023629688091984504 0.0003985316496651841 -0.00067989719324998074 0.00098473114244707516 0.00039922743090271302 -5.9748666347065922e-05 0.0014748464378714558 0.00094762589656564053 -0.0012008958406038782 -0.00028120270148567194 0.0013725441176527758 0.0016072521389703725
leaf_weight=7917 4764 2579 344 1786 1507 663 234 631 366 999 85 437 235 1584 2247 254 1220 2364 243 1245 4632 3704 451 3634 24 227 4806 657 192 157
leaf_count=7917 4764 2579 344 1786 1507 663 234 631 366 999 85 437 235 1584 2247 254 1220 2364 243 1245 4632 3704 451 3634 24 227 4806 657 192 157
internal_value=1.14989e-06 0.000896512 -0.000862756 0.000525245 0.00163686 -0.00130233 0.000307458 -0.000189024 0.00148511 -0.000609271 -0.000303497 0.00013988 -0.000396736 0.000415488 0.000312342 -0.00105043 0.00156981 0.00144825 0.000906814 0.000414833 -0.000591148 0.00083899 -7.00876e-05 -0.000123178 -0.00112081 0.00168922 -0.0011008 -0.000733478 0.000543078 0.000537075
internal_weight=50188 24647 25541 16419 8228 14297 10459 1864 6721 1233 11244 1948 9296 8595 7011 6380 6163 4943 5960 1511 5427 5490 795 3869 109 470 6126 1320 558 1402
internal_count=50188 24647 25541 16419 8228 14297 10459 1864 6721 1233 11244 1948 9296 8595 7011 6380 6163 4943 5960 1511 5427 5490 795 3869 109 470 6126 1320 558 1402
is_linear=0
shrinkage=0.03


Tree=34
num_leaves=31
num_cat=0
split_feature=22 22 22 22 18 22 57 3 23 12 66 72 7 46 2 64 72 0 46 0 23 64 7 12 0 51 62 35 0 19
split_gain=40.5909 7.07995 6.55897 1.24586 0.949899 0.756982 0.632577 0.58722 0.676024 0.53347 0.445309 0.428796 0.369708 0.331592 0.3841 0.325244 0.320466 0.322891 0.318237 0.310187 0.305077 0.304993 0.293096 0.277776 0.316652 0.271604 0.267034 0.252082 0.258479 0.237506
threshold=0.18272767857142858 0.28875327380952381 0.09962053571428571 0.24464781746031747 0.38027916666666661 0.062413690476190463 12.750000000000005 27.350000000000005 0.036783347610947932 0.29402083333333334 0.0067916666666666689 0.11531523416287605 -7.4484630076460148 26.842857142857145 7.285000000000001 364.50000000000006 -0.11846853263459066 57.500000000000007 25.289285714285722 72.500000000000014 0.063348814950504775 345.50000000000006 -477.63447974794991 0.34631666666666672 15.000000000000002 3.9036002917940245 -59.789999999999992 1.2396051084799748 15.000000000000002 0.014866798626066548
decision_type=2 2 2 2 2 2 2 2 2 2 2 2 2 2 2 2 2 2 2 2 2 2 2 2 2 2 2 2 2 2
left_child=2 3 5 7 6 -1 13 11 21 10 18 12 -2 -3 -15 27 -8 -18 -4 -12 -20 -9 -17 24 -5 -13 -25 -7 -29 -11
right_child=1 4 9 23 -6 15 16 8 -10 29 19 25 -14 14 -16 22 17 -19 20 -21 -22 -23 -24 26 -26 -27 -28 28 -30 -31
leaf_value=-0.0014225064071878839 0.00021826090106356725 0.0011147526898406324 -0.00015624206036037559 0.00051398115146272609 0.0021494244049279601 -0.0011964519085564047 0.0011926186566879827 -0.00016897820163193795 0.00039189926748216215 0.00015483245785149298 5.6994911808980272e-05 0.00047248982944451772 0.0015630525383043545 -0.00047131094914655406 0.002650644609890878 -0.00048247289773866987 0.0017803321395988474 0.0010510450976918613 -0.00066190823340695187 -0.000873941970873017 4.75181708468046e-05 -0.0012590974944331991 0.0019429442582613958 0.00068466682532043364 0.0010041339433962901 0.0011027540860082386 0.0023262886787971454 0 -0.00094498771971836314 0.0023647293601819176
leaf_weight=9363 5783 464 2333 2074 1891 3073 2185 444 922 88 3110 1584 190 307 39 494 3260 690 4653 358 609 498 48 161 2895 1038 222 350 969 93
leaf_count=9363 5783 464 2333 2074 1891 3073 2185 444 922 88 3110 1584 190 307 39 494 3260 690 4653 358 609 498 48 161 2895 1038 222 350 969 93
internal_value=1.13589e-06 0.000869683 -0.000836894 0.00048925 0.00154995 -0.00126328 0.00138601 0.000298266 -0.00018325 -0.000294404 -0.000321099 0.00040305 0.000261795 0.000590903 -0.000104144 -0.000960288 0.00149038 0.001654 -0.000449737 -3.84647e-05 -0.000579239 -0.000749189 -0.000258968 0.00086179 0.000800298 0.000723468 0.0016476 -0.00104607 -0.00069281 0.00131354
internal_weight=50188 24647 25541 15811 8836 14297 6945 10459 1864 11244 11063 8595 5973 810 346 4934 6135 3950 7595 3468 5262 942 542 5352 4969 2622 383 4392 1319 181
internal_count=50188 24647 25541 15811 8836 14297 6945 10459 1864 11244 11063 8595 5973 810 346 4934 6135 3950 7595 3468 5262 942 542 5352 4969 2622 383 4392 1319 181
is_linear=0
shrinkage=0.03


Tree=35
num_leaves=31
num_cat=0
split_feature=22 22 22 22 18 22 73 23 0 73 0 11 66 23 42 70 64 6 21 66 10 26 53 52 11 37 68 44 19 21
split_gain=37.2733 6.808 5.96626 1.21344 0.880792 0.722223 0.572729 0.538211 0.650661 0.555753 0.470424 0.445329 0.407484 0.370398 0.46365 0.355649 0.341408 0.32029 0.289543 0.287786 0.30128 0.266224 0.259253 0.253943 0.545429 0.247535 0.24095 0.240915 0.235855 0.261836
threshold=0.17953124999999998 0.29541160714285714 0.0970377976190476 0.24045892857142856 0.38301250000000003 0.063448363095238061 1.0000000180025095e-35 0.059387236046570806 57.500000000000007 0.008183945185217258 35.000000000000007 0.35410416666666666 0.0049229166666667013 0.09434562525343658 27.116666666666671 -0.59815875725621348 534.50000000000011 -794.05700411816463 0.023250504414748411 0.16520416666666668 0.20970416666666666 -230.04558627791661 6.0705557844753146 32.321428571428577 0.29688750000000003 1.0000000180025095e-35 -1.780371907191723 22.907142857142862 0.059750104721919516 0.0051171583090756046
decision_type=2 2 2 2 2 2 2 2 2 2 2 2 2 2 2 2 2 2 2 2 2 2 2 2 2 2 2 2 2 2
left_child=2 3 5 6 10 -1 13 9 19 27 11 15 23 14 -2 -3 -7 -13 -12 20 -9 -11 -8 24 -5 -10 -25 -4 29 -14
right_child=1 4 7 12 -6 16 22 8 25 21 18 17 28 -15 -16 -17 -18 -19 -20 -21 -22 -23 -24 26 -26 -27 -28 -29 -30 -31
leaf_value=-0.0013735529914380147 0.00013435166485898772 0.00078070693102545773 -7.6417429399397506e-05 -0.0026616114935049647 0.0021437758814666454 -0.00098829431363676372 0.00041317482432946719 0.00055311653584887177 -0.0011028262827192344 -0.00094744994173481378 0.00067684102114088014 -0.00032618079317803933 0.0018999026835706588 0.00081420063900554352 -0.00056655216063124334 0.0015156670144014851 -2.8864610583754886e-05 0.0020122481851668223 0.0014882853208951566 0.0021466908523705276 -0.00058407187114868945 -4.4264204177943204e-05 0.0010144989591027659 0.00036665682309404342 0.00040953898148307963 0.0010954803423408198 0.00085939556619381784 -0.0006733699778644532 0.0025716829056473215 0.00091335085503507177
leaf_weight=9559 4072 846 716 64 1695 4161 3604 1173 396 320 1196 52 281 539 1072 2183 370 1576 613 85 252 3583 799 1480 257 50 2370 4550 95 2167
leaf_count=9559 4072 846 716 64 1695 4161 3604 1173 396 320 1196 52 281 539 1072 2183 370 1576 613 85 252 3583 799 1480 257 50 2370 4550 95 2167
internal_value=-1.30492e-06 0.000820427 -0.000814879 0.000474803 0.00153141 -0.00122498 0.00026629 -0.000295148 0.000155468 -0.000391611 0.00137011 0.00153081 0.000787506 6.66735e-05 -1.1214e-05 0.00131171 -0.000910633 0.00193556 0.000954136 0.000454139 0.000349641 -0.000119307 0.000523182 0.00060314 -0.000199825 -0.000847769 0.000670903 -0.000592804 0.00108836 0.00102855
internal_weight=50176 24961 25215 16800 8161 14090 10086 11125 1956 9169 6466 4657 6714 5683 5144 3029 4531 1628 1809 1510 1425 3903 4403 4171 321 446 3850 5266 2543 2448
internal_count=50176 24961 25215 16800 8161 14090 10086 11125 1956 9169 6466 4657 6714 5683 5144 3029 4531 1628 1809 1510 1425 3903 4403 4171 321 446 3850 5266 2543 2448
is_linear=0
shrinkage=0.03


Tree=36
num_leaves=31
num_cat=0
split_feature=22 22 22 8 22 22 72 3 12 66 12 66 44 6 72 7 10 0 19 51 72 33 8 0 24 0 19 36 57 9
split_gain=35.1017 7.41929 4.39633 1.19599 0.969485 0.561467 0.537363 0.483308 0.455376 0.433322 0.48969 0.416985 0.389674 0.381993 0.354576 0.323965 0.320485 0.311343 0.305226 0.2631 0.25625 0.296614 0.236378 0.274141 0.236731 0.234827 0.23126 0.216044 0.26771 0.21361
threshold=0.16398065476190474 0.27405803571428577 0.088848065476190452 0.37232291666666667 0.23073511904761906 0.049607440476190472 0.1223096104867727 26.550000000000004 0.27993750000000001 0.0049229166666667013 0.19882971014492754 0.013970833333333299 23.335714285714285 -758.82769044053759 -0.16790517226027732 -9.2869508885541148 0.1139270833333333 72.500000000000014 0.002281418835172667 3.9036002917940245 0.024198317597971645 0.07559289460184597 0.18118749999999997 22.500000000000004 -1499.999999999997 57.500000000000007 0.059750104721919516 7.2816666666666681 4.2000000000000011 0.087241666666666662
decision_type=2 2 2 2 2 2 2 2 2 2 2 2 2 2 2 2 2 2 2 2 2 2 2 2 2 2 2 2 2 2
left_child=2 4 5 7 6 -1 15 14 11 10 13 20 -5 -6 18 16 -2 -13 -3 -8 29 -22 23 24 -7 -16 -11 28 -9 -4
right_child=1 3 8 12 9 22 19 27 -10 26 -12 17 -14 -15 25 -17 -18 -19 -20 -21 21 -23 -24 -25 -26 -27 -28 -29 -30 -31
leaf_value=-0.0014019606984848839 0.00093644345652804379 0.0014947908390170192 -0.00016920634498980504 0.0022082451689731902 -0.0012063783782948223 -0.0012336661158082411 0.00028764918895606684 -0.00023494381825673075 0.0016956745486191296 0.00089451783200382483 0.00055980700539170493 3.3524599114351221e-05 0.0014654971691203222 0.00054530319663149019 0.001500817417955036 0.00073047429340296962 -8.6939025921517065e-05 -0.0010298050216971087 0.00069947141860482139 0.00085352787011496887 -0.00083025660461058743 -7.385251839763154e-05 0.0010008626757737468 -0.0012101875676232066 -0.00063485357040190301 0.00089609856943160041 0.0026468014020938429 0.0025637317869812251 0.00098798373444442932 -0.00073632274321838167
leaf_weight=6898 287 625 723 1646 269 858 2218 378 93 2425 3549 2389 1109 188 3814 529 6177 275 1532 1130 629 1842 50 3419 2098 720 71 39 276 3920
leaf_count=6898 287 625 723 1646 269 858 2218 378 93 2425 3549 2389 1109 188 3814 529 6177 275 1532 1130 629 1842 50 3419 2098 720 71 39 276 3920
internal_value=-1.24399e-06 0.000734362 -0.000857112 0.0013756 0.000348118 -0.00121271 0.000167218 0.00117521 -0.000376773 0.000635295 0.000440393 -0.000396963 0.00191099 -0.000479607 0.00125355 1.71201e-05 -4.08992e-05 -7.54606e-05 0.000931895 0.000479735 -0.000516908 -0.000267869 -0.00100888 -0.00102527 -0.000810036 0.00140567 0.000946604 0.0004138 0.000277294 -0.000648714
internal_weight=50176 26982 23194 10139 16843 13323 10341 7384 9871 6502 4006 9778 2755 457 6691 6993 6464 2664 2157 3348 7114 2471 6425 6375 2956 4534 2496 693 654 4643
internal_count=50176 26982 23194 10139 16843 13323 10341 7384 9871 6502 4006 9778 2755 457 6691 6993 6464 2664 2157 3348 7114 2471 6425 6375 2956 4534 2496 693 654 4643
is_linear=0
shrinkage=0.03


Tree=37
num_leaves=31
num_cat=0
split_feature=18 12 12 18 12 0 18 0 11 12 73 9 44 69 69 21 21 12 53 46 64 66 46 70 72 66 34 31 42 70
split_gain=32.1713 6.67375 4.72992 1.34921 1.20395 0.989818 0.902467 0.810489 0.674926 0.533526 0.531521 0.469008 0.461503 0.459449 0.349363 0.336695 0.328003 0.351809 0.28653 0.315306 0.246022 0.237016 0.220469 0.220022 0.197272 0.193265 0.279813 0.188574 0.185036 0.185026
threshold=0.19800694444444447 0.074477083333333319 0.31027083333333333 0.28421111111111119 0.18089583333333334 92.500000000000014 0.12602569444444447 27.500000000000004 0.35410416666666666 0.28493750000000001 -0.09843688481914635 0.052714583333333308 23.792857142857144 -0.59817537509284324 0.87379901192678255 0.037351960291270934 0.034846411591348291 0.17187499999999997 0.36313651960128118 22.403571428571432 524.50000000000011 -0.014166666666666711 32.660714285714299 0.82392300575755406 -10.534002475243609 -0.042630681818181845 0.5428571428571437 0.057735026918962588 18.083333333333339 0.83824865459667641
decision_type=2 2 2 2 2 2 2 2 2 2 2 2 2 2 2 2 2 2 2 2 2 2 2 2 2 2 2 2 2 2
left_child=1 11 3 5 6 10 20 8 13 18 12 28 -2 -4 -15 27 25 -18 -6 -20 22 -9 -3 -19 -23 -5 -27 -13 -1 -8
right_child=2 4 7 16 9 -7 29 21 -10 -11 -12 15 -14 14 -16 -17 17 23 19 -21 -22 24 -24 -25 -26 26 -28 -29 -30 -31
leaf_value=-0.001752077216221675 0.00052496841927557152 -0.00077405041662562211 0.0019619689365891549 0.001925063708604824 0.00055178869341853125 -0.0005855086114315781 -7.261594180273516e-05 0.00026050500861487738 0.0020556853017895424 0.00084204890992484367 0.00063261291419648388 -0.0011380196051951473 -0.00016419214333607547 0.00088211628083677653 0.0019453225968858437 -0.00020541914940699644 0.00025428930215390491 0.0019154608314135666 0.00037768251152675727 -0.00025581648271922881 0.00048660689293827903 -0.001321752770637561 0.00088077165209688238 0 0.0011811635498399178 0.00027300092090285362 0.00098455041971757455 -0.00057694309416270867 -0.0012663048385763334 -0.00055826962754936113
leaf_weight=826 1710 5208 807 154 678 860 4119 361 2528 750 6548 2738 1779 1461 353 532 170 752 907 3161 145 27 71 58 1426 664 2158 706 7662 857
leaf_count=826 1710 5208 807 154 678 860 4119 361 2528 750 6548 2738 1779 1461 353 532 170 752 907 3161 145 27 71 58 1426 664 2158 706 7662 857
internal_value=-1.18445e-06 -0.000667492 0.000864844 0.00056201 -0.000259713 0.000389229 -0.000449547 0.00151023 0.00170318 9.89789e-05 0.000473096 -0.00118725 0.000172768 0.00136139 0.00109162 -0.000915369 0.00103697 0.00151754 -1.79674e-05 -0.000113776 -0.00071734 0.000960228 -0.000751063 0.00177832 0.00113171 0.000877251 0.000818346 -0.00102407 -0.00131413 -0.000156957
internal_weight=50176 28360 21816 14853 15896 10897 10400 6963 5149 5496 10037 12464 3489 2621 1814 3976 3956 980 4746 4068 5424 1814 5279 810 1453 2976 2822 3444 8488 4976
internal_count=50176 28360 21816 14853 15896 10897 10400 6963 5149 5496 10037 12464 3489 2621 1814 3976 3956 980 4746 4068 5424 1814 5279 810 1453 2976 2822 3444 8488 4976
is_linear=0
shrinkage=0.03


Tree=38
num_leaves=31
num_cat=0
split_feature=22 22 22 22 18 22 73 23 0 73 0 69 69 66 3 23 19 23 64 8 0 21 15 66 26 7 20 37 13 44
split_gain=31.1317 5.69494 4.98718 1.02297 0.751689 0.597214 0.509452 0.475538 0.580577 0.496418 0.405536 0.549041 0.408375 0.36279 0.325427 0.414697 0.343238 0.325012 0.424938 0.281657 0.292678 0.268562 0.263057 0.262602 0.243571 0.239634 0.249426 0.23667 0.236385 0.225608
threshold=0.17953124999999998 0.29541160714285714 0.0970377976190476 0.24045892857142856 0.38301250000000003 0.049607440476190472 1.0000000180025095e-35 0.059387236046570806 57.500000000000007 0.008183945185217258 35.000000000000007 -0.69016699705532225 0.87795195455888941 0.071910416666666699 26.050000000000004 0.039854514080687055 1.0000000180025095e-35 0.09434562525343658 345.50000000000006 0.19320833333333334 22.500000000000004 0.023250504414748411 -1499.999999999997 0.16520416666666668 -230.04558627791661 -19.376677537754741 0.12798273809523805 1.0000000180025095e-35 -5.198417112166271 26.592857142857149
decision_type=2 2 2 2 2 2 2 2 2 2 2 2 2 2 2 2 2 2 2 2 2 2 2 2 2 2 2 2 2 2
left_child=2 3 5 6 10 -1 17 9 23 25 11 29 -13 14 16 -16 -5 18 -2 20 22 -12 -7 -9 -11 26 -4 -10 -8 -3
right_child=1 4 7 13 -6 19 28 8 27 24 21 12 -14 -15 15 -17 -18 -19 -20 -21 -22 -23 -24 -25 -26 -27 -28 -29 -30 -31
leaf_value=-0.0013202137823289445 9.1084751784797647e-05 0.0020134071764612376 -0.00071322516112258538 0.0015773441447699929 0.0019660331184844287 -0.0011553378014196498 0.00044731314306257244 0.00033630747196229936 -0.0010430943012718166 -0.00089477748331335313 0.00059763074928254501 0.0010425751190386158 0.001906513816562322 0.0013653117600243717 -0.00045221163004609402 0.00064484875439318697 0.00067791917670533897 0.00075424511608305491 -0.00069103771568281903 0.0008971927240490913 -0.0011264423373231703 0.0013787760307996438 -0.00056088170396705484 0.0020534041134266964 -3.0952064705208013e-05 -0.00094789410480461541 -0.00024175563529814969 0.0011066513237926888 0.0018298534707784459 -0.0002592312699327102
leaf_weight=6898 4417 1214 1792 426 1695 966 4288 1425 396 320 1196 2791 614 711 501 803 4273 539 727 73 3817 613 2336 85 3583 1094 2380 50 115 38
leaf_count=6898 4417 1214 1792 426 1695 966 4288 1425 396 320 1196 2791 614 711 501 803 4273 539 727 73 3817 613 2336 85 3583 1094 2380 50 115 38
internal_value=-1.1309e-06 0.000749852 -0.000744668 0.000433719 0.00140013 -0.00111962 0.000242234 -0.000269462 0.000154061 -0.000360145 0.00125104 0.00140029 0.00119976 0.000720849 0.000643804 0.000221033 0.000760415 5.3946e-05 -1.89821e-05 -0.000926645 -0.000945892 0.000864604 -0.000735995 0.000436246 -0.000102755 -0.00055029 -0.000445107 -0.000793443 0.000484512 0.00194188
internal_weight=50176 24961 25215 16800 8161 14090 10086 11125 1956 9169 6466 4657 3405 6714 6003 1304 4699 5683 5144 7192 7119 1809 3302 1510 3903 5266 4172 446 4403 1252
internal_count=50176 24961 25215 16800 8161 14090 10086 11125 1956 9169 6466 4657 3405 6714 6003 1304 4699 5683 5144 7192 7119 1809 3302 1510 3903 5266 4172 446 4403 1252
is_linear=0
shrinkage=0.03


Tree=39
num_leaves=31
num_cat=0
split_feature=18 12 18 12 12 0 18 5 65 12 20 73 50 21 44 69 69 47 51 69 10 65 65 5 44 0 49 7 23 69
split_gain=28.5559 5.91586 4.23756 1.30798 1.06471 1.01848 0.809343 0.724832 0.61502 0.483671 0.416314 0.385805 0.358509 0.323197 0.397056 0.330826 0.306285 0.298543 0.292393 0.236304 0.229463 0.220819 0.212083 0.210942 0.202033 0.205908 0.200697 0.199767 0.187412 0.178181
threshold=0.19800694444444447 0.074477083333333319 0.30765625000000002 0.35127916666666664 0.18089583333333334 92.500000000000014 0.12602569444444447 -6.5963167616554186 -0.0060833333333332939 0.28493750000000001 0.069008035714285668 -0.054577926191288199 79.071428571428584 0.034846411591348291 23.335714285714285 -0.49750868180287638 -0.66484924122790601 1.9362061114151626e-07 3.7416573867739413 -0.4673548892883575 0.27283974358974361 0.009475000000000058 -0.040074999999999993 -11.293698073974552 20.492857142857147 22.500000000000004 0.57735026918961918 -19.065795315971855 0.072067347486752531 0.61866567420209762
decision_type=2 2 2 2 2 2 2 2 2 2 2 2 2 2 2 2 2 2 2 2 2 2 2 2 2 2 2 2 2 2
left_child=1 10 3 5 6 8 21 13 23 17 24 -10 19 14 16 -16 -4 -6 -19 -5 -7 29 -8 -2 -1 -26 -12 -24 -15 -3
right_child=2 4 7 12 9 20 22 -9 11 -11 26 -13 -14 28 15 -17 -18 18 -20 -21 -22 -23 27 -25 25 -27 -28 -29 -30 -31
leaf_value=-0.0015653696901567077 -3.2769704674399606e-05 -0.00086673150957633624 0.001949309044061476 0.0016834552616087927 0.00056517575595847139 -0.00064650517568710659 -0.00084137502224341588 0.0019253806847840563 0.00039452845894417878 0.00079990508668089397 -0.00096241405682411755 0.00079264455754808161 0.0018816866823056311 0.0020867994981742426 0.00035991760779311078 0.0011407731352973138 0.0011729528931779122 -0.00028154573499608034 0.0002744385338540255 -0.00010573807465023339 0.0012883895119844839 -0.0001355111007738364 2.3428943225192345e-05 0.0004770292721522201 -0.0008062657663514978 -0.0012118239259617831 -0.00036949997745138781 -0.00043081701196820112 0.0012787357464282435 -0.00046282238265766293
leaf_weight=1252 2083 3358 620 107 673 874 366 1774 3772 750 1442 5375 755 562 902 1105 2000 2868 1205 165 57 615 3450 1116 1393 7545 832 1160 549 1451
leaf_count=1252 2083 3358 620 107 673 874 366 1774 3772 750 1442 5375 755 562 902 1105 2000 2868 1205 165 57 615 3450 1116 1393 7545 832 1160 549 1451
internal_value=-1.07948e-06 -0.000628835 0.000814834 0.000511444 -0.000244894 0.00043127 -0.000423416 0.00139199 0.000503552 9.23914e-05 -0.0011182 0.00062886 0.0015436 0.00122625 0.0011135 0.000791684 0.00135849 -1.89285e-05 -0.000116294 0.000590698 -0.000523568 -0.000677022 -0.000146295 0.000144234 -0.00120064 -0.00114905 -0.000747058 -9.02896e-05 0.0016917 -0.000745607
internal_weight=50176 28360 21816 14304 15896 13277 10400 7512 12346 5496 12464 9147 1027 5738 4627 2007 2620 4746 4073 272 931 5424 4976 3199 10190 8938 2274 4610 1111 4809
internal_count=50176 28360 21816 14304 15896 13277 10400 7512 12346 5496 12464 9147 1027 5738 4627 2007 2620 4746 4073 272 931 5424 4976 3199 10190 8938 2274 4610 1111 4809
is_linear=0
shrinkage=0.03


Tree=40
num_leaves=31
num_cat=0
split_feature=22 22 22 12 12 66 3 69 0 21 69 22 12 10 22 73 0 21 73 23 69 7 57 9 8 50 39 11 7 7
split_gain=28.3187 6.39525 3.02113 1.30755 0.674467 0.557345 0.524653 0.489809 0.464733 0.406661 0.359577 0.460989 0.326573 0.320268 0.312613 0.283646 0.263604 0.255205 0.255034 0.250113 0.478782 0.244016 0.325552 0.260825 0.243186 0.240296 0.228147 0.221375 0.21163 0.208952
threshold=0.15699630754475705 0.25670431547619049 0.080993005952380973 0.36797916666666669 0.20066666666666669 -0.01033333333333329 26.750000000000004 0.89001933454452098 57.500000000000007 0.034243975940172998 0.39753913293121995 0.12736011904761904 0.19025 0.10797291666666665 0.049607440476190472 -0.10234454407312742 27.500000000000004 0.0041923415032568958 -0.030320778751141472 0.092234845907648036 -0.80392051724781066 -1500.0000000000014 22.450000000000006 0.084322916666666664 0.33677083333333335 66.500000000000014 0.010690449676693194 0.25357500000000005 -19.698862139379663 -1500.0000000000043
decision_type=2 2 2 2 2 2 2 2 2 2 2 2 2 2 2 2 2 2 2 2 2 2 2 2 2 2 2 2 2 2
left_child=2 4 14 6 8 15 7 9 18 -3 11 -4 17 -7 -1 25 -5 -10 28 20 -8 29 23 -23 -15 -6 -18 -14 -2 -12
right_child=1 3 10 16 5 13 19 -9 12 -11 21 -13 27 24 -16 -17 26 -19 -20 -21 -22 22 -24 -25 -26 -27 -28 -29 -30 -31
leaf_value=-0.0012448964977589297 0.00014808475935311277 0.00088041165042159147 -0.00078372788187659618 0.0018623823903364037 0.00037028316744838627 0.0019754018405243297 -0.0012794719940021394 0.0017505841872276222 -0.0014896556137547153 0.0015270447648574751 9.9017810690121591e-05 -0.00023465900814218248 -0.00054671678619770583 0.00051225782476728053 -0.00093577699112651423 0.00033672465636311999 0.0016953151578189872 -9.6827462815153849e-06 0.00034733606769864553 0.0012364961341813658 0.00048583766589392163 0.00024410993529983419 0.00028278702344793419 -0.00059023885829188741 0.0016736913462991223 -0.00045501574177853494 0.00066673676690111837 -0.001862406122477706 -0.00050044535622025758 -0.00082329804766701647
leaf_weight=6930 1149 6244 3371 2273 450 146 185 825 115 1039 297 2359 312 5506 5373 2040 428 1138 2729 197 537 474 1410 1129 169 1052 382 192 742 803
leaf_count=6930 1149 6244 3371 2273 450 146 185 825 115 1039 297 2359 312 5506 5373 2040 428 1138 2729 197 537 474 1410 1129 169 1052 382 192 742 803
internal_value=3.90723e-06 0.000640643 -0.000796686 0.00115896 0.00024162 0.000403678 0.000975798 0.00105294 3.1826e-06 0.00097327 -0.000404404 -0.000558284 -0.000411488 0.000584321 -0.00111023 0.000105877 0.00169381 -0.000148986 0.000161587 0.000291549 2.82142e-05 -0.000189215 -4.84423e-05 -0.000341657 0.000547662 -0.000205678 0.00121535 -0.00105657 -0.000104933 -0.000571684
internal_weight=49996 27850 22146 12110 15740 9363 9027 8108 6377 7283 9843 5730 1757 5821 12303 3542 3083 1253 4620 919 722 4113 3013 1603 5675 1502 810 504 1891 1100
internal_count=49996 27850 22146 12110 15740 9363 9027 8108 6377 7283 9843 5730 1757 5821 12303 3542 3083 1253 4620 919 722 4113 3013 1603 5675 1502 810 504 1891 1100
is_linear=0
shrinkage=0.03


Tree=41
num_leaves=31
num_cat=0
split_feature=22 22 22 8 8 65 46 22 0 23 5 6 21 18 0 19 69 69 21 21 69 46 69 69 40 66 65 9 19 0
split_gain=26.6468 6.02131 2.846 1.2818 0.602273 0.530952 0.401498 0.388541 0.387242 0.363004 0.585196 0.36279 0.358061 0.356567 0.602899 0.566629 0.309617 0.301476 0.294697 0.29426 0.287733 0.456986 0.294357 0.253265 0.274745 0.246211 0.232934 0.222423 0.202074 0.196478
threshold=0.15699630754475705 0.25516086309523817 0.088848065476190452 0.3653541666666667 0.20935416666666662 -0.0050172111136944633 25.525000000000006 0.049607440476190472 27.500000000000004 0.062338628414972751 -645.56411213077411 -6.17348858234645 0.025069104491386104 0.30765625000000002 57.500000000000007 0.00050230948136315912 0.90880922144842624 -0.34156760613242332 0.023784055571877752 0.0017466015413612594 0.39753913293121995 25.289285714285722 -0.90149333598846371 0.67125374152323958 4.5525000000000011 0.12498819444444446 0.023435416666666598 0.086448106060606003 0.047748007214279811 15.000000000000002
decision_type=2 2 2 2 2 2 2 2 2 2 2 2 2 2 2 2 2 2 2 2 2 2 2 2 2 2 2 2 2 2
left_child=2 4 7 5 9 16 17 -1 -5 10 -2 -12 -11 14 15 -6 -3 -7 -8 -16 21 22 -4 25 -25 -9 -14 -22 -18 -24
right_child=1 3 20 8 13 6 18 23 -10 12 11 -13 26 -15 19 -17 28 -19 -20 -21 27 -23 29 24 -26 -27 -28 -29 -30 -31
leaf_value=-0.0012075549400968227 -0.001117850911663552 0.00034592042418304318 0.00053999872755319941 0.0019007176164379082 0.0011880478615901421 0.0014196503546555299 6.5418044012924317e-05 -0.0010310034990828627 0.001241389328085912 0.0017835142044109647 -3.2073191374292895e-06 0.0023609594449527185 3.9292072324255365e-05 0.001241161685658606 -0.0016418543166578992 0.00037038177249362541 0.0017290145793717496 0.00096454191339190667 0.00094073951061850137 -5.4605851912209386e-05 0.00030530008260132627 -0.00070519942006847783 0.00014566414631646219 0.00052217976500089228 -0.00070511226399225973 0.0011987683792513879 0.001195228285991845 -0.00027105352294643593 -0.0011065153516829015 -0.00061394886678783076
leaf_weight=6930 436 1734 461 1914 894 2478 565 4319 1464 173 5695 58 730 436 113 5386 236 2966 926 1422 752 3394 472 177 1805 43 201 2950 23 843
leaf_count=6930 436 1734 461 1914 894 2478 565 4319 1464 173 5695 58 730 436 113 5386 236 2966 926 1422 752 3394 472 177 1805 43 201 2950 23 843
internal_value=3.80042e-06 0.000621456 -0.000772799 0.00111726 0.000228696 0.000927942 0.00105236 -0.00105094 0.00161631 2.96157e-05 -5.93656e-05 2.05123e-05 0.00053076 0.000404273 0.000357046 0.00048743 0.000493176 0.00117247 0.000611322 -0.000174398 -0.000356242 -0.000501053 -0.000109057 -0.000879224 -0.00059379 -0.00100807 0.000293089 -0.000153116 0.00146238 -0.000339114
internal_weight=49996 27850 22146 12306 15544 8928 6935 13274 3378 7293 6189 5753 1104 8251 7815 6280 1993 5444 1491 1535 8872 5170 1776 6344 1982 4362 931 3702 259 1315
internal_count=49996 27850 22146 12306 15544 8928 6935 13274 3378 7293 6189 5753 1104 8251 7815 6280 1993 5444 1491 1535 8872 5170 1776 6344 1982 4362 931 3702 259 1315
is_linear=0
shrinkage=0.03


Tree=42
num_leaves=31
num_cat=0
split_feature=22 22 22 12 12 42 69 0 66 69 72 40 46 72 69 69 47 47 20 17 73 70 12 23 11 69 8 50 18 70
split_gain=25.091 6.48874 1.88609 1.28618 0.668783 0.541361 0.510045 0.479697 0.460314 0.441581 0.434181 0.348804 0.324129 0.315672 0.312702 0.276871 0.276426 0.275326 0.27039 0.253336 0.245605 0.243535 0.238985 0.237003 0.229985 0.223565 0.215959 0.215051 0.213551 0.212075
threshold=0.14090773809523807 0.25114345238095243 0.074032738095238096 0.36797916666666669 0.20066666666666669 27.116666666666671 0.89001933454452098 47.500000000000007 -0.01033333333333329 0.39753913293121995 -0.12823191347867977 6.0089285714285721 25.403571428571432 -0.033267663842832633 0.61866567420209762 -0.72660079619119988 6.7348721585318313e-07 1.9362061114151626e-07 0.18410557644110276 -8.6539654469815286 -0.10234454407312742 -0.57729161655172734 0.3046875 0.029540115559804615 0.19897708333333333 -0.61188073503922691 0.053981250000000008 66.500000000000014 0.24772916666666667 -0.61186373645567615
decision_type=2 2 2 2 2 2 2 2 2 2 2 2 2 2 2 2 2 2 2 2 2 2 2 2 2 2 2 2 2 2
left_child=2 4 26 5 7 6 10 13 20 12 -3 14 29 -2 -9 22 25 18 -11 -5 27 -19 -7 -17 -18 -10 -1 -6 -15 -4
right_child=1 3 9 19 8 15 -8 11 16 17 -12 -13 -14 28 -16 23 24 21 -20 -21 -22 -23 -24 -25 -26 -27 -28 -29 -30 -31
leaf_value=-0.0011451663579845552 -0.00011411144275477865 0.00060114540880854971 -0.00075384424660585351 0.0013024425251468488 0.00033671737060680284 -0.0018293127187688906 0.0016656948771895533 0.0001154648909561639 0.002893272954201245 0.00071769132400850211 0.0010575438452671137 -0.0010024821558720168 -0.00080461127807827839 0.0002445288677520294 -0.00084795518847821986 0.0018945189724708426 0.00015141478336129393 0.00021118047786469106 -0.0015292680157969394 0.0018587736556361491 0.00029291653170279908 -0.00045593983679230628 0.00042283353177101715 0.00019758618890133858 0.00059355371660473164 0.00094452308412200142 -0.00083319255969123093 -0.00046781278007961301 0.0011462315598184285 2.0208716452615486e-05
leaf_weight=8573 2887 3047 498 1473 422 103 847 1051 68 408 5081 637 3838 2818 423 86 1527 599 53 1637 1934 2621 68 545 3615 284 2736 996 260 861
leaf_count=8573 2887 3047 498 1473 422 103 847 1051 68 408 5081 637 3838 2818 423 86 1527 599 53 1637 1934 2621 68 545 3615 284 2736 996 260 861
internal_value=3.70743e-06 0.000556824 -0.000812887 0.00106404 0.000170335 0.000894137 0.000960922 -2.67065e-05 0.000350547 -0.000484904 0.000886915 -0.000415553 -0.000663265 0.000110449 -0.000159365 0.000142755 0.00051965 -0.000232159 0.00045012 0.00159674 7.24174e-05 -0.00033088 -0.000919029 0.000436242 0.000462892 0.00133661 -0.00107004 -0.0002262 0.000322018 -0.00026158
internal_weight=49996 29809 20187 12887 16922 9777 8975 8076 8846 8878 8128 2111 5197 5965 1474 802 5494 3681 461 3110 3352 3220 171 631 5142 352 11309 1418 3078 1359
internal_count=49996 29809 20187 12887 16922 9777 8975 8076 8846 8878 8128 2111 5197 5965 1474 802 5494 3681 461 3110 3352 3220 171 631 5142 352 11309 1418 3078 1359
is_linear=0
shrinkage=0.03


Tree=43
num_leaves=31
num_cat=0
split_feature=22 22 22 22 12 65 68 5 69 73 21 40 66 46 66 22 32 57 46 70 7 40 70 47 20 72 15 21 27 47
split_gain=23.6103 6.10556 1.7758 1.23738 0.629454 0.444427 0.416514 0.411658 0.395859 0.371309 0.388468 0.335847 0.294465 0.286152 0.268892 0.260503 0.241846 0.283431 0.238355 0.226141 0.277753 0.224236 0.223231 0.217395 0.213106 0.201403 0.200462 0.200209 0.28987 0.19673
threshold=0.14090773809523807 0.25114345238095243 0.080993005952380973 0.31685857475598939 0.20066666666666669 -0.0036583333333332908 -1.8826476739287219 -5.1942262095349685 0.39753913293121995 0.0014335690178794993 0.089436582508058068 5.9803571428571445 -0.01033333333333329 25.289285714285722 0.078419642857142854 0.049607440476190472 0.32142857142857101 102.45000000000003 25.403571428571432 -0.57022117041332299 -1499.999999999998 4.3103571428571437 -0.43663505800854857 1.9362061114151626e-07 0.18410557644110276 0.056403021874346322 -5.1942262095349685 0.017176379670449621 0.014949142109717324 0.026726124191250446
decision_type=2 2 2 2 2 2 2 2 2 2 2 2 2 2 2 2 2 2 2 2 2 2 2 2 2 2 2 2 2 2
left_child=2 4 15 6 9 25 16 27 13 10 11 -2 26 22 18 -1 -3 -18 -8 20 -10 -22 -4 24 -21 -6 -7 28 -5 -14
right_child=1 3 8 7 5 12 14 -9 19 -11 -12 -13 29 -15 -16 -17 17 -19 -20 23 21 -23 -24 -25 -26 -27 -28 -29 -30 -31
leaf_value=-0.0011369903054604471 -0.00015446560493860768 -0.00027137165613770131 -0.00058929628045354819 -0.00022418235896274128 -0.0002643104914588605 0.00013395263474959014 0.00097456478162489494 0.001819851952865524 -0.00019511541516312517 0.00019843681867655149 0.00094078657841600952 -0.00086376498618781494 0.0012792133138842577 -0.00075991756544714032 0.0015639719484058063 -0.00085449647913690262 0.00097692230255983512 0.00019377870725473427 0.00046295418636085585 0.00063485564919210451 -0.00045342357445042581 0.0015900873569198526 0.00021747704094928589 -0.00041462307264579588 -0.0014732966619182605 0.00036147514869777094 0.0024620826500741872 0.0015448492779993033 0.0011481686560965833 0.00053587383207526023
leaf_weight=6930 3462 394 677 140 1337 2187 2827 1283 363 3636 247 731 354 3364 509 5373 766 936 1196 331 61 194 559 2287 48 705 33 1250 3586 4230
leaf_count=6930 3462 394 677 140 1337 2187 2827 1283 363 3636 247 731 354 3364 509 5373 766 936 1196 331 61 194 559 2287 48 705 33 1250 3586 4230
internal_value=3.61474e-06 0.000540164 -0.000788516 0.00103218 0.000165254 0.000340088 0.00074529 0.00133533 -0.000436274 -2.58958e-05 -0.000210285 -0.000279015 0.000456606 -0.000616144 0.000907534 -0.00101394 0.000392789 0.000548368 0.000823366 -0.000183301 0.000331071 0.00108967 -0.000222115 -0.000303741 0.000356791 -4.67185e-05 0.000171004 0.00120946 0.00109575 0.000594199
internal_weight=49996 29809 20187 12887 16922 8846 6628 6259 7884 8076 4440 4193 6804 4600 4532 12303 2096 1702 4023 3284 618 255 1236 2666 379 2042 2220 4976 3726 4584
internal_count=49996 29809 20187 12887 16922 8846 6628 6259 7884 8076 4440 4193 6804 4600 4532 12303 2096 1702 4023 3284 618 255 1236 2666 379 2042 2220 4976 3726 4584
is_linear=0
shrinkage=0.03


Tree=44
num_leaves=31
num_cat=0
split_feature=22 22 12 18 3 70 21 5 12 8 73 6 52 17 64 21 70 46 0 69 46 66 69 0 10 0 66 56 22 69
split_gain=22.2263 4.16755 3.68157 1.11216 0.819196 0.653353 0.622755 0.520068 0.442446 0.420526 0.396395 0.385718 0.52575 0.368338 0.342112 0.339221 0.275442 0.274081 0.268044 0.256789 0.254694 0.244497 0.210763 0.304734 0.20763 0.202398 0.202261 0.254879 0.199068 0.19511
threshold=0.19212499999999999 0.0970377976190476 0.3074041666666667 0.28421111111111119 26.050000000000004 -0.65187484896379921 0.063476200369844957 -12.06953703294417 0.29402083333333334 0.053981250000000008 -1.0000000180025095e-35 -9.6804462457030471 77.607142857142875 -1499.999999999997 544.50000000000011 0.035461039544622895 -0.57022117041332299 18.060714285714287 47.500000000000007 0.45972848220565493 29.13214285714286 -0.0090833333333333582 -0.69016699705532225 35.000000000000007 0.13138333333333332 57.500000000000007 -0.040999999999999932 7.3000000000000123 0.34873155408902695 0.67125374152323958
decision_type=2 2 2 2 2 2 2 2 2 2 2 2 2 2 2 2 2 2 2 2 2 2 2 2 2 2 2 2 2 2
left_child=1 9 3 4 11 -6 -7 22 10 -1 19 12 -2 -12 29 26 17 28 -15 21 -16 -3 23 -4 -10 -21 -5 -28 -9 -11
right_child=2 8 7 15 5 6 -8 16 24 14 13 -13 -14 18 20 -17 -18 -19 -20 25 -22 -23 -24 -25 -26 -27 27 -29 -30 -31
leaf_value=-0.0010647541608468447 0.00068091877227250113 -0.00087591203584219451 0.0017177694736421321 0.0017611863113008439 0.00058878958970418635 -0.00068321999964569206 0.00040126042488874389 -0.00031375297891766724 0.0016675502657890321 -0.00092244557344845987 -0.00050730024015502892 0.00085768054191108099 0.00014315074898322799 0.00014705442321554736 0.0010114475244204319 0.0013869504798943821 0.0016732020734241783 0.0014043430964332528 -0.00034536100968569032 7.6258604902784235e-05 -0.00053606328983115 -0.0003641880785514641 0.00080274603954530932 0.00062062679154219148 -0.00032388098254090261 -0.00069960444744341364 0.00013489717175495992 0.00081447375262034757 0.000986268460014541 -0.00050283504687515955
leaf_weight=8932 2573 1331 653 159 843 1717 655 161 166 3264 1383 1583 4546 4484 168 894 2424 1136 1276 1307 218 2379 2396 368 62 391 669 2067 292 1499
leaf_count=8932 2573 1331 653 159 843 1717 655 161 166 3264 1383 1583 4546 4484 168 894 2424 1136 1276 1307 218 2379 2396 368 62 391 669 2067 292 1499
internal_value=3.51913e-06 -0.000583465 0.00068511 0.000424484 0.000281721 -0.000126743 -0.000382446 0.0012355 -0.000190884 -0.000939494 -0.000214912 0.000432972 0.000338004 -6.76918e-05 -0.000721456 0.000872513 0.00146871 0.00115402 3.7409e-05 -0.00040876 0.000130586 -0.000548769 0.000960391 0.00132625 0.00111387 -0.000100941 0.00071219 0.000649511 0.000517949 -0.00079115
internal_weight=49996 26860 23136 15706 11917 3215 2372 7430 12779 14081 12551 8702 7119 7143 5149 3789 4013 1589 5760 5408 386 3710 3417 1021 228 1698 2895 2736 453 4763
internal_count=49996 26860 23136 15706 11917 3215 2372 7430 12779 14081 12551 8702 7119 7143 5149 3789 4013 1589 5760 5408 386 3710 3417 1021 228 1698 2895 2736 453 4763
is_linear=0
shrinkage=0.03


Tree=45
num_leaves=31
num_cat=0
split_feature=22 22 22 3 23 70 19 8 68 0 22 0 69 69 70 22 23 4 64 69 64 53 73 7 20 33 21 37 23 57
split_gain=20.9252 3.77442 3.33476 0.798127 0.754501 0.683434 0.619592 0.53658 0.49669 0.430783 0.389261 0.359669 0.43577 0.376922 0.354181 0.343794 0.388778 0.320339 0.298156 0.279687 0.279547 0.274333 0.265338 0.258404 0.224475 0.222848 0.212409 0.420851 0.403431 0.210243
threshold=0.19072886904761904 0.09962053571428571 0.29541160714285714 26.050000000000004 0.038243909284260379 -0.65187484896379921 6.7357531405420887e-05 0.38456250000000008 -0.09705236599349519 57.500000000000007 0.050236309523809489 35.000000000000007 -0.61188073503922691 0.87379901192678255 0.83824865459667641 0.13330635351966874 0.069108391397104271 76.500000000000014 227.50000000000003 0.89001933454452098 1146.5000000000002 6.130673892424789 0.040097330912346692 -19.376677537754741 0.042711309523809506 0.37416573867739439 0.087672614082607694 0.14433756729740674 0.050786988694461417 31.250000000000004
decision_type=2 2 2 2 2 2 2 2 2 2 2 2 2 2 2 2 2 2 2 2 2 2 2 2 2 2 2 2 2 2
left_child=1 10 3 6 5 -5 9 11 19 14 -1 12 -4 -14 -2 26 22 -7 -18 -8 24 -10 23 -17 -12 -26 28 -28 -3 -24
right_child=2 15 7 4 -6 17 8 -9 21 -11 20 -13 13 -15 -16 16 18 -19 -20 -21 -22 -23 29 -25 25 -27 27 -29 -30 -31
leaf_value=-0.0010683548334025695 0.0017519550611628503 -0.00047640168667476739 0.0016045046002931428 0.00049141894860383326 0.00043975697977640597 -0.0010923500787681289 0.00021253041763832532 0.0015984883796475047 0.00056376574685524836 1.6228682467078562e-05 0.00070620007313449264 0.00064330081438229768 0.00079367536726066923 0.0016124184962058828 -0.0003271661928241883 -0.00013264635493525964 -6.1385765867141471e-05 -0.00022017096613866031 0.00093745962508561453 0.0010699526050863446 0.0003421455098510678 0.0011391763603936578 -0.00039922252900327301 -0.00065326567275617638 -0.00089915202346415896 -0.00049240470590196394 -0.0020502185506771345 0.0020523755756708291 0.00026554091166102454 0.00022865602277652038
leaf_weight=7075 734 3890 1366 616 2189 824 5231 1830 3116 213 87 1772 2579 644 79 2511 503 721 564 368 200 1004 628 1319 5244 1632 147 25 788 2004
leaf_count=7075 734 3890 1366 616 2189 824 5231 1830 3116 213 87 1772 2579 644 79 2511 503 721 564 368 200 1004 628 1319 5244 1632 147 25 788 2004
internal_value=-1.60573e-06 -0.000576249 0.000655106 0.000390303 4.66838e-05 -0.000350114 0.000529117 0.00114263 0.000454517 0.00123173 -0.000909398 0.00101079 0.00115186 0.000958651 0.00154609 -0.000192786 -6.53981e-05 -0.000687679 0.000464163 0.000269602 -0.000751847 0.000704958 -0.000153361 -0.000312847 -0.000783745 -0.000803134 -0.000389866 -0.00142815 -0.000350752 7.76089e-05
internal_weight=49903 26617 23286 15095 4350 2161 10745 8191 9719 1026 14238 6361 4589 3223 813 12379 7529 1545 1067 5599 7163 4120 6462 3830 6963 6876 4850 172 4678 2632
internal_count=49903 26617 23286 15095 4350 2161 10745 8191 9719 1026 14238 6361 4589 3223 813 12379 7529 1545 1067 5599 7163 4120 6462 3830 6963 6876 4850 172 4678 2632
is_linear=0
shrinkage=0.03


Tree=46
num_leaves=31
num_cat=0
split_feature=22 22 18 3 19 72 70 23 5 0 22 50 22 23 10 52 21 44 66 64 46 64 59 70 69 70 62 21 37 23
split_gain=19.6904 3.55119 3.17298 1.08375 0.892765 0.58895 0.575 0.744753 0.501877 0.450907 0.366117 0.325928 0.323378 0.365764 0.313166 0.308496 0.290781 0.290323 0.362113 0.280656 0.266965 0.263197 0.254871 0.246246 0.235108 0.217805 0.20465 0.199586 0.396801 0.37967
threshold=0.19072886904761904 0.09962053571428571 0.30765625000000002 26.050000000000004 6.7357531405420887e-05 -0.095432029570782437 -0.74979862697202038 0.059387236046570806 -6.5963167616554186 35.000000000000007 0.050236309523809489 75.928571428571445 0.13330635351966874 0.069108391397104271 0.19085416666666669 77.392857142857153 0.035461039544622895 23.335714285714285 -0.030791666666666672 227.50000000000003 25.246428571428577 1146.5000000000002 26.545000000000005 -0.17552498857989965 -0.55601228778889811 0.80392796183282111 -79.234999999999971 0.087672614082607694 0.14433756729740674 0.050786988694461417
decision_type=2 2 2 2 2 2 2 2 2 2 2 2 2 2 2 2 2 2 2 2 2 2 2 2 2 2 2 2 2 2
left_child=1 10 3 4 9 15 -5 11 16 25 -1 -8 27 20 -9 -6 17 24 -19 -15 -14 -12 -7 -22 -4 -2 -21 29 -29 -3
right_child=2 12 8 6 5 22 7 14 -10 -11 21 -13 13 19 -16 -17 -18 18 -20 26 23 -23 -24 -25 -26 -27 -28 28 -30 -31
leaf_value=-0.0010363087429817177 0.0017181459977239927 -0.0004621133106164489 0.0015661079710921789 0.00073027972351050966 0.00050502273551327316 0.00050101975968596226 -0.00093431224244770869 0.0010120727109672223 0.0015879374831860502 0.00014234062051116599 -0.00076023608444993258 -0.00017123805982168695 8.7972722996688957e-05 -5.9547846033854598e-05 2.630308184274731e-05 1.0759020883214044e-06 0.001453446269999656 0.0024227411742607247 0.00054287139456713092 0.00050798205652549666 -3.3600009829145463e-05 0.00033193221046075002 0.00092051729890326307 -0.00051614410629676627 0.00092770927196524663 0 0.0017553844401920499 -0.0019891275736578819 0.0019931724226245513 0.00025758477929739869
leaf_weight=7075 910 3890 753 735 1786 3727 1019 441 1758 245 6963 1019 2565 503 863 2847 1080 97 1992 386 1709 200 2062 2188 1884 68 178 147 25 788
leaf_count=7075 910 3890 753 735 1786 3727 1019 441 1758 245 6963 1019 2565 503 863 2847 1080 97 1992 386 1709 200 2062 2188 1884 68 178 147 25 788
internal_value=-1.53797e-06 -0.00055897 0.000635501 0.000392267 0.000539647 0.000449138 -2.79827e-05 -0.000195812 0.00114056 0.00130748 -0.000882119 -0.000554518 -0.00018701 -6.34484e-05 0.0003625 0.00019606 0.00100433 0.000900772 0.000632714 0.000450179 -0.000148779 -0.000729281 0.000651093 -0.000305361 0.00111167 0.00159585 0.000909386 -0.000378152 -0.00138479 -0.000340211
internal_weight=49903 26617 23286 15722 11645 10422 4077 3342 7564 1223 14238 2038 12379 7529 1304 4633 5806 4726 2089 1067 6462 7163 5789 3897 2637 978 564 4850 172 4678
internal_count=49903 26617 23286 15722 11645 10422 4077 3342 7564 1223 14238 2038 12379 7529 1304 4633 5806 4726 2089 1067 6462 7163 5789 3897 2637 978 564 4850 172 4678
is_linear=0
shrinkage=0.03


Tree=47
num_leaves=31
num_cat=0
split_feature=22 22 18 3 19 72 70 23 0 0 8 22 66 48 22 23 69 52 64 70 46 70 64 18 39 20 33 69 69 70
split_gain=18.5286 3.34134 2.9858 1.01975 0.839932 0.554438 0.541027 0.701017 0.473157 0.423972 0.407521 0.344368 0.326575 0.317104 0.304233 0.344235 0.301749 0.297151 0.264315 0.251472 0.251254 0.23164 0.225073 0.220686 0.252186 0.212045 0.213919 0.207508 0.290303 0.205244
threshold=0.19072886904761904 0.09962053571428571 0.30765625000000002 26.050000000000004 6.7357531405420887e-05 -0.10015301145435805 -0.74979862697202038 0.059387236046570806 57.500000000000007 35.000000000000007 0.3653541666666667 0.049607440476190472 -0.030791666666666672 74.833333333333357 0.13330635351966874 0.069108391397104271 -0.833548052892222 77.392857142857153 227.50000000000003 -0.71464691390916035 25.246428571428577 -0.17552498857989965 1146.5000000000002 0.39886805555555566 0.010690449676693194 0.042711309523809506 0.37416573867739439 -0.72660079619119988 0.87379901192678255 0.80392796183282111
decision_type=2 2 2 2 2 2 2 2 2 2 2 2 2 2 2 2 2 2 2 2 2 2 2 2 2 2 2 2 2 2
left_child=1 11 3 4 9 17 -5 13 10 29 27 -1 -10 -8 -3 20 -9 -6 -17 -7 -16 -22 25 24 -14 -13 -27 -4 -29 -2
right_child=2 14 8 6 5 19 7 16 12 -11 -12 22 23 -15 15 18 -18 -19 -20 -21 21 -23 -24 -25 -26 26 -28 28 -30 -31
leaf_value=-0.0010094780300890002 0.0016666581971622968 -0.0003667904368996486 0.0014696482575195446 0.00070840109983656349 0.00048937057126728644 0.00037911953131223295 -0.00091327109967949849 0.0017032681478382045 0.0025407160671126225 0.00013808776871244446 0.0015503912991143363 0.00070780273874036282 0.00078964953967599759 -0.00016062099276479424 8.5334570585530979e-05 -5.7764952917620704e-05 0.00019432881010701059 -5.94740219532009e-06 0.00088238351697772336 0.00078606928550010893 -3.2592599132208542e-05 -0.00050066685563204382 0.00023116576184050827 0.0017280478906709837 4.3063788115710962e-05 -0.00085012537435495423 -0.00045357870456782146 0.00068498066390676004 0.0015362805194158884 0
leaf_weight=6876 910 4850 710 735 1779 2272 1017 133 87 245 2428 87 1397 1021 2565 503 1171 2782 564 3589 1709 2188 216 163 587 5424 1635 1724 468 68
leaf_count=6876 910 4850 710 735 1779 2272 1017 133 87 245 2428 87 1397 1021 2565 503 1171 2782 564 3589 1709 2188 216 163 587 5424 1635 1724 468 68
internal_value=-1.46229e-06 -0.000542201 0.000616496 0.000380536 0.000523498 0.000435696 -2.70942e-05 -0.000189911 0.00110643 0.00126831 0.00126091 -0.000855658 0.000736123 -0.000537942 -0.000181389 -6.15261e-05 0.000351717 0.000186657 0.000436735 0.00062892 -0.000144318 -0.000296227 -0.000711468 0.000660452 0.000570404 -0.000740408 -0.00075878 0.00101723 0.000868722 0.00154794
internal_weight=49903 26617 23286 15722 11645 10422 4077 3342 7564 1223 5330 14238 2234 2038 12379 7529 1304 4561 1067 5861 6462 3897 7362 2147 1984 7146 7059 2902 2192 978
internal_count=49903 26617 23286 15722 11645 10422 4077 3342 7564 1223 5330 14238 2234 2038 12379 7529 1304 4561 1067 5861 6462 3897 7362 2147 1984 7146 7059 2902 2192 978
is_linear=0
shrinkage=0.03


Tree=48
num_leaves=31
num_cat=0
split_feature=22 22 22 6 10 12 53 65 63 22 21 66 0 57 11 44 65 66 69 69 64 39 0 44 35 69 70 66 0 66
split_gain=17.4373 3.2019 2.77016 0.707982 0.477883 0.445053 0.482034 0.524097 0.406372 0.324599 0.316426 0.299106 0.286633 0.283149 0.26564 0.299221 0.269595 0.261484 0.252793 0.313748 0.249136 0.236811 0.300932 0.23253 0.202263 0.248276 0.200887 0.184859 0.231557 0.184151
threshold=0.19212499999999999 0.09962053571428571 0.29541160714285714 -9.9281636411786192 0.38456250000000008 0.19882971014492754 6.3695705170308692 -0.0019166666666666843 -168.87499999999997 0.063448363095238061 0.0016975925413168951 0.0067916666666666689 72.500000000000014 13.549999999999999 0.25357500000000005 25.464285714285719 0.011670833333333354 0.15039255952380962 0.92591620288614507 -0.66484924122790601 309.50000000000006 5.0888246878867606e-08 57.500000000000007 26.692857142857147 1.2396051084799748 0.5772862706790628 -0.58427653070765284 -0.12635208333333339 57.500000000000007 -0.051100000000000013
decision_type=2 2 2 2 2 2 2 2 2 2 2 2 2 2 2 2 2 2 2 2 2 2 2 2 2 2 2 2 2 2
left_child=1 9 3 5 13 10 7 -7 -8 -1 -2 14 17 -4 15 26 -17 -13 19 -15 24 22 -5 -6 -11 -26 -3 -16 -29 -12
right_child=2 11 4 21 23 6 8 -9 -10 20 29 12 -14 18 27 16 -18 -19 -20 -21 -22 -23 -24 -25 25 -27 -28 28 -30 -31
leaf_value=-0.00093156594688952163 -0.0011423708134137307 -0.00033224610285355718 0.00034304254474071656 0.0023009663135339707 0.0015223706118157447 -0.00010636810559406266 -0.0018250712746381759 0.00042760670718644729 0.00090354431522040777 -0.00083952865788601485 -0.00043206409393841002 6.6341075056815764e-05 -0.00067608091780473327 0.0012637443381269245 0 -0.00051722969455045807 0.00019233835964246196 0.0011478340277567419 0.0016346754937286818 0.00075911462460485273 2.1761778029668849e-06 0.00073462604135478846 -0.00039785750270821153 -0.00078125557439545016 -0.00080516076893543862 1.7272853057465497e-05 0.0001733084797107784 0.0019379576340031164 -0.00064413062207792631 0.00016548051824727847
leaf_weight=9518 221 1327 697 183 1814 2351 49 5515 1673 2912 591 3313 442 1691 319 4768 529 214 513 3438 501 2137 44 38 642 665 1506 116 40 2136
leaf_count=9518 221 1327 697 183 1814 2351 49 5515 1673 2912 591 3313 442 1691 319 4768 529 214 513 3438 501 2137 44 38 642 665 1506 116 40 2136
internal_value=-1.39193e-06 -0.000521864 0.000602818 0.000358844 0.00104616 0.000268647 0.000367794 0.000267637 0.000823145 -0.000829991 -5.28167e-05 -0.000172684 4.20994e-05 0.000920744 -0.000272093 -0.000312603 -0.000445777 0.000133118 0.000991507 0.000926287 -0.000624374 0.000835562 0.00176524 0.00147309 -0.00069947 -0.000384721 -6.24725e-05 0.000414168 0.00125689 3.4769e-05
internal_weight=49903 26812 23091 14900 8191 12536 9588 7866 1722 14238 2948 12574 3969 6339 8605 8130 5297 3527 5642 5129 4720 2364 227 1852 4219 1307 2833 475 156 2727
internal_count=49903 26812 23091 14900 8191 12536 9588 7866 1722 14238 2948 12574 3969 6339 8605 8130 5297 3527 5642 5129 4720 2364 227 1852 4219 1307 2833 475 156 2727
is_linear=0
shrinkage=0.03


Tree=49
num_leaves=31
num_cat=0
split_feature=22 22 12 3 24 72 19 11 22 72 23 0 29 7 69 66 7 0 66 64 20 35 41 11 69 43 8 11 12 7
split_gain=16.4078 2.95742 2.65355 0.831735 0.477545 0.46756 0.511562 0.375224 0.310757 0.289524 0.347305 0.452528 0.249261 0.243437 0.222384 0.218994 0.214655 0.209195 0.206805 0.204413 0.197405 0.19855 0.19713 0.195909 0.236149 0.191364 0.188873 0.188036 0.185253 0.18015
threshold=0.19072886904761904 0.09962053571428571 0.3074041666666667 26.050000000000004 -13.442460911023341 -0.025960566779477553 0.00028867513459512515 0.31052083333333336 0.049607440476190472 0.1223096104867727 0.059387236046570806 57.500000000000007 43.841204980352479 -9.2869508885541148 -0.73831951690629072 -0.0085138257575757947 -881.17000787834888 57.500000000000007 0.055958333333333318 1146.5000000000002 0.042711309523809506 2.3309020560152462 0.39249553771643331 0.36571666666666675 -0.57023701209772126 0.057735026918961117 0.25490833333333335 0.19774374999999997 0.17397916666666666 -23.525889179071832
decision_type=2 2 2 2 2 2 2 2 2 2 2 2 2 2 2 2 2 2 2 2 2 2 2 2 2 2 2 2 2 2
left_child=1 8 3 5 14 6 28 12 -1 10 15 26 16 -8 -4 29 -5 23 -7 20 -10 -22 -11 24 -6 -13 -12 -20 -2 -3
right_child=2 9 4 7 17 18 13 -9 19 22 11 25 -14 -15 -16 -17 -18 -19 27 -21 21 -23 -24 -25 -26 -27 -28 -29 -30 -31
leaf_value=-0.00095125516144033606 -0.0005121304079491113 -0.00040737929589677543 0.0011727824810591962 0.00019512001624380964 0.0015730662095246874 0.00061163133926589496 0.00011417413130644645 0.00068016459994436722 0.00070138642869212414 -0.00020015055849216878 0.00021819565771008168 -0.0010804900936064283 -0.0010051649541102266 0.0006534444272181712 0.00059939461462511399 -0.00024864310038272681 -0.00029037999077194745 0.0006667952763830887 0.0004849707744868479 0.00022987768375035803 -0.00077495437085524767 -0.0002943026007273339 0.00022686219777720088 0.0015543533669209477 0.00086886663687075279 0.0012257026135389293 0.0012952454692088948 0.0014906873132283743 0.0012644528335389901 -0.00098420853910968146
leaf_weight=6876 55 1379 865 1612 677 4939 4433 613 87 1718 1220 320 266 913 2237 4524 1660 509 268 216 6148 911 2234 1862 1290 34 168 503 584 782
leaf_count=6876 55 1379 865 1612 677 4939 4433 613 87 1718 1220 320 266 913 2237 4524 1660 509 268 216 6148 911 2234 1862 1290 34 168 503 584 782
internal_value=-1.33876e-06 -0.000510194 0.000580175 0.000360409 0.00104773 0.000489889 0.000303629 -3.69715e-06 -0.000805097 -0.000170725 -0.000270118 0.000105781 -0.000123191 0.000206938 0.000760578 -0.000368521 -5.0288e-05 0.00125215 0.000684508 -0.000668069 -0.000695659 -0.000713399 4.04701e-05 0.00132898 0.00111344 -0.000847712 0.000351558 0.00114607 0.00110629 -0.000617862
internal_weight=49903 26617 23286 15846 7440 11695 5985 4151 14238 12379 8427 1742 3538 5346 3102 6685 3272 4338 5710 7362 7146 7059 3952 3829 1967 354 1388 771 639 2161
internal_count=49903 26617 23286 15846 7440 11695 5985 4151 14238 12379 8427 1742 3538 5346 3102 6685 3272 4338 5710 7362 7146 7059 3952 3829 1967 354 1388 771 639 2161
is_linear=0
shrinkage=0.03


Tree=50
num_leaves=31
num_cat=0
split_feature=22 22 22 10 8 64 26 69 0 65 0 64 69 18 0 19 20 6 65 21 69 65 46 21 35 69 69 3 46 21
split_gain=15.5354 4.03854 1.19111 0.849373 0.54503 0.365787 0.357583 0.331945 0.315008 0.316369 0.306157 0.302978 0.299601 0.283877 0.388928 0.505146 0.259736 0.258407 0.256897 0.245068 0.234877 0.280806 0.209362 0.258071 0.205688 0.198076 0.196873 0.186623 0.185688 0.180533
threshold=0.14090773809523807 0.25670431547619049 0.071684821428571424 0.36545993589743592 0.20935416666666662 544.50000000000011 -10.823716252701562 -0.80392051724781066 47.500000000000007 0.044620833333333394 57.500000000000007 56.500000000000007 -0.34156760613242332 0.30765625000000002 57.500000000000007 8.3333332904496189e-05 0.043424107142857146 -5.7575370489372668 1.0000000180025095e-35 0.0016448060385383172 0.91585580712236381 -0.0050172111136944633 27.146428571428576 0.013158385334772444 0.34743961448615196 0.91236630913977512 -0.10738035228456493 17.550000000000004 25.38214285714286 0.023784055571877752
decision_type=2 2 2 2 2 2 2 2 2 2 2 2 2 2 2 2 2 2 2 2 2 2 2 2 2 2 2 2 2 2
left_child=2 4 27 6 8 16 20 -7 9 17 -5 -10 -8 14 15 -6 -4 -2 28 -16 21 -3 23 -12 -22 -14 -9 -1 -18 -15
right_child=1 3 5 10 13 7 12 26 11 -11 22 -13 25 29 19 -17 18 -19 -20 -21 24 -23 -24 -25 -26 -27 -28 -29 -30 -31
leaf_value=-0.0012914843225874096 -1.2261777606155043e-06 4.3173812499637118e-05 0.0016781410474111052 0.0014449923023117273 0.0012373436092414528 0.0032307291661854832 0.0012281089602846802 -0.001075509089562628 -0.00011077636050486901 0.00075056907552928528 0.00054745389598149217 -0.0010296265216381481 0.00052598036366496165 -0.0015480841504917902 -0.0014584641606570818 0.00030138552268414617 -0.0001656239665029482 0.0025121208438398063 -0.00012740858593986244 -2.9935400014763352e-05 0.00012611586745020422 0.00060069265276788337 -0.0021290335413068529 0.0016824099941704844 0.001432984534669968 0.0014082582520501916 0.00030823720601140037 -0.00081531310022246576 -0.00060867770731463087 0.0011926874475970584
leaf_weight=829 6994 1064 50 2444 571 31 1706 107 1007 563 665 481 1506 21 116 5941 1025 36 1712 1490 150 3620 20 255 448 277 630 10020 5695 431
leaf_count=829 6994 1064 50 2444 571 31 1706 107 1007 563 665 481 1506 21 116 5941 1025 36 1712 1490 150 3620 20 255 448 277 630 10020 5695 431
internal_value=5.88785e-06 0.000440599 -0.000638611 0.00086144 0.000150592 -0.000387839 0.000704751 0.000236315 -1.10383e-05 6.68544e-05 0.00126635 -0.000410304 0.000941699 0.000322191 0.000280862 0.000384092 -0.000444728 1.15732e-05 -0.000457869 -0.000135827 0.000547519 0.000474725 0.000797653 0.000866777 0.00111094 0.000665442 0.00010209 -0.000852091 -0.00054158 0.00105559
internal_weight=49905 29806 20099 12155 17651 9250 8771 768 9081 7593 3384 1488 3489 8570 8118 6512 8482 7030 8432 1606 5282 4684 940 920 598 1783 737 10849 6720 452
internal_count=49905 29806 20099 12155 17651 9250 8771 768 9081 7593 3384 1488 3489 8570 8118 6512 8482 7030 8432 1606 5282 4684 940 920 598 1783 737 10849 6720 452
is_linear=0
shrinkage=0.03


Tree=51
num_leaves=31
num_cat=0
split_feature=22 22 22 10 8 72 64 7 46 0 72 14 0 65 21 72 65 7 57 34 51 69 69 46 21 9 42 46 69 70
split_gain=14.6183 3.8007 1.12071 0.798891 0.512789 0.345362 0.344351 0.357762 0.316186 0.296516 0.30964 0.294386 0.287831 0.267843 0.24552 0.306771 0.23716 0.225748 0.224413 0.264062 0.213755 0.210138 0.207027 0.19757 0.242728 0.181595 0.175479 0.161338 0.221678 0.185606
threshold=0.14090773809523807 0.25670431547619049 0.071684821428571424 0.36545993589743592 0.20935416666666662 -0.22118606776428693 544.50000000000011 -517.74320999071585 25.053571428571434 47.500000000000007 -0.029757039759795486 -14.292095835053219 57.500000000000007 -0.025312499999999998 0.089436582508058068 1.0000000180025095e-35 1.0000000180025095e-35 -19.376677537754741 102.45000000000003 0.29285714285714309 0.37796447300922781 0.7086201161944764 -0.80392051724781066 27.146428571428576 0.013158385334772444 0.19064583333333332 18.683333333333341 25.38214285714286 0.081675638985454754 -0.46734190575957718
decision_type=2 2 2 2 2 2 2 2 2 2 2 2 2 2 2 2 2 2 2 2 2 2 2 2 2 2 2 2 2 2
left_child=2 4 26 5 9 18 16 21 20 10 17 25 -5 -6 15 -15 27 -2 19 -3 -7 -8 -12 24 -14 -11 -1 29 -29 -4
right_child=1 3 6 12 13 8 7 -9 -10 11 22 -13 23 14 -16 -17 -18 -19 -20 -21 -22 -23 -24 -25 -26 -27 -28 28 -30 -31
leaf_value=-0.0012508684056794343 5.9947538344622292e-05 -0.00010801125455455707 -0.00056676143749007221 0.0014016602574873349 -0.00027936660798463255 0.0014203491210408694 -0.00082017668237766397 0.0021835122008158482 0.00048560827180977293 -0.00022286210935766715 0.00067838801196786771 0.00023852459280014347 0.00053105494006789786 0.00016149646459924253 0.0010790860369211759 0.00055291529883491608 -0.00011487101989042393 -0.00041982685999924742 5.5180559455069141e-05 0.00084155231983309227 0.00085070781261426323 0.0003406713527981483 0.00013774077474158883 -0.0020682040197508677 0.001632134849602494 -0.0010312819666123026 -0.00079069356655534894 -0.00077503124858891662 -0.00039760555690810409 0.00023756233868799489
leaf_weight=836 2165 334 511 2444 631 742 194 75 1952 461 807 449 665 4481 408 3050 1723 1479 1076 1157 3510 499 3142 20 255 578 10013 2667 3067 514
leaf_count=836 2165 334 511 2444 631 742 194 75 1952 461 807 449 665 4481 408 3050 1723 1479 1076 1157 3510 499 3142 20 255 578 10013 2667 3067 514
internal_value=5.72436e-06 0.000427411 -0.00061946 0.000835673 0.000146067 0.000683688 -0.000376193 0.000229321 0.000805245 -1.07002e-05 6.48617e-05 -0.000398078 0.0012284 0.000312514 0.000359964 0.000320469 -0.000431394 -0.000134018 0.000388537 0.000626899 0.00095113 1.06646e-05 0.000249128 0.000773727 0.000840944 -0.000676033 -0.000826542 -0.000511609 -0.000573782 -0.00016066
internal_weight=49905 29806 20099 12155 17651 8771 9250 768 6204 9081 7593 1488 3384 8570 7939 7531 8482 3644 2567 1491 4252 693 3949 940 920 1039 10849 6759 5734 1025
internal_count=49905 29806 20099 12155 17651 8771 9250 768 6204 9081 7593 1488 3384 8570 7939 7531 8482 3644 2567 1491 4252 693 3949 940 920 1039 10849 6759 5734 1025
is_linear=0
shrinkage=0.03


Tree=52
num_leaves=31
num_cat=0
split_feature=18 12 18 12 0 19 23 3 24 73 70 7 5 0 65 7 50 5 46 14 8 46 49 23 24 9 69 9 40 23
split_gain=13.7643 2.70874 2.05643 0.757361 0.516816 0.57948 0.502156 0.616226 0.416077 0.364322 0.351488 0.310546 0.30839 0.286633 0.280735 0.232525 0.227415 0.226173 0.220237 0.20882 0.240762 0.19949 0.252242 0.242416 0.206899 0.169138 0.159012 0.153619 0.13465 0.13276
threshold=0.19924079106280199 0.072437499999999974 0.30765625000000002 0.3539916666666667 57.500000000000007 6.7357531405420887e-05 0.040394414871022501 25.450000000000003 -7.0717917553274239 -0.063970589692106991 -0.48248986924805465 -19.698862139379663 -1499.999999999997 57.500000000000007 0.017293750000000014 -1500.000000000008 79.071428571428584 -12.328389175042217 22.246428571428577 -15.074002985204904 0.2930416666666667 20.603571428571435 0.57735026918962584 0.05399966404244691 -111.01416938130752 0.19444791666666669 -0.48250327361223916 0.057689583333333308 3.2846428571428579 0.086293562979615421
decision_type=2 2 2 2 2 2 2 2 2 2 2 2 2 2 2 2 2 2 2 2 2 2 2 2 2 2 2 2 2 2
left_child=1 21 3 4 5 11 7 10 -4 -7 17 -2 -8 25 15 -9 26 -3 -12 20 -6 -1 29 24 -24 -14 -5 -25 -10 -23
right_child=2 6 8 16 19 9 12 14 28 -11 18 -13 13 -15 -16 -17 -18 -19 -20 -21 -22 22 23 27 -26 -27 -28 -29 -30 -31
leaf_value=-0.001122255860794218 0.00079230007619970845 -0.00040531046819102407 0.00084140168083112182 0.0011867331090391776 -0.00056441931703712868 0.00010725151439417739 -0.0010959217515854821 8.0605530815525776e-05 0.00095528227263988496 0.00047618016237889439 0.00062363955005896186 0.0021548765623234981 0.00038723723759932093 -0.00065502896269932747 8.4254693900160947e-05 -0.00052425356340892143 0.0014397245906070998 0.00026957627782673519 -1.9191451731929539e-05 0.00026166643431500071 0.00031511115013505638 -0.00078036508753433892 -0.00076586229568493896 0.0016515624756387002 -0.00010316795413168806 -0.00020216378975858857 -0.00036732590852036424 -1.4901380553895318e-05 0.0015190305736663633 -0.0017910799982566988
leaf_weight=1300 537 1632 5585 108 1053 4076 172 615 587 5979 1053 217 2603 317 901 6802 724 609 864 850 376 8665 1246 70 660 519 125 155 1382 123
leaf_count=1300 537 1632 5585 108 1053 4076 172 615 587 5979 1053 217 2603 317 901 6802 724 609 864 850 376 8665 1246 70 660 519 125 155 1382 123
internal_value=5.56227e-06 -0.000429586 0.000575967 0.000360906 0.000300972 0.000387589 -0.000173559 -0.00026381 0.000975327 0.000326951 3.37305e-05 0.00119076 0.000137416 0.000200274 -0.000412892 -0.000473692 0.00117627 -0.000220531 0.00033249 -0.000108519 -0.00033084 -0.000766373 -0.000723629 -0.000427433 -0.000538135 0.000288261 0.000342183 0.000495293 0.00135306 -0.000795055
internal_weight=49905 28306 21599 14045 13088 10809 16087 12476 7554 10055 4158 754 3611 3439 8318 7417 957 2241 1917 2279 1429 12219 10919 2131 1906 3122 233 225 1969 8788
internal_count=49905 28306 21599 14045 13088 10809 16087 12476 7554 10055 4158 754 3611 3439 8318 7417 957 2241 1917 2279 1429 12219 10919 2131 1906 3122 233 225 1969 8788
is_linear=0
shrinkage=0.03


Tree=53
num_leaves=31
num_cat=0
split_feature=22 22 22 10 8 32 64 7 23 41 71 33 69 18 23 12 60 6 65 44 18 69 70 51 10 53 10 42 3 46
split_gain=12.9709 3.37457 0.992932 0.719813 0.451876 0.318976 0.315441 0.33734 0.276782 0.416155 0.288401 0.2765 0.378311 0.254652 0.237328 0.276101 0.236983 0.231348 0.215322 0.19106 0.185622 0.175707 0.174337 0.170544 0.184654 0.168095 0.167725 0.164177 0.156819 0.143141
threshold=0.14090773809523807 0.25670431547619049 0.071684821428571424 0.36545993589743592 0.20935416666666662 0.47142857142857181 544.50000000000011 -505.03010721301513 0.063348814950504775 0.34238497707242599 0.022122123333260472 0.07559289460184597 0.89001933454452098 0.30765625000000002 0.00315228620062875 0.22439583333333332 73.29500000000003 -9.9281636411786192 1.0000000180025095e-35 26.550000000000008 0.28634722222222225 0.7086201161944764 -0.20089055513063514 2.8850651664719623e-06 0.12190153508771927 0.53452248382484868 0.31806439393939395 26.416666666666671 17.450000000000003 25.38214285714286
decision_type=2 2 2 2 2 2 2 2 2 2 2 2 2 2 2 2 2 2 2 2 2 2 2 2 2 2 2 2 2 2
left_child=2 4 28 5 8 20 18 21 9 16 -11 26 -13 14 15 -6 -2 -16 29 22 25 -8 -5 27 -25 -3 -7 -10 -1 -4
right_child=1 3 6 19 13 11 7 -9 23 10 -12 12 -14 -15 17 -17 -18 -19 -20 -21 -22 -23 -24 24 -26 -27 -28 -29 -30 -31
leaf_value=-0.0011819652301339101 -0.00022777186866108361 0.00074813753268004998 -0.00015294320730907586 0.000994461035282831 0.0020604900695660993 0.0014554132568375005 -0.00071482670943257335 0.0022429358563796783 -0.00066597921393377014 -0.00011089326132358675 0.00033939766912162434 0.0005543625743964928 0.0012729955444204613 0.00098839447214457026 0.00014915839021086423 0.00040771069118279067 -0.00091048106676031482 0.00062705459448344537 -0.00010564218947881902 0 0.00056537273770749835 0.00033119051848602249 0.0014463844550368897 0.0013189546852372586 0.00030251362401047748 -0.00027728611020853844 0.0006915297968921744 0.00037877134422176624 -0.00074467614778008428 -0.00054233671967682717
leaf_weight=828 1901 184 1025 1759 136 705 202 67 202 3112 2167 5065 768 452 6626 292 611 1064 1723 123 964 499 1502 278 406 641 444 404 10021 5734
leaf_count=828 1901 184 1025 1759 136 705 202 67 202 3112 2167 5065 768 452 6626 292 611 1064 1723 123 964 499 1502 278 406 641 444 404 10021 5734
internal_value=5.40186e-06 0.000402621 -0.000583499 0.00078732 0.000137506 0.000643019 -0.000354485 0.000224974 -9.63588e-06 -7.73656e-05 7.34097e-05 0.000734869 0.000649697 0.000293755 0.000254592 0.000943465 -0.000395319 0.000215744 -0.000407326 0.00116015 0.000282666 2.4908e-05 0.00120391 0.00039684 0.000721331 -4.43247e-05 0.0011637 2.50554e-05 -0.000778433 -0.00048376
internal_weight=49905 29806 20099 12155 17651 8771 9250 768 9081 7791 5279 6982 5833 8570 8118 428 2512 7690 8482 3384 1789 701 3261 1290 684 825 1149 606 10849 6759
internal_count=49905 29806 20099 12155 17651 8771 9250 768 9081 7791 5279 6982 5833 8570 8118 428 2512 7690 8482 3384 1789 701 3261 1290 684 825 1149 606 10849 6759
is_linear=0
shrinkage=0.03


Tree=54
num_leaves=31
num_cat=0
split_feature=22 22 22 10 8 64 65 63 7 23 41 68 0 65 21 73 70 0 66 63 20 21 39 46 21 55 63 70 70 2
split_gain=12.2059 3.1754 0.935581 0.67709 0.425328 0.320148 0.313522 0.331073 0.311816 0.260558 0.391633 0.272679 0.259857 0.245322 0.227684 0.260153 0.2239 0.214398 0.225198 0.211178 0.199824 0.196435 0.22634 0.181823 0.229771 0.171802 0.199523 0.171795 0.206705 0.15822
threshold=0.14090773809523807 0.25670431547619049 0.065320833333333314 0.36545993589743592 0.20935416666666662 544.50000000000011 -0.0047083333333332996 -106.01999999999998 -477.63447974794991 0.063348814950504775 0.34238497707242599 0.16157596234709184 57.500000000000007 -0.025312499999999998 0.089436582508058068 0.013018299779401056 -0.78295110140207613 72.500000000000014 0.064391666666666694 457.44500000000011 0.043424107142857146 0.015345190377487874 1.0000000180025095e-35 27.146428571428576 0.013158385334772444 0.69999999999999984 -193.70999999999995 -0.90878397393106225 0.1159303052754759 7.4750000000000005
decision_type=2 2 2 2 2 2 2 2 2 2 2 2 2 2 2 2 2 2 2 2 2 2 2 2 2 2 2 2 2 2
left_child=2 4 -1 6 9 17 27 29 25 10 16 -12 -5 -6 15 -15 -2 18 20 -9 -4 -11 -23 24 -14 26 -7 -3 -29 -8
right_child=1 3 5 12 13 8 7 19 -10 21 11 -13 23 14 -16 -17 -18 -19 -20 -21 -22 22 -24 -25 -26 -27 -28 28 -30 -31
leaf_value=-0.00077475293881580057 0.00015576286928758464 -0.00037636047828617798 0.001304690995067358 0.0012899849387228402 -0.00028143380008333236 0.00029130862184504691 0.00016111464124087435 0.00078941294331084596 0.0026809979082453388 0.0011848982960493398 -0.00010785674040846154 0.00033003967153966553 0.00045671470860237165 0.00014210779424640862 0.0010228715464256448 0.00050100836008236253 -0.00053131118610629186 -0.00079285266587482764 0.00014618686197750543 0.0020215618608477102 -0.00042251160449169746 -0.00032275138477842763 0.00056793125676856912 -0.0020331524945795534 0.0015271862796835194 0.0010083758466371752 -0.00075477601625099846 0.00075729089637509219 0.00011506234976004816 0.0019320700370590201
leaf_weight=9865 536 284 59 2444 631 389 1039 5429 42 228 3114 2165 665 4387 408 3144 1976 1193 714 131 7417 424 638 20 255 140 280 842 999 47
leaf_count=9865 536 284 59 2444 631 389 1039 5429 42 228 3114 2165 665 4387 408 3144 1976 1193 714 131 7417 424 638 20 255 140 280 842 999 47
internal_value=5.25914e-06 0.000390588 -0.000566009 0.000763763 0.000133409 -0.000364443 0.000623786 0.000725539 0.00019012 -9.33549e-06 -7.50597e-05 7.11917e-05 0.00112539 0.000284999 0.000330428 0.000292385 -0.000383509 -0.000415074 -0.000359588 0.000819342 -0.000408307 0.000385035 0.000209538 0.000693343 0.000758015 5.39497e-05 -0.00014251 0.000303949 0.000410672 0.000242225
internal_weight=49905 29806 20099 12155 17651 10234 8771 6646 851 9081 7791 5279 3384 8570 7939 7531 2512 9383 8190 5560 7476 1290 1062 940 920 809 669 2125 1841 1086
internal_count=49905 29806 20099 12155 17651 10234 8771 6646 851 9081 7791 5279 3384 8570 7939 7531 2512 9383 8190 5560 7476 1290 1062 940 920 809 669 2125 1841 1086
is_linear=0
shrinkage=0.03


Tree=55
num_leaves=31
num_cat=0
split_feature=22 22 12 18 64 23 0 69 73 3 12 41 65 69 69 12 52 72 12 10 15 15 21 63 18 70 69 41 19 10
split_gain=11.4354 2.08191 2.04792 0.67879 0.574002 0.488444 0.446117 0.468103 0.349851 0.425782 0.343521 0.310043 0.301203 0.292616 0.286577 0.252682 0.239013 0.237492 0.236869 0.235321 0.231656 0.278996 0.225829 0.253584 0.214239 0.198942 0.243962 0.196034 0.190402 0.174326
threshold=0.19212499999999999 0.11052678571428569 0.31272916666666667 0.28230887681159422 474.50000000000006 0.044561479065545549 27.500000000000004 -0.74981945761428159 -0.10234454407312742 23.350000000000005 0.052714583333333308 0.0053452248382483839 -0.0024166666666666082 0.098819223632317002 0.87795195455888941 0.3539916666666667 31.535714285714288 0.17867194381511545 0.28493750000000001 0.39902083333333344 -1499.999999999997 -1499.9999999999936 0.023784055571877752 -100.955 0.25170138888888888 0.47493347945961001 -0.81403855522663837 2.0255200518231092e-07 0.014866798626066548 0.16091458333333333
decision_type=2 2 2 2 2 2 2 2 2 2 2 2 2 2 2 2 2 2 2 2 2 2 2 2 2 2 2 2 2 2
left_child=1 10 3 4 8 27 7 -4 9 -2 -1 -8 17 -12 15 -9 -10 -3 24 -13 -15 -22 23 -5 -14 29 -27 -6 -20 -24
right_child=2 12 6 22 5 -7 11 14 16 -11 13 19 18 20 -16 -17 -18 -19 28 -21 21 -23 25 -25 -26 26 -28 -29 -30 -31
leaf_value=-0.00077379914636631971 0.00036016087707406219 -0.00058344058632161448 0.0015338362112712544 -0.00031899879490725929 -0.0001065152198258605 0.00014399784505928601 0.0012693191027402584 0.00043987762130579422 -0.0007527205833682308 -0.00027671726137662667 -0.00068594489076000511 0.00019449983779754732 -8.3761091288445146e-05 -0.00081752482239046478 0.0014388825919003476 0.00099015049443818112 0.00040761328593579769 4.5124773481571561e-05 0.00010026419751346111 0.0015711021238438241 0.0006570256289643887 -0.00027870178604968109 -0.0010428075839149494 0.00056464941720849298 0.00084357512545083532 -0.0014359525232409526 0.00064090860201797555 -0.0014227742552099262 0.0017225592450437243 0.0011983062021969236
leaf_weight=8741 1772 1833 1378 332 142 588 387 1326 161 2020 3321 1358 8316 606 698 1822 6715 755 149 122 323 2413 30 2192 229 55 498 413 121 1083
leaf_count=8741 1772 1833 1378 332 142 588 387 1326 161 2020 3321 1358 8316 606 698 1822 6715 755 149 122 323 2413 30 2192 229 55 498 413 121 1083
internal_value=-4.2951e-07 -0.000421992 0.00048882 0.000300434 0.000183666 -0.000454061 0.000913391 0.00105621 0.000252311 2.01212e-05 -0.000649491 0.000511813 -0.000114376 -0.000485873 0.000883946 0.000759531 0.000379903 -0.000398963 -3.04477e-05 0.000310986 -0.000286015 -0.000166938 0.000628749 0.000447148 -5.84623e-05 0.000901642 0.000426715 -0.00109219 0.000842036 0.00113432
internal_weight=49899 26807 23092 16001 11811 1143 7091 5224 10668 3792 15404 1867 11403 6663 3846 3148 6876 2588 8815 1480 3342 2736 4190 2524 8545 1666 553 555 270 1113
internal_count=49899 26807 23092 16001 11811 1143 7091 5224 10668 3792 15404 1867 11403 6663 3846 3148 6876 2588 8815 1480 3342 2736 4190 2524 8545 1666 553 555 270 1113
is_linear=0
shrinkage=0.03


Tree=56
num_leaves=31
num_cat=0
split_feature=22 22 12 18 64 23 0 6 53 12 70 46 41 70 65 66 72 12 10 18 38 0 47 41 70 66 10 19 29 20
split_gain=10.7602 1.95913 1.92759 0.638601 0.540157 0.459858 0.419463 0.34038 0.332096 0.323055 0.303807 0.350138 0.29162 0.283476 0.283398 0.242914 0.223542 0.223141 0.221479 0.201638 0.192873 0.191867 0.21055 0.18426 0.179646 0.186454 0.214571 0.179079 0.170997 0.168842
threshold=0.19212499999999999 0.11052678571428569 0.31272916666666667 0.28230887681159422 474.50000000000006 0.044561479065545549 27.500000000000004 -9.8105253186208135 5.9614143907686143 0.052714583333333308 -0.59815875725621348 17.589285714285719 0.0053452248382483839 0.72064045540576316 -0.0024166666666666082 0.083322463768115987 0.17867194381511545 0.28493750000000001 0.39902083333333344 0.25170138888888888 5.6607142857142874 22.500000000000004 2.1659862536879968e-08 2.0255200518231092e-07 0.47493347945961001 0.09191666666666666 0.18727083333333333 0.014866798626066548 49.105908193629439 0.091013392857142814
decision_type=2 2 2 2 2 2 2 2 2 2 2 2 2 2 2 2 2 2 2 2 2 2 2 2 2 2 2 2 2 2
left_child=1 9 3 4 7 23 10 8 -2 -1 11 -4 -8 20 16 21 -3 19 -14 29 -12 22 -11 -6 25 -5 -27 -19 -7 -16
right_child=2 14 6 24 5 28 12 -9 -10 15 13 -13 18 -15 17 -17 -18 27 -20 -21 -22 -23 -24 -25 -26 26 -28 -29 -30 -31
leaf_value=-0.0007505878361152385 7.6402913888807273e-05 -0.00056594691377694908 5.261622942202087e-05 0.00061096835054396694 -0.00010334210872806453 0.0003592115701552659 0.0012313376732132177 0.00062740461725041216 0.0005330319284988092 0.0013023220829358748 0.0014250592594701233 0.0009805548398478677 0.00018866913778922998 0.00078647265164446406 0.00054208579759588537 0.0002426889463992423 4.3772820890488953e-05 9.7276326194405561e-05 0.001524352253346545 0.00081837789419957475 -5.4713691195732427e-05 -0.00070313671665112455 -0.0003991222592071981 -0.0013801941301815372 0.00030742207772534348 -0.00094873522536669799 0.0013413430837597767 0.0016713060538101269 -0.0010639369353610143 -0.00011079791145253938
leaf_weight=8741 7113 1833 537 2289 142 500 387 1753 1802 65 2291 1198 1358 1120 371 397 755 149 122 229 78 2797 3404 413 1269 37 595 121 88 7945
leaf_count=8741 7113 1833 537 2289 142 500 387 1753 1802 65 2291 1198 1358 1120 371 397 755 149 122 229 78 2797 3404 413 1269 37 595 121 88 7945
internal_value=-4.02473e-07 -0.000409332 0.000474182 0.000291406 0.000178137 -0.000440475 0.000886097 0.000244733 0.000169088 -0.000630022 0.0010246 0.000695272 0.000496604 0.00118726 -0.000110916 -0.000471315 -0.000386966 -2.94948e-05 0.000301753 -5.66952e-05 0.00137507 -0.000517063 -0.000366011 -0.00105967 0.000609862 0.000740077 0.00120125 0.000817309 0.000139685 -8.12486e-05
internal_weight=49899 26807 23092 16001 11811 1143 7091 10668 8915 15404 5224 1735 1867 3489 11403 6663 2588 8815 1480 8545 2369 6266 3469 555 4190 2921 632 270 588 8316
internal_count=49899 26807 23092 16001 11811 1143 7091 10668 8915 15404 5224 1735 1867 3489 11403 6663 2588 8815 1480 8545 2369 6266 3469 555 4190 2921 632 270 588 8316
is_linear=0
shrinkage=0.03


Tree=57
num_leaves=31
num_cat=0
split_feature=22 12 22 18 3 70 21 0 69 52 6 70 12 41 69 12 0 33 73 7 0 10 66 21 57 5 9 9 18 66
split_gain=10.1328 1.97478 1.5896 0.659842 0.493914 0.521283 0.462836 0.383161 0.431972 0.354191 0.542775 0.329593 0.278372 0.272395 0.24895 0.264644 0.234478 0.258028 0.227079 0.315782 0.208799 0.207315 0.206172 0.200597 0.253456 0.177187 0.206377 0.172476 0.172765 0.169991
threshold=0.18272767857142858 0.31272916666666667 0.09962053571428571 0.28230887681159422 26.050000000000004 -0.74979862697202038 0.058363173702624921 27.500000000000004 -0.78297285307474518 77.607142857142875 -11.400192997516903 -0.94128245028753155 0.28493750000000001 0.0053452248382483839 0.87795195455888941 0.3539916666666667 15.000000000000002 0.42761798705987936 -0.0090323449779541303 -19.376677537754741 47.500000000000007 0.39902083333333344 0.064391666666666694 0.023784055571877752 32.850000000000009 -72.494133620266425 0.1139270833333333 0.13863276515151515 0.1379444444444444 0.00013333333333331174
decision_type=2 2 2 2 2 2 2 2 2 2 2 2 2 2 2 2 2 2 2 2 2 2 2 2 2 2 2 2 2 2
left_child=2 3 16 4 9 -6 -7 8 -3 11 -11 -2 18 -9 15 -10 17 -1 19 20 -4 29 -18 24 -5 26 -20 28 -14 -15
right_child=1 7 12 23 5 6 -8 13 14 10 -12 -13 27 21 -16 -17 22 -19 25 -21 -22 -23 -24 -25 -26 -27 -28 -29 -30 -31
leaf_value=-0.00051293236611358965 -0.00020932081531682676 0.0014666700703581238 -4.8252924123095252e-05 -0.00033180917307163853 0.00058653128927495951 -0.00053715065956391425 0.00031021445543063316 0.0011944927420380052 0.0003950335188856754 -9.592342785353786e-05 0.00045381386713918268 0.00068020090075126443 0.00030287492867897857 -0.00018490169943165521 0.0013480183410868208 0.00094935714916141115 -0.0006992948512912012 0.00031332203494728659 7.4963681304412376e-05 -0.00074931581715668972 -0.00060317932086354289 0.0014789934632618254 -2.6733434060588433e-07 0.00084444098207718294 0.00053762151789823749 9.7415694848191058e-05 -0.00041769981637021866 -0.00096759405409967559 0.0021294691852502983 0.00048741204150197552
leaf_weight=1378 435 1298 2535 345 719 2186 784 387 1365 3616 2912 2493 98 604 701 1877 12015 446 1273 1220 809 122 401 1688 2183 3238 1883 36 97 755
leaf_count=1378 435 1298 2535 345 719 2186 784 387 1365 3616 2912 2493 98 604 701 1877 12015 446 1273 1220 809 122 401 1688 2183 3238 1883 36 97 755
internal_value=-3.63535e-07 0.000435367 -0.00041978 0.000262634 0.000157556 -0.000136295 -0.00031243 0.000856683 0.000988749 0.000272514 0.000148875 0.000546998 -0.000151823 0.000484215 0.000830329 0.000717086 -0.00063009 -0.000309194 -0.000173809 -0.000335566 -0.000183541 0.000295907 -0.000676962 0.000589429 0.000417698 -5.78441e-05 -0.000218069 0.000874447 0.00123302 0.000186484
internal_weight=49899 24470 25429 17361 13145 3689 2970 7109 5241 9456 6528 2928 11189 1868 3943 3242 14240 1824 10958 4564 3344 1481 12416 4216 2528 6394 3156 231 195 1359
internal_count=49899 24470 25429 17361 13145 3689 2970 7109 5241 9456 6528 2928 11189 1868 3943 3242 14240 1824 10958 4564 3344 1481 12416 4216 2528 6394 3156 231 195 1359
is_linear=0
shrinkage=0.03


Tree=58
num_leaves=31
num_cat=0
split_feature=18 12 12 18 0 65 33 12 0 46 65 50 5 21 41 12 64 20 66 10 71 57 62 46 0 66 66 18 53 39
split_gain=9.5568 1.89726 1.42916 0.459713 0.514444 0.437485 0.471721 0.418207 0.385721 0.352069 0.326376 0.291252 0.282908 0.256474 0.242966 0.227292 0.223543 0.220294 0.218973 0.197346 0.1856 0.180397 0.169431 0.162685 0.21392 0.157433 0.155286 0.139672 0.139382 0.135124
threshold=0.19924079106280199 0.072437499999999974 0.31272916666666667 0.29345972222222222 57.500000000000007 -0.0037916666666667101 1.0000000180025095e-35 0.28493750000000001 27.500000000000004 22.403571428571432 0.009475000000000058 77.214285714285737 -11.069213162422139 0.023784055571877752 0.0053452248382483839 0.33981666666666671 24.500000000000004 0.15768452380952377 0.0090916666666666941 0.40283333333333332 0.098706389467248204 46.850000000000001 -1.6749999999999985 20.710714285714293 22.500000000000004 -0.014166666666666711 -0.036374999999999998 0.14920108695652173 5.9044591083889673 1.0000000180025095e-35
decision_type=2 2 2 2 2 2 2 2 2 2 2 2 2 2 2 2 2 2 2 2 2 2 2 2 2 2 2 2 2 2
left_child=1 23 3 4 5 20 -7 9 15 21 12 18 -11 16 -10 -4 22 -9 -6 25 -2 -3 -5 -1 -25 -16 -18 -19 -23 -15
right_child=2 7 8 13 11 6 -8 17 14 10 -12 -13 -14 29 19 -17 26 27 -20 -21 -22 28 -24 24 -26 -27 -28 -29 -30 -31
leaf_value=-0.00095897302906614024 -0.00013710127949168776 -0.0001493143928433291 0.00065013432364856023 0.00099293329955939366 -0.0014835959113604648 0.0012323353713382722 0.00036464061902880847 0.0014968892665430736 0.0011331894639701233 -0.0003426756383827918 0.00014484283651507708 0.00010726590046548046 0.00017117272457903149 0.0011551226519352495 -0.00044076131609954727 0.0011054485782466101 0.0019113339368320467 -0.0001556125085868062 -0.0003627958683329682 0.0015263789564754083 0.00034987114303459754 6.4361118200461222e-05 0.00033328374065332494 -0.00034179005589998583 -0.00067245540334688277 0.00034956375306011242 -0.00039087372049317247 0.00073997024042032585 0.00073396588536110263 0.00055948209382921548
leaf_weight=1344 2155 806 1435 525 210 632 5510 166 386 10508 1732 1019 1053 866 284 3514 27 330 665 106 1044 522 1126 2266 8674 1071 387 290 630 616
leaf_count=1344 2155 806 1435 525 210 632 5510 166 386 10508 1732 1019 1053 866 284 3514 27 330 665 106 1044 522 1126 2266 8674 1071 387 290 630 616
internal_value=-3.36822e-07 -0.000362787 0.000475233 0.00030933 0.000214879 0.000306426 0.000454599 -0.000147627 0.000835549 -0.000182563 -0.000237983 -0.00023496 -0.000295603 0.00060751 0.000462112 0.000974191 0.000388554 0.000525799 -0.000636599 0.000282105 2.09453e-05 0.000192086 0.000545335 -0.000643403 -0.000604276 0.000181501 -0.000229257 0.000258975 0.000433472 0.000910109
internal_weight=49899 28321 21578 14782 11235 9341 6142 16037 6796 15251 13293 1894 11561 3547 1847 4949 2065 786 875 1461 3199 1958 1651 12284 10940 1355 414 620 1152 1482
internal_count=49899 28321 21578 14782 11235 9341 6142 16037 6796 15251 13293 1894 11561 3547 1847 4949 2065 786 875 1461 3199 1958 1651 12284 10940 1355 414 620 1152 1482
is_linear=0
shrinkage=0.03


Tree=59
num_leaves=31
num_cat=0
split_feature=22 22 12 12 0 73 7 69 69 69 0 66 41 65 66 69 10 64 63 18 69 21 42 5 7 69 7 22 64 42
split_gain=9.01208 2.44348 0.65492 0.542541 0.370183 0.351476 0.373899 0.33252 0.307639 0.292299 0.286097 0.369923 0.27196 0.24448 0.226135 0.209805 0.194665 0.194655 0.1929 0.277675 0.188887 0.194455 0.191629 0.186839 0.275502 0.252112 0.215991 0.179708 0.171217 0.168904
threshold=0.13919791666666664 0.24885327380952382 0.055164583333333309 0.33047916666666671 27.500000000000004 -0.12221510199528572 -19.698862139379663 0.30081702196488996 -0.96683886033945943 -0.59817537509284324 57.500000000000007 0.10831875000000001 0.0053452248382483839 -0.0030416666666667129 0.083322463768115987 0.90880922144842624 0.39902083333333344 1957.5000000000002 -187.31499999999997 0.28027083333333341 0.92913280730858816 0.07007178469316068 27.116666666666671 -1499.999999999997 -1500.0000000000014 0.7086201161944764 -773.6995792330423 0.19212499999999999 76.500000000000014 25.616666666666671
decision_type=2 2 2 2 2 2 2 2 2 2 2 2 2 2 2 2 2 2 2 2 2 2 2 2 2 2 2 2 2 2
left_child=2 5 -1 14 9 6 8 29 28 -5 11 27 -6 -8 20 -11 -14 -10 19 -12 22 -22 -3 -9 25 -25 -26 -7 -2 -4
right_child=1 3 7 4 12 10 13 23 17 15 18 -13 16 -15 -16 -17 -18 -19 -20 -21 21 -23 -24 24 26 -27 -28 -29 -30 -31
leaf_value=-0.00067947662208650962 0.00081329498195729694 0.00041493437573664167 -0.0002210689936860333 0.0013755031438851234 0.0013757688078844428 4.437856481675506e-05 -0.0010065380231291431 -0.00055412823117607945 3.2552657777684957e-05 0.00070915426741199417 -0.00096516669849058552 0.0011325631116154869 0.00012970572648000539 -0.00022402817051615196 0.0010189451766900079 0.0014481056393609686 0.0013943505363493431 -0.00093828090208849689 4.9471562966095359e-05 0.00040016524205380616 0.0010612118270506628 -0.00060558288533459678 -0.00022152980983198569 0.00057153321465284535 0.00038676902441757524 -0.00059973498665321897 -0.00014595656530260194 0.00032682668016219247 0.0037143752465822865 -0.00058993108933793833
leaf_weight=9293 224 6054 1572 1336 237 3385 557 855 3246 2280 447 416 1092 1051 628 421 122 196 1795 187 626 67 451 191 1295 1108 1442 5157 20 4148
leaf_count=9293 224 6054 1572 1336 237 3385 557 855 3246 2280 447 416 1092 1051 628 421 122 196 1795 187 626 67 451 191 1295 1108 1442 5157 20 4148
internal_value=-3.02856e-07 0.000328056 -0.000495277 0.000631156 0.000860528 8.59327e-05 -0.000115671 -0.000333625 5.01357e-05 0.00100885 0.000179927 0.000258323 0.00044539 -0.000497406 0.000469837 0.000825937 0.000260307 -2.21153e-05 -0.000107948 -0.000557738 0.000421377 0.000895101 0.000370319 -0.000151077 -6.48339e-05 -0.000424901 0.000105054 0.000215268 0.00107752 -0.000489139
internal_weight=49899 29995 19904 13314 5488 16681 5294 10611 3686 4037 11387 8958 1451 1608 7826 2701 1214 3442 2429 634 7198 693 6505 4891 4036 1299 2737 8542 244 5720
internal_count=49899 29995 19904 13314 5488 16681 5294 10611 3686 4037 11387 8958 1451 1608 7826 2701 1214 3442 2429 634 7198 693 6505 4891 4036 1299 2737 8542 244 5720
is_linear=0
shrinkage=0.03


Tree=60
num_leaves=31
num_cat=0
split_feature=12 20 20 6 47 46 70 70 10 69 39 10 24 69 69 69 69 0 70 35 66 39 46 21 70 46 10 65 23 3
split_gain=8.01033 1.79654 1.69556 0.536247 0.416823 0.605233 0.636652 0.599094 0.288454 0.270013 0.27 0.246202 0.230672 0.229347 0.208376 0.20414 0.18763 0.450568 0.186542 0.182653 0.181326 0.192217 0.173839 0.161459 0.152525 0.152305 0.142683 0.116062 0.114014 0.11138
threshold=0.18089583333333334 0.29283571428571425 0.11744345238095236 -10.510275161680742 6.7348721585318313e-07 23.303571428571434 0.081673369964559248 -0.55599684127981919 0.39531250000000001 -0.69016699705532225 5.0888246878867606e-08 0.052714583333333308 -9.2679235124573598 0.86529924138975423 0.61866567420209762 0.30081702196488996 -0.32533907195844763 57.500000000000007 -0.69637622559687229 5.4712786524583477 0.013970833333333299 5.0888246878867606e-08 16.13928571428572 0.0032109209674985283 0.26780438508363441 18.060714285714287 0.34597916666666667 0.024766666666666656 0.040394414871022501 17.450000000000003
decision_type=2 2 2 2 2 2 2 2 2 2 2 2 2 2 2 2 2 2 2 2 2 2 2 2 2 2 2 2 2 2
left_child=2 3 11 4 9 7 -7 -6 13 -2 15 29 14 16 28 -5 17 -3 -16 -18 21 26 -12 -22 -23 -24 -4 -26 -13 -1
right_child=1 8 20 10 5 6 -8 -9 -10 -11 22 12 -14 -15 18 -17 19 -19 -20 -21 23 24 25 -25 27 -27 -28 -29 -30 -31
leaf_value=-0.0010075675109979876 0.0015934449593785784 0.00098199617049696568 -0.00077639172931670834 0.0019020359506654852 -0.00012380882286076476 0.00012778525837873916 -0.00042273585899445416 0.00065203214457980828 0.0012130993749419562 0.00042906966155174846 -0.00064018374941168495 -0.0005919591582417516 0.0012992368656046249 0.0011296755073116789 0.0010679408384175987 -0.00020659115522795793 0.00056654191085119454 0.0001849262941708062 -0.00027553538566688752 1.3315763844649965e-06 -0.001111856876956975 3.6862864970592622e-05 0.0010576698666253518 0.00015213321052130258 -0.00034987301742301594 0.00042706644921345081 0.0015529058310203253 0.00040924860379981019 0.0002554947191513944 -0.00063250014305898147
leaf_weight=820 212 2420 553 211 1394 4866 3086 2475 1069 1257 116 4502 67 907 95 48 2260 881 2395 680 92 3139 422 3392 2100 2148 23 194 142 7958
leaf_count=820 212 2420 553 211 1394 4866 3086 2475 1069 1257 116 4502 67 907 95 48 2260 881 2395 680 92 3139 422 3392 2100 2148 23 194 142 7958
internal_value=2.42266e-07 0.000388146 -0.000372011 0.000204928 0.000123455 6.39201e-05 -8.55092e-05 0.000371762 0.000749713 0.000600118 0.000571408 -0.000560679 -0.000429376 0.000679832 -0.000446211 0.00150042 0.000613806 0.000770296 -0.000222666 0.000436878 -5.40969e-05 -0.00015414 0.000480186 0.000117585 -9.81837e-05 0.000532151 -0.000675652 -0.000284218 -0.000565351 -0.00066799
internal_weight=49924 24452 25472 16235 13290 11821 7952 3869 8217 1469 2945 15979 7201 7148 7134 259 6241 3301 2490 2940 9493 6009 2686 3484 5433 2570 576 2294 4644 8778
internal_count=49924 24452 25472 16235 13290 11821 7952 3869 8217 1469 2945 15979 7201 7148 7134 259 6241 3301 2490 2940 9493 6009 2686 3484 5433 2570 576 2294 4644 8778
is_linear=0
shrinkage=0.03


Tree=61
num_leaves=31
num_cat=0
split_feature=22 18 0 65 12 18 39 64 68 7 7 5 6 21 64 62 24 20 5 66 66 46 65 51 55 63 66 40 3 12
split_gain=7.7227 2.18698 0.643158 0.682368 0.577164 0.514264 0.52807 0.316284 0.301243 0.317058 0.299651 0.286887 0.276168 0.223245 0.234007 0.261051 0.22323 0.28509 0.218795 0.205053 0.200534 0.199892 0.192944 0.189202 0.166165 0.181191 0.154238 0.115312 0.105602 0.0982509
threshold=0.13456398809523809 0.30765625000000002 47.500000000000007 -0.0050172111136944633 0.052714583333333308 0.21675555555555553 1.0000000180025095e-35 544.50000000000011 -2.1194094599308086 -28.3368826121838 -517.74320999071585 -7.0708014220760935 -5.7575370489372668 0.029336375653920558 28.500000000000004 5.6349999999999953 -14.641535948180691 0.31319851190476194 -9.6785395222359352 -0.055839583333333352 0.042708333333333313 32.81785714285715 -0.040074999999999993 1.4142135623730951 0.80000000000000027 -193.70999999999995 -0.033541666666666657 3.0232142857142859 17.450000000000003 0.17002083333333332
decision_type=2 2 2 2 2 2 2 2 2 2 2 2 2 2 2 2 2 2 2 2 2 2 2 2 2 2 2 2 2 2
left_child=4 2 3 8 28 12 -7 18 9 -2 24 13 -5 14 15 -3 17 19 20 -4 21 -6 -10 -19 25 -9 -16 -13 -1 -15
right_child=1 11 16 5 7 6 -8 10 22 -11 -12 27 -14 29 26 -17 -18 23 -20 -21 -22 -23 -24 -25 -26 -27 -28 -29 -30 -31
leaf_value=-0.00097737735374201092 -4.8502083549620046e-05 0.00089166807605113292 -0.001252929027652277 0.0001387709034946403 -0.00045290353435663901 0.0011277327021551721 0.00040057122552006823 0.00016351358243954002 -0.00041464826794952443 -0.00086731110002171417 0.0018153131970940458 0.00045687571264619084 0.0021861373230814933 0.00023497474692769406 0.0017428348211105912 0.00035532141043525671 0.00013046104095220493 0.0018923868606503629 0.00055365752730392778 -0.00033373817793573964 3.3106454794651244e-05 0.00096673102521473598 0.00020340041050773052 -0.001199333123693412 0.0010106140492274138 -0.00083351621700079274 -1.6461798863224749e-06 0.0011476871572893318 -0.00061226257882598652 0.0010693888456231428
leaf_weight=820 1009 1749 245 7498 8314 1073 5757 518 550 746 92 269 59 154 47 1583 1207 78 222 2239 889 88 2551 21 130 237 851 1702 8066 1160
leaf_count=820 1009 1749 245 7498 8314 1073 5757 518 550 746 92 269 59 154 47 1583 1207 78 222 2239 889 88 2551 21 130 237 851 1702 8066 1160
internal_value=2.54768e-07 0.000297473 0.000152303 0.00022273 -0.000468172 0.000326556 0.000515397 -0.000316864 -8.42623e-05 -0.000398558 0.000194991 0.000741931 0.000155439 0.000629844 0.000521981 0.000637938 -0.000204454 -0.000362106 -0.000369763 -0.000426074 -0.000392207 -0.000437564 9.27165e-05 0.00120113 2.1306e-05 -0.000146182 8.81574e-05 0.00105521 -0.000646399 0.00097413
internal_weight=49924 30548 23033 19243 19376 14387 6830 10490 4856 1755 977 7515 7557 5544 4230 3332 3790 2583 9513 2484 9291 8402 3101 99 885 755 898 1971 8886 1314
internal_count=49924 30548 23033 19243 19376 14387 6830 10490 4856 1755 977 7515 7557 5544 4230 3332 3790 2583 9513 2484 9291 8402 3101 99 885 755 898 1971 8886 1314
is_linear=0
shrinkage=0.03


Tree=62
num_leaves=31
num_cat=0
split_feature=22 18 3 23 70 22 22 39 70 72 38 64 5 7 21 10 52 21 64 34 37 6 46 65 42 25 5 66 8 22
split_gain=7.26646 2.05826 0.615748 0.55149 0.739514 0.542753 0.439925 0.390565 0.335387 0.298869 0.276531 0.27246 0.269785 0.258236 0.257092 0.25235 0.230695 0.209983 0.220143 0.206653 0.196939 0.171963 0.164299 0.154563 0.149715 0.148774 0.137584 0.137225 0.113391 0.108171
threshold=0.13456398809523809 0.30765625000000002 25.850000000000005 0.069108391397104271 -0.19244445339415753 0.064304315476190463 0.25000012939958599 0.12294017127971744 -0.88603780069526494 0.37099701875397445 4.9707142857142861 524.50000000000011 -7.0708014220760935 -517.74320999071585 0.0074707293511166468 0.25572500000000004 35.321428571428577 0.029336375653920558 28.500000000000004 4.2321428571428585 0.051961524227066194 -1409.1341275784612 32.81785714285715 0.009475000000000058 26.466666666666679 23.481454674910839 -11.069213162422139 -0.097814393939393937 0.19510555555555556 0.039376488095238062
decision_type=2 2 2 2 2 2 2 2 2 2 2 2 2 2 2 2 2 2 2 2 2 2 2 2 2 2 2 2 2 2
left_child=5 2 6 4 10 29 9 16 -9 14 -4 22 17 21 -2 27 -8 18 19 -3 -6 -13 23 26 -17 -20 -7 -5 -23 -1
right_child=1 12 3 15 20 11 7 8 -10 -11 -12 13 -14 -15 -16 24 -18 -19 25 -21 -22 28 -24 -25 -26 -27 -28 -29 -30 -31
leaf_value=-0.00091776874325558773 0.00029643089241013627 0.00083539815158838768 0.00030706351941353681 0.00026307040843682019 -0.00030867386250863041 -0.00042500765127815042 -0.00053487176079458241 -0.0001276493380553653 0.00052941111241165662 0.00049614870678029691 -0.00037307575459237649 -0.0010188434564766763 0.0010236205779668404 0.0017372394476453462 -5.2832030246000777e-05 -0.00092933301431248378 0.0012133277769741629 0.00094500472961715602 -7.441776422265356e-05 0.00035580183378500425 -0.00078197890608992467 0.00032452123922563483 0.00099070124182832871 1.7271294189758398e-05 0.00015287129405080685 0.00099721832139193197 0.00023597665520453989 0.0009312930932474507 -0.0011779245208017528 -0.00057796221486528497
leaf_weight=975 2970 1820 2279 489 1964 7506 71 914 2878 1852 700 118 1971 88 5218 137 822 1314 762 1512 1365 639 80 874 686 136 288 688 47 8761
leaf_count=975 2970 1820 2279 489 1964 7506 71 914 2878 1852 700 118 1971 88 5218 137 822 1314 762 1512 1365 639 80 874 686 136 288 688 47 8761
internal_value=2.67272e-07 0.000288574 0.000147736 -5.84678e-05 -0.00019641 -0.00045411 0.000264278 0.000504574 0.000370255 0.000151811 0.000146167 -0.000293896 0.000719756 0.000203276 7.35091e-05 0.000374983 0.00107053 0.00061102 0.000506364 0.000618838 -0.000503822 2.97029e-05 -0.000344951 -0.000357737 -2.45454e-05 8.54707e-05 -0.000400171 0.000656677 0.000215652 -0.000612391
internal_weight=49924 30548 23033 8308 6308 19376 14725 4685 3792 10040 2979 9640 7515 892 8188 2000 893 5544 4230 3332 3329 804 8748 8668 823 898 7794 1177 686 9736
internal_count=49924 30548 23033 8308 6308 19376 14725 4685 3792 10040 2979 9640 7515 892 8188 2000 893 5544 4230 3332 3329 804 8748 8668 823 898 7794 1177 686 9736
is_linear=0
shrinkage=0.03


Tree=63
num_leaves=31
num_cat=0
split_feature=22 18 0 65 22 8 72 69 5 11 65 3 24 20 37 11 47 20 51 65 33 70 33 46 19 0 45 47 20 46
split_gain=6.83727 1.93691 0.587489 0.635011 0.510735 0.472518 0.352984 0.28541 0.253899 0.249629 0.243848 0.227386 0.204376 0.268492 0.18598 0.183056 0.179205 0.196172 0.17864 0.177744 0.169161 0.144378 0.137044 0.124178 0.123743 0.178548 0.165798 0.12043 0.114678 0.11043
threshold=0.13456398809523809 0.30765625000000002 47.500000000000007 -0.0024166666666666082 0.064304315476190463 0.23593749999999999 0.041408797226620837 0.098819223632317002 -10.22115184832891 0.19045833333333331 0.059083333333333342 25.250000000000004 -14.641535948180691 0.31319851190476194 1.0000000180025095e-35 0.25624374999999999 1.9362061114151626e-07 0.18410557644110276 1.4142135623730951 -0.049916666666666644 0.07559289460184597 -0.52705818521824699 1.122497216032168 15.396428571428574 0.018571433658932993 57.500000000000007 0.037796447300918815 2.9056270569259713e-07 0.044076190476190456 24.103571428571435
decision_type=2 2 2 2 2 2 2 2 2 2 2 2 2 2 2 2 2 2 2 2 2 2 2 2 2 2 2 2 2 2
left_child=4 2 3 6 -1 10 11 28 24 16 -5 -2 13 15 -7 -4 17 -9 -15 -8 -18 22 -10 -23 25 27 -27 -3 -6 -30
right_child=1 8 12 5 7 14 19 9 21 -11 -12 -13 -14 18 -16 -17 20 -19 -20 -21 -22 23 -24 -25 -26 26 -28 -29 29 -31
leaf_value=-0.00059403272759113836 -3.4738743734774733e-05 0.001622090367912227 -0.00031112112999539957 0.00016632866480947463 0.00090495515076650511 0.00085269098023646971 -0.00064179637552726188 0.00055599108389948343 0.00094461209923362962 0.0015135754657988778 0.00084833178629231134 -0.00050069749302708122 0.00012272343195318712 0.0018404397643926478 0.00043485040626542953 -0.0010954345159256574 -0.00040285705132208922 -0.0014439388839527962 -0.0011617545499043032 0.00035473029436680978 -2.5992363952395654e-05 0.0016470983048311096 0.00034397038876890496 0.00095047138022238259 0.00092716621581460587 0.00037467975877831063 -0.00042652214853969094 0.00056646891929332352 -7.1059222516523015e-05 -0.00052317332160361542
leaf_weight=9736 2839 105 2174 8131 53 1600 172 477 703 81 503 1422 1207 78 2534 310 2181 47 21 2042 2143 283 710 1809 621 858 315 2111 570 4088
leaf_count=9736 2839 105 2174 8131 53 1600 172 477 703 81 503 1422 1207 78 2534 310 2181 47 21 2042 2143 283 710 1809 621 858 315 2111 570 4088
internal_value=2.6908e-07 0.000279933 0.000143305 0.00021062 -0.000440484 0.000333358 -3.09554e-05 -0.000285049 0.000698216 -0.000124583 0.000206502 -0.000191025 -0.000197648 -0.000348503 0.000597462 -0.000410611 -0.000152878 0.000368485 0.00116836 0.000275703 -0.000216824 0.000886109 0.000645382 0.00104688 0.000533057 0.000459703 0.000156788 0.000618549 -0.000452242 -0.000468519
internal_weight=49924 30548 23033 19243 19376 12768 6475 9640 7515 4929 8634 4261 3790 2583 4134 2484 4848 524 99 2214 4324 3505 1413 2092 4010 3389 1173 2216 4711 4658
internal_count=49924 30548 23033 19243 19376 12768 6475 9640 7515 4929 8634 4261 3790 2583 4134 2484 4848 524 99 2214 4324 3505 1413 2092 4010 3389 1173 2216 4711 4658
is_linear=0
shrinkage=0.03


Tree=64
num_leaves=31
num_cat=0
split_feature=22 22 12 24 73 7 0 23 46 65 6 7 70 42 2 64 65 68 65 40 46 46 37 7 6 33 23 33 12 18
split_gain=6.43388 1.82914 0.49261 0.482037 0.327385 0.32466 0.315752 0.289809 0.247037 0.237721 0.233762 0.233317 0.231163 0.229009 0.273455 0.221689 0.199604 0.193954 0.229813 0.191425 0.187309 0.174342 0.173008 0.172223 0.169002 0.168167 0.154657 0.250369 0.152881 0.149925
threshold=0.13456398809523809 0.24885327380952382 0.052714583333333308 -10.152773365663645 -0.10234454407312742 -19.065795315971855 47.500000000000007 0.045465695365349799 25.053571428571434 0.10352708333333337 -5.7575370489372668 -1499.999999999997 0.84750952922804634 27.116666666666671 7.285000000000001 1957.5000000000002 0.047 1.8665950375406617 -0.0044999999999999997 3.2610714285714293 32.81785714285715 29.203571428571433 0.046188021535170459 -490.75482323539092 -900.12360160304615 0.053452248382484892 0.098054483150480418 1.0229722968702381e-07 0.21322916666666666 0.35189722222222219
decision_type=2 2 2 2 2 2 2 2 2 2 2 2 2 2 2 2 2 2 2 2 2 2 2 2 2 2 2 2 2 2
left_child=2 4 -1 13 5 15 9 16 12 10 -6 -9 -7 17 23 -2 20 18 -3 -5 25 28 -10 -15 -19 -4 27 -8 -13 -21
right_child=1 3 7 19 6 8 26 11 22 -11 -12 21 -14 14 -16 -17 -18 24 -20 29 -22 -23 -24 -25 -26 -27 -28 -29 -30 -31
leaf_value=-0.00059195215367415822 8.7963121998981756e-05 1.5917255030672094e-05 -0.00051760635514904124 0.00048673771693106497 0.00021044350576637319 -0.00029244471253519816 -0.00054061780519515639 -0.00063339186439467278 -0.00026225545990145148 0.0015762026063908707 0.0017117206819196183 0.00079863560067071359 0.0014565039664885262 7.5084252102194577e-05 0.0017335953613140322 -0.00094862347063608468 0.00036596054274123165 -0.00075932376618023775 0.00047129709223064556 0.00069141889050648524 0.0009691358039112107 -0.00029463341230933423 -0.0012950327168912146 -0.00084287606659397263 0.00083446157454892416 -0.00025146934033539939 0.00054453263931079129 8.7093930687636266e-05 -0.00015931141320616005 0.0010789223735643576
leaf_weight=8886 3798 1331 4530 1737 8687 1122 1096 289 241 119 94 590 71 566 69 194 334 60 4151 2015 90 292 407 268 1319 4171 268 1180 194 1755
leaf_count=8886 3798 1331 4530 1737 8687 1122 1096 289 241 119 94 590 71 566 69 194 334 60 4151 2015 90 292 407 268 1319 4171 268 1180 194 1755
internal_value=2.72869e-07 0.000271564 -0.000427279 0.000536455 6.78999e-05 -0.000114706 0.000161238 -0.000287456 -0.000444292 0.000245601 0.000227049 0.000118533 -0.000184713 0.000383308 -6.28421e-05 3.66117e-05 -0.000348523 0.000442465 0.000361304 0.000751714 -0.000376048 0.000323677 -0.000916547 -0.000216959 0.000762442 -0.000390417 -0.0001327 -0.000213966 0.00055787 0.000872842
internal_weight=49924 30548 19376 13271 17277 5833 11444 10490 1841 8900 8781 1365 1193 7764 903 3992 9125 6861 5482 5507 8791 1076 648 834 1379 8701 2544 2276 784 3770
internal_count=49924 30548 19376 13271 17277 5833 11444 10490 1841 8900 8781 1365 1193 7764 903 3992 9125 6861 5482 5507 8791 1076 648 834 1379 8701 2544 2276 784 3770
is_linear=0
shrinkage=0.03


Tree=65
num_leaves=31
num_cat=0
split_feature=18 22 20 65 0 45 7 65 52 0 21 69 0 19 5 20 12 57 69 10 21 12 52 20 68 7 58 52 10 66
split_gain=6.68037 1.29779 1.02902 0.385452 0.466207 0.604974 0.379339 0.312533 0.283954 0.237681 0.361108 0.27858 0.23613 0.29384 0.263354 0.228266 0.228037 0.209145 0.207682 0.198555 0.196718 0.182697 0.174106 0.170629 0.162103 0.168994 0.159391 0.155304 0.14851 0.175481
threshold=0.19800694444444447 0.11052678571428569 0.31912023809523815 -0.005938963210702349 57.500000000000007 1.0000000180025095e-35 -122.1129249827553 0.031000000000000007 77.964285714285737 35.000000000000007 0.017176379670449621 -0.71466676797886819 35.000000000000007 0.00082994101196008565 -1499.999999999997 0.19280416666666669 0.17789583333333334 22.450000000000006 0.86529924138975423 0.22138749999999999 0.00088864362936305651 0.20389583333333333 71.464285714285737 0.075044345238095209 -2.0573034033557671 -28.931311450730146 11.665000000000001 79.392857142857153 0.035566666666666656 0.064391666666666694
decision_type=2 2 2 2 2 2 2 2 2 2 2 2 2 2 2 2 2 2 2 2 2 2 2 2 2 2 2 2 2 2
left_child=1 16 3 17 5 6 -5 12 -7 11 22 -4 13 -3 -15 -14 28 -2 -13 -12 -6 -18 -11 -23 25 -19 -17 -24 -1 -30
right_child=2 7 9 4 20 8 -8 -9 -10 10 19 18 15 14 -16 26 21 24 -20 -21 -22 23 27 -25 -26 -27 -28 -29 29 -31
leaf_value=-0.00083241610239268439 -0.00074679005628932595 0.00021378145666411447 0.0012754884939853676 0.00041030846258237146 -0.0012405144834486039 0.00056222592131526211 0.0014127874979083059 0.00039358827934570385 0.00019495201759689128 -0.00071875630033494862 -0.0015775494666563138 0.0005616608502056875 -0.00021358051592645509 -0.00072135208937484225 -0.00010022786746728244 0.00028708122895900595 0.00086032861635918379 0.00010644260744677697 0.0011576358715531122 0.00099718398400034237 3.0128458852998383e-05 0.00052866539946158544 0.0015632567496454946 -0.0012903399470541627 0.0002131344148034034 -0.00063965683591305129 -0.0010808882408769374 0.00020526002344725049 -0.00049951061563171509 0.00010360227192777404
leaf_weight=1198 320 2554 1057 586 114 3079 846 1136 5029 171 26 2297 1649 685 6130 85 199 580 704 942 2310 83 81 99 2071 506 541 1208 13351 440
leaf_count=1198 320 2554 1057 586 114 3079 846 1136 5029 171 26 2297 1649 685 6130 85 199 580 704 942 2310 83 81 99 2071 506 541 1208 13351 440
internal_value=1.54412e-06 -0.000304202 0.000394195 0.000260662 0.000341472 0.000435882 0.00100522 -8.05245e-05 0.000334846 0.000711541 0.00047364 0.000852993 -0.000127067 -6.00996e-05 -0.000163196 -0.000401389 -0.000489975 -1.6552e-05 0.000702808 0.000923375 -2.88793e-05 0.0002289 0.000172978 -0.000446044 5.67295e-05 -0.000238696 -0.000890195 0.000294067 -0.000508462 -0.000480045
internal_weight=50077 28150 21927 15441 11964 9540 1432 12780 8108 6486 2428 4058 11644 9369 6815 2275 15370 3477 3001 968 2424 381 1460 182 3157 1086 626 1289 14989 13791
internal_count=50077 28150 21927 15441 11964 9540 1432 12780 8108 6486 2428 4058 11644 9369 6815 2275 15370 3477 3001 968 2424 381 1460 182 3157 1086 626 1289 14989 13791
is_linear=0
shrinkage=0.03


Tree=66
num_leaves=31
num_cat=0
split_feature=18 12 20 6 23 72 12 52 45 34 21 0 38 24 0 21 70 39 41 66 46 21 66 70 8 21 7 20 46 37
split_gain=6.28623 1.13933 0.968309 0.357014 0.348005 0.327063 0.302745 0.334292 0.624448 0.299401 0.273535 0.276971 0.233238 0.228652 0.223571 0.33955 0.312601 0.222224 0.208158 0.204544 0.194188 0.178891 0.17617 0.174097 0.164377 0.244784 0.15938 0.155019 0.145896 0.13406
threshold=0.19800694444444447 0.072437499999999974 0.31912023809523815 -9.9281636411786192 0.044561479065545549 0.024198317597971645 0.19882971014492754 78.035714285714292 1.0000000180025095e-35 0.90000000000000047 0.016871633996882799 27.500000000000004 5.8607142857142867 -1499.999999999997 35.000000000000007 0.017176379670449621 -0.51235243343851777 5.0888246878867606e-08 0.38885892522887561 -0.028741666666666641 16.13928571428572 0.0026303710944782341 -0.0605229166666666 0.7987497853924842 0.36339583333333336 0.0072307031980531995 -1499.7610653637578 0.11744345238095236 18.167857142857148 0.37527767497325681
decision_type=2 2 2 2 2 2 2 2 2 2 2 2 2 2 2 2 2 2 2 2 2 2 2 2 2 2 2 2 2 2
left_child=1 -1 3 6 5 19 21 9 -9 -8 11 12 -6 -12 16 24 26 -5 -7 -3 -19 -2 -23 -18 -16 -26 -4 -21 -28 -17
right_child=2 4 14 17 10 18 7 8 -10 -11 13 -13 -14 -15 15 29 23 20 -20 27 -22 22 -24 -25 25 -27 28 -29 -30 -31
leaf_value=-0.00051307517634914708 -0.001133524827610554 -0.00062344801271657494 -0.00091842760005965819 0.0012544793527871421 0.0013264426649254874 -0.00024136921609916505 0.00020358693691739001 0.00091970882406102166 -3.5019222031522804e-05 0.000692536321297446 -0.0013764818863144944 -0.00082721534527838223 0.00019854942566175973 5.4793875105126251e-05 -0.00027885021037877265 0.00097313936628680626 0.001161823223547269 -0.0010483032363691883 0.00016523119493381698 -0.00043271556231923921 0.00050070121959854387 -0.00098353839488898778 2.9388794101871242e-05 0.00062223192480571139 0.00089202515808987481 -5.4445065495335051e-05 0.0001676881121715896 -0.00012626099691797816 0.00082988558429778956 -0.00068923455687399835
leaf_weight=12219 138 1564 71 363 396 1903 2248 715 4406 2308 104 99 295 2309 486 925 1970 73 2798 2370 2402 163 2625 786 464 510 579 4093 652 43
leaf_count=12219 138 1564 71 363 396 1903 2248 715 4406 2308 104 99 295 2309 486 925 1970 73 2798 2370 2402 163 2625 786 464 510 579 4093 652 43
internal_value=1.50942e-06 -0.000295078 0.000382403 0.00025286 -0.000127666 -0.000198104 0.000184023 0.000264943 9.78488e-05 0.000452037 0.000151277 0.000635457 0.000850243 -6.19584e-06 0.000690253 0.000459436 0.000827469 0.000557323 0 -0.000314472 0.000453397 -8.2571e-05 -2.90876e-05 0.0010093 0.00016781 0.000393816 0.000439791 -0.000239152 0.000521245 0.000895563
internal_weight=50077 28150 21927 15441 15931 12728 12603 9677 5121 4556 3203 790 691 2413 6486 2428 4058 2838 4701 8027 2475 2926 2788 2756 1460 974 1302 6463 1231 968
internal_count=50077 28150 21927 15441 15931 12728 12603 9677 5121 4556 3203 790 691 2413 6486 2428 4058 2838 4701 8027 2475 2926 2788 2756 1460 974 1302 6463 1231 968
is_linear=0
shrinkage=0.03


Tree=67
num_leaves=31
num_cat=0
split_feature=22 22 12 3 70 23 38 73 0 69 65 23 3 11 20 41 65 23 39 52 72 20 46 63 23 73 23 64 52 72
split_gain=5.9459 1.15343 0.954414 0.369046 0.413724 0.414628 0.297731 0.354984 0.266671 0.342918 0.266074 0.256785 0.256259 0.213549 0.213092 0.205748 0.195436 0.186765 0.244125 0.219403 0.181148 0.18037 0.176652 0.164939 0.161517 0.166014 0.151444 0.161663 0.141817 0.141345
threshold=0.20154427406832295 0.11821577380952379 0.31027083333333333 26.050000000000004 -0.74979862697202038 0.090321223888846738 3.7921428571428577 -0.15485847866987343 27.500000000000004 -0.78297285307474518 -0.0024166666666666082 0.028547442157069797 26.350000000000005 0.35410416666666666 0.31319851190476194 0.0053452248382483839 -0.0075416666666667164 0.06503332178622924 0.010690449676693194 34.321428571428577 0.17867194381511545 0.11646820175438595 17.467857142857145 -211.39499999999998 0.069108391397104271 0.043205258593216118 0.098054483150480418 99.500000000000014 79.250000000000014 -9.6665882565980876
decision_type=2 2 2 2 2 2 2 2 2 2 2 2 2 2 2 2 2 2 2 2 2 2 2 2 2 2 2 2 2 2
left_child=1 11 3 6 -5 14 7 28 9 -4 20 -1 -7 22 -6 -10 -8 19 -19 23 -3 -20 -11 -13 25 -12 27 -26 -2 -17
right_child=2 10 8 4 5 12 16 -9 15 13 24 17 -14 -15 -16 29 -18 18 21 -21 -22 -23 -24 -25 26 -27 -28 -29 -30 -31
leaf_value=-0.00049419481449528924 6.8977985933168305e-05 -0.00046732118149025808 0.0011824366011612109 0.00066249062658081551 -0.00049808823973709199 -0.0013616784503796108 9.3836825628386568e-05 0.00029380319102109606 0.00093609444557116997 -9.353310462966195e-05 -0.00013759217483323125 -4.3879667767383765e-05 0.00064748982816274531 0.00085510510164914894 0.00025602823870365444 -0.0016759802165130773 0.00061527743114261934 -0.0013234807946122197 0.00027751732414056147 -0.00015881130754741797 5.9700389256515897e-05 -0.0011724002467169655 0.00055787762781012206 0.0012888733973133288 3.5416654633207533e-05 0.00015627627938949787 -0.0003485797222291412 0.00080818004949678019 -0.00058864515410705942 0.0002198350577978663
leaf_weight=14327 545 1948 1321 642 1936 61 815 5604 409 470 4536 144 635 1909 402 35 3431 252 279 1452 826 105 1707 185 418 2791 228 613 624 1427
leaf_count=14327 545 1948 1321 642 1936 61 815 5604 409 470 4536 144 635 1909 402 35 3431 252 279 1452 826 105 1707 185 418 2791 228 613 624 1427
internal_value=1.46457e-06 -0.00028752 0.000371216 0.000231728 -2.78098e-05 -0.000175037 0.000318578 0.00019435 0.000652373 0.000759658 -5.38801e-05 -0.000445842 0.000465394 0.000621985 -0.000367087 0.000340485 0.000515941 -0.000157897 -0.00059876 0 -0.000309347 -0.000113168 0.000415887 0.000698085 2.83341e-05 -2.52364e-05 0.000342252 0.000498122 -0.000279693 0.000171284
internal_weight=50077 28104 21973 14695 3676 3034 11019 6773 7278 5407 11360 16744 696 4086 2338 1871 4246 2417 636 1781 2774 384 2177 329 8586 7327 1259 1031 1169 1462
internal_count=50077 28104 21973 14695 3676 3034 11019 6773 7278 5407 11360 16744 696 4086 2338 1871 4246 2417 636 1781 2774 384 2177 329 8586 7327 1259 1031 1169 1462
is_linear=0
shrinkage=0.03


Tree=68
num_leaves=31
num_cat=0
split_feature=22 22 12 3 70 59 73 0 69 65 0 33 10 10 10 41 12 12 21 10 21 7 10 68 12 64 65 6 70 46
split_gain=5.59507 1.08564 0.897998 0.347221 0.389288 0.280123 0.333968 0.250833 0.322525 0.244659 0.242505 0.259563 0.261096 0.216311 0.295833 0.193607 0.192048 0.185729 0.174514 0.158708 0.166701 0.158133 0.152992 0.148003 0.146681 0.133978 0.132475 0.129509 0.127635 0.145284
threshold=0.20154427406832295 0.11972172619047616 0.31027083333333333 26.050000000000004 -0.74979862697202038 26.545000000000005 -0.15485847866987343 27.500000000000004 -0.78297285307474518 -0.0024166666666666082 15.000000000000002 0.293582145558067 0.059770833333333308 0.2935625 0.17209374999999999 0.0053452248382483839 0.17187499999999997 0.3539916666666667 0.017176379670449621 0.03744583333333331 0.035461039544622895 -1499.9999999999998 0.10567708333333332 3.3916760464426479 0.077454166666666671 41.500000000000007 -0.0075416666666667164 -760.94084211525944 -0.67758968959607091 27.303571428571434
decision_type=2 2 2 2 2 2 2 2 2 2 2 2 2 2 2 2 2 2 2 2 2 2 2 2 2 2 2 2 2 2
left_child=1 10 3 5 -5 6 -2 8 -4 23 11 12 -1 14 -6 -9 21 -10 -15 -12 -21 -7 -11 -3 -24 -8 -18 -19 29 -13
right_child=2 9 7 4 13 16 25 15 17 22 19 28 -14 18 -16 -17 26 27 -20 20 -22 -23 24 -25 -26 -27 -28 -29 -30 -31
leaf_value=0.00045599907983592911 -0.00027123896837396249 -0.00041411915732245949 0.0011469903359590721 0.00064264681637040799 0.00053308105264141252 -0.001775679257342263 0.00031052282016391577 0.00090808010529613164 0.00037484053664751374 0.00036577510199328311 -0.00079460067669546888 0.000124415904476211 -0.00052379549609437356 -0.00085980889345754037 -0.00048512521569195051 0.00016605455465241 0.00018508750466728551 -0.00021822632599747212 0.00036475405066985786 -0.00047938776379285314 -6.0009196234422782e-05 6.9673841588939822e-05 -0.00052146234499764155 0.00011062803723268791 1.7620236312183344e-05 -0.00056164013108987688 0.00063618832867498002 0.00083679406557072666 6.3677262737106533e-05 0.0019866045972727854
leaf_weight=283 1169 2125 1321 642 296 50 5444 409 1826 1071 1348 86 1661 118 1800 1462 741 105 820 11743 938 217 485 615 6870 160 3238 2155 807 72
leaf_count=283 1169 2125 1321 642 296 50 5444 409 1826 1071 1348 86 1661 118 1800 1462 741 105 820 11743 938 217 485 615 6870 160 3238 2155 807 72
internal_value=1.42821e-06 -0.000278899 0.000360107 0.000224795 -2.69289e-05 0.000309038 0.000188518 0.000632834 0.000736899 -4.89408e-05 -0.000430305 -0.000179294 -0.000379457 -0.000169766 -0.000339716 0.000330262 0.000500489 0.000603335 0.000206758 -0.000482124 -0.000448611 -0.00027004 3.08234e-05 -0.000295246 -1.75859e-05 0.000284991 0.000553002 0.000786376 0.000220805 0.000999033
internal_weight=50077 28104 21973 14695 3676 11019 6773 7278 5407 11166 16938 2909 1944 3034 2096 1871 4246 4086 938 14029 12681 267 8426 2740 7355 5604 3979 2260 965 158
internal_count=50077 28104 21973 14695 3676 11019 6773 7278 5407 11166 16938 2909 1944 3034 2096 1871 4246 4086 938 14029 12681 267 8426 2740 7355 5604 3979 2260 965 158
is_linear=0
shrinkage=0.03


Tree=69
num_leaves=31
num_cat=0
split_feature=12 20 20 73 46 23 70 70 69 45 44 63 41 70 63 46 3 7 14 5 7 57 69 42 21 41 10 33 69 47
split_gain=5.27485 1.06971 0.942511 0.40804 0.323746 0.371648 0.364604 0.309098 0.290446 0.549578 0.301457 0.278356 0.273251 0.213252 0.19901 0.18186 0.185708 0.172808 0.196957 0.186597 0.166004 0.155135 0.154038 0.152468 0.147412 0.178717 0.137208 0.144491 0.16552 0.140771
threshold=0.18089583333333334 0.310842261904762 0.11859613095238093 -0.13012804334346303 23.43214285714286 0.049705325474152046 -0.59815875725621348 0.21771516573566849 -0.48250327361223916 1.0000000180025095e-35 22.007142857142863 -168.87499999999997 0.20542103640523868 -0.52705818521824699 -99.154999999999987 16.825000000000006 26.050000000000004 -19.065795315971855 -12.06953703294417 -24.250005834505441 -1499.999999999997 121.35000000000002 -0.30081702196488969 16.283333333333331 0.013376712039530793 0.11754937288603991 0.035566666666666656 0.32071349029490986 0.61866567420209762 0.6944442002441461
decision_type=2 2 2 2 2 2 2 2 2 2 2 2 2 2 2 2 2 2 2 2 2 2 2 2 2 2 2 2 2 2
left_child=2 3 26 4 6 7 22 -6 9 11 -11 -5 -7 20 -8 -10 -17 19 -19 -4 -3 -21 -2 -15 -22 -26 -1 -28 -29 -30
right_child=1 13 17 8 5 12 14 -9 15 10 -12 -13 -14 23 -16 16 -18 18 -20 21 24 -23 -24 -25 25 -27 27 28 29 -31
leaf_value=-0.00075309757910029874 0.00039824195786835562 -0.0009839265681037756 -7.0870968826617839e-05 -0.00076148569666677039 -0.00017915670989741305 0.00065061499032660402 -0.00017503835299841896 -0.00094353976436942655 -0.00058443849765387151 0.0007050599962264985 0.0001646200614167516 0.0014592717742547391 -0.00037830687342956665 0.0012107567409258611 0.00071294232333782629 0.0003265929621751004 1.2809526012952155e-05 -0.00059327073245388467 -2.0766056929955585e-06 0.00057463834005413658 0.00030070670011618018 -2.9091062918849235e-05 -0.00039657516992849578 0.00068751814249281803 0.0013794698644881182 0.00043023458448108342 -0.00046582579104336846 -0.00041246194173017006 -0.00018926616819255385 0.00047643875699436962
leaf_weight=1200 297 72 5659 53 1338 600 275 750 276 1384 2889 604 374 605 1171 4121 2921 1040 1009 844 1757 684 808 3665 300 476 11628 1963 896 418
leaf_count=1200 297 72 5659 53 1338 600 275 750 276 1384 2889 604 374 605 1171 4121 2921 1040 1009 844 1757 684 808 3665 300 476 11628 1963 896 418
internal_value=1.39754e-06 0.000313091 -0.000302737 0.000190434 -2.08817e-05 -0.000229296 0.000228097 -0.000455476 0.000287514 0.000465828 0.000340491 0.00127468 0.000252466 0.000631242 0.000541989 0.000166929 0.000196883 -6.07535e-05 -0.000303752 8.14028e-06 0.000414527 0.000302578 -0.000180066 0.000762622 0.000455835 0.000802371 -0.000441312 -0.000415961 -0.000238017 2.04229e-05
internal_weight=50077 24736 25341 17861 5613 3062 2551 2088 12248 4930 4273 657 974 6875 1446 7318 7042 9236 2049 7187 2605 1528 1105 4270 2533 776 16105 14905 3277 1314
internal_count=50077 24736 25341 17861 5613 3062 2551 2088 12248 4930 4273 657 974 6875 1446 7318 7042 9236 2049 7187 2605 1528 1105 4270 2533 776 16105 14905 3277 1314
is_linear=0
shrinkage=0.03


Tree=70
num_leaves=31
num_cat=0
split_feature=22 12 22 6 72 73 7 70 20 51 6 66 70 33 0 17 0 64 7 0 70 9 44 66 10 37 46 41 70 37
split_gain=4.6339 0.931496 0.876716 0.359354 0.330796 0.297457 0.256617 0.243947 0.346617 0.234438 0.222889 0.190997 0.184303 0.310917 0.258554 0.1746 0.204335 0.244329 0.174044 0.160161 0.165726 0.15987 0.145556 0.145371 0.139537 0.134834 0.122272 0.121231 0.117859 0.116522
threshold=0.19765202922077921 0.31027083333333333 0.092933393812070261 -9.6804462457030471 0.074888432006337005 -9.5417362899752313e-10 -23.105834458842278 0.30080866500414788 0.31696428571428575 3.498298906339433 -761.75174731053983 0.16520416666666668 -0.54160775828284857 0.078679579248472561 15.000000000000002 -1500.0000000000014 47.500000000000007 183.50000000000003 -1500.0000000000014 35.000000000000007 0.72064045540576316 0.12818749999999998 25.700000000000006 0.064391666666666694 0.03744583333333331 0.20880613017820496 27.210714285714293 0.76575754347222458 -0.94128245028753155 0.051961524227066194
decision_type=2 2 2 2 2 2 2 2 2 2 2 2 2 2 2 2 2 2 2 2 2 2 2 2 2 2 2 2 2 2
left_child=2 3 11 4 7 6 18 -2 -9 26 -3 24 13 -12 -15 21 17 -17 25 20 -14 -7 -8 -5 -1 -4 -6 -25 -20 -24
right_child=1 10 5 23 9 15 22 8 -10 -11 12 -13 19 14 -16 16 -18 -19 28 -21 -22 -23 29 27 -26 -27 -28 -29 -30 -31
leaf_value=-0.00072679123081307564 0.00013404119671654182 0.00022590903721442273 -0.00059240162859142077 0.000418627582627665 0.00025239957429924715 0 -0.00034786375787653314 -0.00032935656604876341 0.0005186771353495644 0.00060996060043811242 0.00095013080551164294 0.0021664383235573768 0.0010476347741270411 0.00072255889001925663 -3.6187100509831744e-05 7.5485635655557487e-05 -0.00023974652409820024 0.00061618363380640739 -0.0007086059489735348 0.00023908458268086081 0.00056727187862977814 -0.00068435180191619971 -0.00035587845470854513 0.0014002126909242961 -0.00040676483325158497 0.00019447889070277861 -0.00032417791260141722 -2.2165380749356697e-05 8.1820586695966914e-05 -0.0011890857775446355
leaf_weight=1395 5789 1243 878 2239 1552 700 1538 2688 514 1731 839 24 2040 636 1087 4432 1387 910 181 398 1003 550 255 256 12311 245 416 63 2471 424
leaf_count=1395 5789 1243 878 2239 1552 700 1538 2688 514 1731 839 24 2040 636 1087 4432 1387 910 181 398 1003 550 255 256 12311 245 416 63 2471 424
internal_value=-4.57173e-06 0.000315234 -0.000264373 0.000181847 0.000116131 -9.67748e-05 -0.000256535 1.75242e-05 -0.00019217 0.000354931 0.000595446 -0.000434675 0.000671413 0.000475618 0.0002424 2.28417e-05 8.36854e-05 0.000168252 -0.000105028 0.000816141 0.000890527 -0.000302099 -0.000512998 0.000506511 -0.000439607 -0.000418042 0.000128895 0.00111074 2.64961e-05 -0.000881568
internal_weight=50195 22494 27701 15248 12690 13971 5992 8991 3202 3699 7246 13730 6003 2562 1723 7979 6729 5342 3775 3441 3043 1250 2217 2558 13706 1123 1968 319 2652 679
internal_count=50195 22494 27701 15248 12690 13971 5992 8991 3202 3699 7246 13730 6003 2562 1723 7979 6729 5342 3775 3441 3043 1250 2217 2558 13706 1123 1968 319 2652 679
is_linear=0
shrinkage=0.03


Tree=71
num_leaves=31
num_cat=0
split_feature=8 12 12 65 73 52 6 65 0 5 28 0 33 0 66 70 33 0 0 49 70 8 56 20 70 12 19 10 66 10
split_gain=4.32414 0.835825 0.801345 0.336224 0.270167 0.331878 0.259439 0.250578 0.228569 0.294504 0.24316 0.196246 0.727251 0.19448 0.18762 0.183555 0.264491 0.258896 0.160811 0.15827 0.150817 0.141904 0.132092 0.120845 0.122224 0.115593 0.115121 0.114786 0.125559 0.112186
threshold=0.19782291666666663 0.072437499999999974 0.31272916666666667 -0.020414583333333344 -0.14981603354975889 78.821428571428598 -760.94084211525944 0.018333333333333365 35.000000000000007 -1499.999999999997 -1499.9999999999936 57.500000000000007 1.180810105813632e-07 72.500000000000014 0.037375000000000054 -0.54160775828284857 0.078679579248472561 15.000000000000002 35.000000000000007 0.5773502691895579 0.80392796183282111 0.19560416666666666 12.600000000000007 0.31912023809523815 -0.74979862697202038 0.24189583333333328 0.018104951345990505 0.035566666666666656 0.044751893939393973 0.15975000000000003
decision_type=2 2 2 2 2 2 2 2 2 2 2 2 2 2 2 2 2 2 2 2 2 2 2 2 2 2 2 2 2 2
left_child=1 27 3 23 5 22 26 8 9 -3 -11 12 -6 25 21 16 -8 -18 20 -7 -17 -10 -5 24 -2 -9 -4 -1 -29 -13
right_child=2 7 6 4 11 19 15 13 14 10 -12 29 -14 -15 -16 18 17 -19 -20 -21 -22 -23 -24 -25 -26 -27 -28 28 -30 -31
leaf_value=-0.00072721014818572926 8.1573836925816546e-05 -0.00051174264439651025 -6.3473728785561339e-05 -1.8650594630404977e-05 0.0012269304130435893 7.3363860742907346e-06 0.00090461465030820733 0.00021403381329369568 -0.00042013019539713917 0.00048697162220721473 -7.1956483053613386e-05 -0.00061363618351263356 0.00028314643643845196 -0.00060631406987569751 9.0424120591993219e-05 0.0010165980419362328 0.00073411420180478221 -4.2009493275210382e-05 0.00021792491138019105 -0.0006872158373489607 0.00052041587260035621 -0.0012837443710822199 0.0004283039422280458 0.00065033849577715347 -0.00060739852793360871 0.00091488278385423608 0.00064304855838698434 -0.00042892495801241784 4.4166964724406897e-05 0.00013656333713889026
leaf_weight=1137 326 1281 722 1135 823 491 816 1504 2443 760 8733 192 7030 230 626 2133 606 1048 382 709 788 188 1222 107 742 251 287 10579 518 2386
leaf_count=1137 326 1281 722 1135 823 491 816 1504 2443 760 8733 192 7030 230 626 2133 606 1048 382 709 788 188 1222 107 742 251 287 10579 518 2386
internal_value=-4.42357e-06 -0.000249893 0.000311432 0.000189875 0.000230942 4.30436e-06 0.000582693 -0.000107015 -0.000151772 -8.48201e-05 -2.68467e-05 0.000307931 0.000382581 0.000207761 -0.000372231 0.000660392 0.000461598 0.000240809 0.000807958 -0.000400761 0.000883993 -0.000483444 0.000211887 -0.000296247 -0.000394408 0.000316442 0.000134957 -0.000436671 -0.000406569 7.93117e-05
internal_weight=50195 28250 21945 15163 13988 3557 6782 16016 14031 10774 9493 10431 7853 1985 3257 5773 2470 1654 3303 1200 2921 2631 2357 1175 1068 1755 1009 12234 11097 2578
internal_count=50195 28250 21945 15163 13988 3557 6782 16016 14031 10774 9493 10431 7853 1985 3257 5773 2470 1654 3303 1200 2921 2631 2357 1175 1068 1755 1009 12234 11097 2578
is_linear=0
shrinkage=0.03


Tree=72
num_leaves=31
num_cat=0
split_feature=22 22 20 52 23 39 7 29 73 73 52 7 0 70 20 40 5 53 9 46 43 47 0 16 25 8 47 40 0 23
split_gain=4.1212 1.03512 0.576568 0.419199 0.505606 0.44655 0.530925 0.291063 0.256984 0.240977 0.255832 0.233477 0.172664 0.245777 0.182534 0.170163 0.167253 0.164552 0.158686 0.157178 0.158779 0.145345 0.139951 0.260681 0.198967 0.139849 0.139217 0.138643 0.133076 0.132518
threshold=0.2191970238095238 0.11052678571428569 0.31912023809523815 54.035714285714292 0.09434562525343658 1.0000000180025095e-35 -147.01469746095103 49.105908193629439 -1.0000000180025095e-35 -0.025793699567202562 77.250000000000014 -19.698862139379663 15.000000000000002 -0.69637622559687229 0.042711309523809506 3.4025000000000003 -9.4355548531550344 1.4064216928154856 0.33693750000000006 25.160714285714292 0.057735026918963171 0.27971728270107959 47.500000000000007 -1499.999999999997 0.010916796780548762 0.30689583333333337 0.036313651960134342 3.1753571428571434 57.500000000000007 0.10588466360597949
decision_type=2 2 2 2 2 2 2 2 2 2 2 2 2 2 2 2 2 2 2 2 2 2 2 2 2 2 2 2 2 2
left_child=1 12 3 4 18 6 21 17 11 10 -7 -3 13 -1 -15 -11 29 -6 26 -13 -21 -5 23 -10 -25 -24 -2 -18 -8 -4
right_child=2 8 16 5 7 9 28 -9 22 15 -12 19 -14 14 -16 -17 27 -19 -20 20 -22 -23 25 24 -26 -27 -28 -29 -30 -31
leaf_value=0.0012248367118048232 4.1479519842878766e-05 -5.3839842411705562e-05 0.00040728250506746227 0.00039557849182294007 0.00013173779649600903 0.00034177196391139975 0.0013697616609764742 -0.0013619631058915495 -0.00042120007154320126 0.00014037427224274101 -0.00010506504675807224 -0.00024126532677243992 -0.00043206864989830311 0.0019204027271696499 -0.00025509622030519787 0.00051715147178925294 0.0003696734084434267 0.0010858050829831612 0.00022525366034189406 -0.00021976637444350101 -0.0010855290323349663 -0.00061201630676781119 -0.00017609675721630706 0.00066080209464501724 0.00012793733640401422 0.0021676606817737868 -0.0011802823188856043 0.00086676559811880972 0 0.0016271242916596489
leaf_weight=110 94 4453 3512 451 462 1869 790 85 693 1802 2994 1554 13191 34 2162 2790 692 258 109 320 512 178 2116 719 5365 22 531 2171 73 83
leaf_count=110 94 4453 3512 451 462 1869 790 85 693 1802 2994 1554 13191 34 2162 2790 692 258 109 320 512 178 2116 719 5365 22 531 2171 73 83
internal_value=-4.2786e-06 -0.00021598 0.00034479 0.000225337 -0.00023708 0.000290636 0.000773592 0.000279267 -4.45164e-05 0.000214034 6.60863e-05 -0.000182952 -0.000390079 -0.000148505 -0.000219189 0.000370012 0.000575207 0.000478805 -0.000807064 -0.000422534 -0.000756808 0.00010516 6.13544e-05 0.000128353 0.000191502 -0.000149575 -0.000991964 0.000747835 0.00125662 0.000436725
internal_weight=50195 31251 18944 12486 1539 10947 1492 805 15754 9455 4863 6839 15497 2306 2196 4592 6458 720 734 2386 832 629 8915 6777 6084 2138 625 2863 863 3595
internal_count=50195 31251 18944 12486 1539 10947 1492 805 15754 9455 4863 6839 15497 2306 2196 4592 6458 720 734 2386 832 629 8915 6777 6084 2138 625 2863 863 3595
is_linear=0
shrinkage=0.03


Tree=73
num_leaves=31
num_cat=0
split_feature=22 12 22 6 68 73 70 20 7 46 70 6 70 33 27 65 42 66 66 10 66 57 69 7 23 37 23 37 3 70
split_gain=3.87957 0.778988 0.732437 0.321157 0.275977 0.257736 0.241831 0.298632 0.225684 0.199729 0.257504 0.190561 0.161438 0.268378 0.149829 0.139041 0.138935 0.137825 0.130018 0.128567 0.145635 0.123553 0.123286 0.121809 0.120924 0.110179 0.10877 0.106971 0.0987658 0.135948
threshold=0.19765202922077921 0.31027083333333333 0.09962053571428571 -9.6804462457030471 2.3543186354269534 -9.5417362899752313e-10 0.30080866500414788 0.31696428571428575 -20.738613635068791 21.667857142857148 -0.37370587188196386 -761.75174731053983 -0.54160775828284857 0.078679579248472561 40.266444716489396 -0.025312499999999998 25.81666666666667 0.16520416666666668 0.097777083333333306 0.03744583333333331 0.064391666666666694 25.550000000000001 -0.9852109833579612 -1500.0000000000014 0.085106546057288207 0.20880613017820496 0.036783347610947932 0.051961524227066194 24.850000000000005 0.78827585631460517
decision_type=2 2 2 2 2 2 2 2 2 2 2 2 2 2 2 2 2 2 2 2 2 2 2 2 2 2 2 2 2 2
left_child=2 3 17 4 6 8 22 -8 23 10 -6 -3 13 -13 15 -7 -10 19 -5 -1 -21 -11 -2 25 -25 -4 -15 -18 29 -14
right_child=1 11 5 18 9 14 7 -9 16 21 -12 12 28 26 -16 -17 27 -19 -20 20 -22 -23 -24 24 -26 -27 -28 -29 -30 -31
leaf_value=-0.00067130459598388741 0.00050564578983676065 0.00020282641998274598 -0.00056489357382587149 0.00040831912411726327 0 -0.00038970601281907878 -0.00029690209134810804 0.00048887322252460304 -0.00034481833184000853 -0.00029206707662868698 0.00098375908067081992 0.00087252048865120739 0.00094402897040717125 9.7190577321041636e-05 -0.00041133226260892163 0.00011045940384265559 -0.00028615094554466946 0.0016220446728169916 0.0012080537302981075 -0.0003818115266763531 0.00024516562738834786 0.00031516303955627794 9.0843703439319148e-05 -4.6970679048555584e-05 0.00082548316282803037 0.00017971671661316097 0.00070979622147114595 -0.0012466996223949322 0.00032554618825158773 0.00048728783356162921
leaf_weight=1398 728 1243 750 2355 352 539 2832 511 1409 409 778 839 2128 1398 628 6488 166 29 203 12558 336 1106 5974 2690 150 227 325 333 453 860
leaf_count=1398 728 1243 750 2355 352 539 2832 511 1409 409 778 839 2128 1398 628 6488 166 29 203 12558 336 1106 5974 2690 150 227 325 333 453 860
internal_value=-4.13188e-06 0.000288483 -0.000241854 0.000166479 0.000104341 -8.1966e-05 3.22105e-05 -0.000175784 -0.000234263 0.000377026 0.000679463 0.000544748 0.000615002 0.000431635 3.15572e-05 7.16178e-05 -0.000500984 -0.00039101 0.000473405 -0.000395418 -0.000365223 0.000149168 0.000136418 -0.000100055 0 -0.000388814 0.000214828 -0.00093437 0.000750491 0.000813781
internal_weight=50195 22494 27701 15248 12690 13380 10045 3343 5725 2645 1130 7246 6003 2562 7655 7027 1908 14321 2558 14292 12894 1515 6702 3817 2840 977 1723 499 3441 2988
internal_count=50195 22494 27701 15248 12690 13380 10045 3343 5725 2645 1130 7246 6003 2562 7655 7027 1908 14321 2558 14292 12894 1515 6702 3817 2840 977 1723 499 3441 2988
is_linear=0
shrinkage=0.03


Tree=74
num_leaves=31
num_cat=0
split_feature=22 22 20 52 39 7 21 66 29 73 52 65 0 70 7 10 72 63 40 63 46 6 53 21 6 70 52 66 0 8
split_gain=3.65851 0.925112 0.513004 0.379356 0.412543 0.489854 0.221274 0.315247 0.243362 0.220222 0.263901 0.21656 0.21272 0.215497 0.305448 0.259446 0.209438 0.174006 0.169434 0.164927 0.161709 0.160477 0.15183 0.228634 0.197911 0.16674 0.164499 0.149118 0.14726 0.35865
threshold=0.2191970238095238 0.11972172619047616 0.31912023809523815 54.035714285714292 1.0000000180025095e-35 -147.01469746095103 0.063476200369844957 -0.00011666666666662952 46.186348064226245 -0.045579912472431865 76.750000000000014 -0.0032499999999999469 15.000000000000002 -0.19244445339415753 -1499.999999999998 0.060006249999999955 0.052610244393303425 -62.709999999999987 3.4025000000000003 -136.85499999999999 32.660714285714299 -5.7575370489372668 4.2982871207103033 0.019262257315181313 -789.90820973885104 -0.59815875725621348 81.607142857142875 0.018416666666666654 47.500000000000007 0.25490833333333335
decision_type=2 2 2 2 2 2 2 2 2 2 2 2 2 2 2 2 2 2 2 2 2 2 2 2 2 2 2 2 2 2
left_child=1 12 3 6 5 -5 7 19 -8 10 -6 16 13 14 20 -15 -3 -16 -11 -2 -1 28 23 24 -4 -24 -26 -14 29 -13
right_child=2 11 22 4 9 -7 8 -9 -10 18 -12 21 27 15 17 -17 -18 -19 -20 -21 -22 -23 25 -25 26 -27 -28 -29 -30 -31
leaf_value=-0.00041135489745431746 -0.0015492313268915588 -0.00041567379148987812 -0.00089531527693535002 9.6303054516777461e-05 0.00033195475100095443 0.0012025086749035835 0.00037123531902531591 -2.5936382705430159e-05 -0.0011426166553366265 0.00012712355418022247 -0.00013946842487799779 6.2550557285317952e-05 -0.00043535682959181996 0.0005039232957433663 0.0016111161461058146 -0.00039087679467736305 7.4855256937192809e-05 4.109079147661652e-05 0.00048441191299597854 3.166436997420994e-05 0.0018430394626132421 0.0019382335249800234 0.0002544240033822662 0.00074677563771858094 0.00076556353338444807 0.00083128510479286272 0.00016457363491917778 -0.00011802507022839109 -0.00015201895185973932 0.0012158974222252164
leaf_weight=336 289 2126 128 629 1767 863 634 435 111 2062 2693 7734 12554 339 191 1961 1225 101 2933 70 30 39 589 1235 542 2200 1764 1522 2843 250
leaf_count=336 289 2126 128 629 1767 863 634 435 111 2062 2693 7734 12554 339 191 1961 1225 101 2933 70 30 39 589 1235 542 2200 1764 1522 2843 250
internal_value=-3.98712e-06 -0.000203454 0.000324899 0.000212201 0.000274327 0.000738539 -0.000227647 -0.000576525 0.000140431 0.000200686 4.6664e-05 -2.45576e-05 -0.000352579 -0.000119815 0.000356651 -0.000257526 -0.000235491 0.00108029 0.000337574 -0.00123341 -0.000213876 4.02325e-05 0.000542261 0.000413268 0.000242578 0.00071067 0.000307401 -0.000401269 3.29402e-05 9.91883e-05
internal_weight=50195 31251 18944 12486 10947 1492 1539 794 745 9455 4460 14217 17034 2958 658 2300 3351 292 4995 359 366 10866 6458 3669 2434 2789 2306 14076 10827 7984
internal_count=50195 31251 18944 12486 10947 1492 1539 794 745 9455 4460 14217 17034 2958 658 2300 3351 292 4995 359 366 10866 6458 3669 2434 2789 2306 14076 10827 7984
is_linear=0
shrinkage=0.03


Tree=75
num_leaves=31
num_cat=0
split_feature=18 22 22 12 6 6 68 65 72 65 0 46 45 0 70 8 0 21 70 46 70 21 7 20 46 45 21 23 11 11
split_gain=3.50022 0.877675 0.498269 0.246381 0.214893 0.204362 0.254675 0.199525 0.194017 0.181023 0.221487 0.170983 0.16491 0.16186 0.243752 0.173964 0.15318 0.241096 0.218267 0.172062 0.165038 0.135685 0.152164 0.130881 0.130488 0.129356 0.144324 0.130817 0.126104 0.128094
threshold=0.21811926328502412 0.11052678571428569 0.31685857475598939 0.29787083333333336 -5.7575370489372668 -10.302455579518623 3.7496617487131352 -0.0034583333333333684 0.090913167021936317 -0.0054666666666666778 57.500000000000007 22.403571428571432 0.10690449676460208 15.000000000000002 -0.69014782361074123 0.18118749999999997 35.000000000000007 0.013376712039530793 -0.49749486057528974 18.167857142857148 0.77756834408811348 0.084851389797468799 -1499.999999999997 0.042711309523809506 16.13928571428572 0.10690449676495919 0.0064740170539931948 0.05399966404244691 0.41402083333333334 0.35927083333333337
decision_type=2 2 2 2 2 2 2 2 2 2 2 2 2 2 2 2 2 2 2 2 2 2 2 2 2 2 2 2 2 2
left_child=1 13 5 4 7 6 9 8 -3 -2 -11 -9 -7 14 -1 -15 18 25 19 -4 -20 22 -5 -16 -14 26 -18 -27 29 -19
right_child=2 3 16 21 -6 12 -8 11 -10 10 -12 -13 24 15 23 -17 17 28 20 -21 -22 -23 -24 -25 -26 27 -28 -29 -30 -31
leaf_value=0.0011593427861623933 -0.00017647130881295477 -0.000435780399424814 -1.9470137610524021e-05 -0.0010300003523307461 0.0018385991676938983 0.00092107800060553427 0.00047607009806755878 0.00024048865429375196 5.5404214199916857e-05 0.00027113058644664853 -0.00010686508508787713 -6.6647067993159633e-05 -0.00093848153696661539 -0.00041351130500470002 0.0016645644212310963 0.00042182431916279402 0.00067885517763212767 0.00065062388397254557 0.00095122438100985222 0.00061510833672737738 0.00044229756600661356 0.00010360953380270723 0.0011349513947622651 -0.00022957149254961302 0.00036768581498039434 -0.00077657132928345195 -7.1732650505959656e-05 0.00090178151497123183 -0.00022381598959046026 0.0016942654523968456
leaf_weight=124 1918 2252 652 30 52 527 1763 1967 1051 4518 2004 9504 69 13004 32 224 385 401 1928 906 858 386 312 2178 2111 244 557 48 92 154
leaf_count=124 1918 2252 652 30 52 527 1763 1967 1051 4518 2004 9504 69 13004 32 224 385 401 1928 906 858 386 312 2178 2111 244 557 48 92 154
internal_value=-2.6555e-06 -0.000199057 0.000316556 -3.94648e-05 -6.61146e-05 0.000209844 0.000147894 -7.31456e-05 -0.00027861 7.89392e-05 0.000154526 -1.37028e-05 0.000442093 -0.000358362 -0.000126076 -0.000399108 0.000537315 0.000307803 0.000635911 0.00034778 0.000795782 0.0004985 0.000933848 -0.000200048 0.000324557 5.90596e-05 0.00023225 -0.000488303 0.00077677 0.000948133
internal_weight=50251 31116 19135 15554 14826 12910 10203 14774 3303 8440 6522 11471 2707 15562 2334 13228 6225 1881 4344 1558 2786 728 342 2210 2180 1234 942 292 647 555
internal_count=50251 31116 19135 15554 14826 12910 10203 14774 3303 8440 6522 11471 2707 15562 2334 13228 6225 1881 4344 1558 2786 728 342 2210 2180 1234 942 292 647 555
is_linear=0
shrinkage=0.03


Tree=76
num_leaves=31
num_cat=0
split_feature=18 12 20 73 12 44 70 7 73 7 70 10 41 44 70 12 63 5 60 63 63 21 70 38 41 27 21 3 64 70
split_gain=3.29345 0.795684 0.467842 0.259036 0.248839 0.251561 0.4068 0.247377 0.218311 0.268065 0.211784 0.180018 0.177205 0.300451 0.163355 0.15763 0.154714 0.151604 0.147545 0.140313 0.135484 0.129574 0.123913 0.122769 0.136609 0.124961 0.121939 0.37775 0.170601 0.13445
threshold=0.21811926328502412 0.076447916666666657 0.310842261904762 -0.15948608880983525 0.29787083333333336 22.664285714285718 -0.51235243343851777 -1499.999999999997 -0.0090323449779541303 -23.983361525901802 0.78827585631460517 0.40760208333333331 0.20542103640523868 25.292857142857141 0.73246693938583607 0.35127916666666664 -189.74499999999998 -11.069213162422139 47.635000000000012 -195.74499999999995 -100.955 0.0045204175090873691 -0.9574497222574998 5.7278571428571441 0.16302935756657883 27.518104290855295 0.018490732818944828 23.350000000000005 300.50000000000006 -0.49749486057528974
decision_type=2 2 2 2 2 2 2 2 2 2 2 2 2 2 2 2 2 2 2 2 2 2 2 2 2 2 2 2 2 2
left_child=1 -1 3 7 5 6 22 20 9 -7 15 26 21 -14 -8 18 19 -10 -5 -12 -2 -9 -3 24 -6 -26 27 29 -29 -4
right_child=2 4 11 10 23 8 14 12 17 -11 16 -13 13 -15 -16 -17 -18 -19 -20 -21 -22 -23 -24 -25 25 -27 -28 28 -30 -31
leaf_value=-0.0003732755330138446 -0.00032683314615881271 -0.00074203196145407584 0.00026377306833172919 0.00011687032052726376 0.0012663692614412866 -0.00011208113299691254 0.00066645438554812243 -0.0011227125567563165 -9.1720655353109883e-05 -0.00051064321764892988 -0.00033034169313550857 0.0010408601202487923 -0.00013081004201164929 -0.0010584306825442032 -2.7731588620479401e-05 0.00078136631569927588 1.1959039138310934e-05 0.000257299971981214 0.00039282839252151948 -0.0022778470783054623 0.00052160924806903084 0.00045356000219987623 -5.1127567487435977e-05 -5.3588493907707745e-05 0.0005596411825494269 -0.0012103049754446675 0.0006841072389359332 5.7746789697287725e-05 -0.001113020044706035 0.00065820691546989547
leaf_weight=12909 210 327 1159 2955 239 3899 1182 51 6971 2515 100 518 1176 433 400 626 696 1331 4392 53 793 421 851 249 201 42 1622 1228 122 2580
leaf_count=12909 210 327 1159 2955 239 3899 1182 51 6971 2515 100 518 1176 433 400 626 696 1331 4392 53 793 421 851 249 201 42 1622 1228 122 2580
internal_value=-2.55547e-06 -0.00019307 0.000307083 0.000191059 -6.51232e-05 -8.79613e-05 0.000174338 -4.47667e-05 -0.000137368 -0.000268885 0.000273835 0.000497703 -0.000232133 -0.000382809 0.000489132 0.000321931 -0.000174156 -3.53791e-05 0.000282276 -0.00103486 0.000340833 0.000274886 -0.000245926 0.000476142 0.000755555 0.000237723 0.000455182 0.000381508 -4.65808e-05 0.000536847
internal_weight=50251 31116 19135 11906 18207 17476 2760 3084 14716 6414 8822 7229 2081 1609 1582 7973 849 8302 7347 153 1003 472 1178 731 482 243 6711 5089 1350 3739
internal_count=50251 31116 19135 11906 18207 17476 2760 3084 14716 6414 8822 7229 2081 1609 1582 7973 849 8302 7347 153 1003 472 1178 731 482 243 6711 5089 1350 3739
is_linear=0
shrinkage=0.03


Tree=77
num_leaves=31
num_cat=0
split_feature=18 22 22 65 0 33 10 6 68 6 12 72 65 0 42 10 0 7 39 69 69 51 47 69 10 66 40 0 20 12
split_gain=3.09911 0.788447 0.445315 0.24855 0.206142 0.23651 0.213114 0.189079 0.235255 0.183733 0.176279 0.173707 0.170713 0.231101 0.168263 0.148093 0.149579 0.226256 0.202755 0.200035 0.18746 0.148027 0.145586 0.189093 0.143573 0.212565 0.131421 0.122518 0.116763 0.103573
threshold=0.21811926328502412 0.11821577380952379 0.31685857475598939 -0.0035416666666667133 15.000000000000002 0.293582145558067 0.059770833333333308 -10.302455579518623 3.7496617487131352 -5.7575370489372668 0.29677083333333337 0.041408797226620837 -0.0037916666666667101 57.500000000000007 22.983333333333338 0.39902083333333344 35.000000000000007 -654.96276678817492 1.0000000180025095e-35 -0.35769492645306972 0.87379901192678255 0.37796447301134178 0.74184207910416888 0.92913280730858816 0.041622916666666655 0.10831875000000001 5.8346428571428586 57.500000000000007 0.31319851190476194 0.25581041666666671
decision_type=2 2 2 2 2 2 2 2 2 2 2 2 2 2 2 2 2 2 2 2 2 2 2 2 2 2 2 2 2 2
left_child=1 4 7 11 5 6 -1 8 12 10 14 -3 -2 -14 -5 16 19 28 -19 -4 -21 27 -7 -24 -6 -26 -12 -9 -18 -27
right_child=2 3 15 9 24 22 -8 21 -10 -11 26 -13 13 -15 -16 -17 17 18 -20 20 -22 -23 23 -25 25 29 -28 -29 -30 -31
leaf_value=0.00045551580636930551 -0.0001508351596241588 -0.00041614997413693696 0.00082655073780915687 0.0002619645488505813 -0.00060409549804310266 -1.2145860672407875e-05 -0.00041859839145790446 0.0011957887506544996 0.00045278757821145258 0.001808644734498746 0.00083770858763102776 4.5058997781981835e-05 0.00027988597601207407 -0.00011192043482106582 -5.1897294365926926e-05 0.00087451232262037056 -0.00084948450007608955 0.00032095938853431236 -0.0004304992743126893 0.00021137478669886972 0.00086113786836547522 0.00031781229922807179 0.0013045723175463795 -7.2044902234612137e-06 -0.00035633504747551792 0.00049289092072411561 -1.0285000979799494e-05 3.3726879581809042e-05 0.0014574109467045803 -0.0011966256678037875
leaf_weight=292 2267 2090 1473 1881 2097 572 1652 345 1763 52 414 1116 4183 1990 8382 865 20 1029 468 1669 534 2248 223 169 11512 369 261 114 167 34
leaf_count=292 2267 2090 1473 1881 2097 572 1652 345 1763 52 414 1116 4183 1990 8382 865 20 1029 468 1669 534 2248 223 169 11512 369 261 114 167 34
internal_value=-2.47989e-06 -0.00018729 0.000297882 -2.21923e-05 -0.000325621 -9.43407e-05 -0.000285592 0.00019698 0.000137381 4.53803e-05 3.65588e-05 -0.000254705 7.10953e-05 0.000153095 5.35486e-06 0.000506595 0.000446508 0.000209311 8.39012e-05 0.000554267 0.000370556 0.000420377 0.000288124 0.000732823 -0.000373395 -0.000332494 0.00050585 0.000914395 0.00119152 0.000340316
internal_weight=50251 31116 19135 14196 16920 2908 1944 12910 10203 10990 10938 3206 8440 6173 10263 6225 5360 1684 1497 3676 2203 2707 964 392 14012 11915 675 459 187 403
internal_count=50251 31116 19135 14196 16920 2908 1944 12910 10203 10990 10938 3206 8440 6173 10263 6225 5360 1684 1497 3676 2203 2707 964 392 14012 11915 675 459 187 403
is_linear=0
shrinkage=0.03


Tree=78
num_leaves=31
num_cat=0
split_feature=8 22 20 65 0 45 12 65 0 5 7 0 32 21 3 12 21 3 52 21 46 72 37 68 6 10 6 21 12 46
split_gain=2.90398 0.625079 0.524163 0.363705 0.27982 0.385913 0.246312 0.197887 0.235543 0.19213 0.298387 0.237192 0.164642 0.160379 0.155465 0.146428 0.198329 0.269674 0.144353 0.143562 0.143195 0.132727 0.130922 0.117963 0.146689 0.117041 0.115448 0.104127 0.102429 0.0967073
threshold=0.19922916666666668 0.080993005952380973 0.31912023809523815 -0.0037916666666667101 57.500000000000007 1.0000000180025095e-35 0.28926458333333332 0.024766666666666656 72.500000000000014 -9.9413901305677523 -19.065795315971855 47.500000000000007 0.35714285714285526 0.0010047479067306147 29.250000000000004 0.38171875000000005 0.018879116713525785 23.350000000000005 76.750000000000014 0.0077906652017464299 25.200000000000006 -0.0073874859408986629 0.011547005383792225 4.7381012333342811 -11.0061506998306 0.26196250000000004 -791.36837187842445 1.5748519708636995e-05 0.25525208333333332 15.946428571428575
decision_type=2 2 2 2 2 2 2 2 2 2 2 2 2 2 2 2 2 2 2 2 2 2 2 2 2 2 2 2 2 2
left_child=1 -1 3 12 5 6 -5 9 28 10 11 -3 -2 27 -15 16 17 21 -7 29 -12 -4 -10 24 -14 -18 -19 -6 -9 -11
right_child=2 7 15 4 13 18 -8 8 22 19 20 -13 23 14 -16 -17 25 26 -20 -21 -22 -23 -24 -25 -26 -27 -28 -29 -30 -31
leaf_value=-0.00036177791974126544 -0.00052219610029344038 -1.0070469623666612e-05 0.00026822304358362623 0.001298808006044075 0.00070735713945967811 0.00044425946890722573 0.00046244413129548447 0.00027139458552562966 -0.00083756380008223163 -0.00034351033233106137 -0.00028378300038122366 -0.00034209356478682957 -0.00018604079702131069 -6.7441838498642881e-05 0.00070957093479416338 0.00072662938083921944 -0.00071562447155947256 -0.0009789773291932083 0.00015325805312974198 9.61784033059902e-06 -0.00080188015650173837 0.00072623563134703085 0.0013748082827257277 0.00041961073614546989 0.00023384833601390682 0.00079932947931067014 1.1707775709551578e-05 -0.0015592258708710049 0.0010268330191530511 0.00093757523224586887
leaf_weight=12371 599 8730 1337 549 20 2327 792 1292 233 59 1364 2495 2387 1932 262 1711 45 116 4661 715 767 1035 25 547 1086 1130 1057 93 189 325
leaf_count=12371 599 8730 1337 549 20 2327 792 1292 233 59 1364 2495 2387 1932 262 1711 45 116 4661 715 767 1035 25 547 1086 1130 1057 93 189 325
internal_value=-2.39031e-06 -0.000201156 0.000259285 0.000163207 0.000259784 0.000340791 0.000807796 -7.8253e-05 0.000223429 -0.000114767 -0.00014629 -8.41609e-05 -5.85375e-05 -3.13954e-05 2.42606e-05 0.000486664 0.000398905 0.000285423 0.00025064 0.000265387 -0.000471955 0.000469559 -0.000607123 9.91654e-06 -5.38492e-05 0.0007382 -8.44579e-05 -0.00112906 0.000370453 0.000732569
internal_weight=50251 28565 21686 15255 10636 8329 1341 16194 1739 14455 13356 11225 4619 2307 2194 6431 4720 3545 6988 1099 2131 2372 258 4020 3473 1175 1173 113 1481 384
internal_count=50251 28565 21686 15255 10636 8329 1341 16194 1739 14455 13356 11225 4619 2307 2194 6431 4720 3545 6988 1099 2131 2372 258 4020 3473 1175 1173 113 1481 384
is_linear=0
shrinkage=0.03


Tree=79
num_leaves=31
num_cat=0
split_feature=18 12 8 12 72 51 35 65 65 0 39 40 12 21 10 72 23 69 65 21 47 46 53 21 21 24 11 18 10 53
split_gain=2.7511 0.669783 0.401249 0.222133 0.242921 0.280503 0.246286 0.221295 0.210313 0.291824 0.231216 0.231546 0.224279 0.181475 0.142426 0.141442 0.138135 0.13265 0.128617 0.118693 0.1258 0.111078 0.165796 0.116583 0.180555 0.109555 0.0964604 0.0963917 0.0931583 0.0855368
threshold=0.21811926328502412 0.069258333333333325 0.3653541666666667 0.29787083333333336 0.2619310475955397 2.1380899352994027 0.34743961448615196 -0.0024166666666666082 -0.0050172111136944633 57.500000000000007 1.0000000180025095e-35 3.4025000000000003 0.29168750000000004 0.0016448060385383172 0.28419583333333337 -0.10923126821067262 0.035853045883215383 0.92591620288614507 -0.059120833333333352 0.084851389797468799 0.32454532862091318 23.303571428571434 1.4525460784050923 0.013591839280199297 0.0064740170539931948 -30.549999568154565 0.043843750000000008 0.25770416666666668 0.035566666666666656 5.9614143907686143
decision_type=2 2 2 2 2 2 2 2 2 2 2 2 2 2 2 2 2 2 2 2 2 2 2 2 2 2 2 2 2 2
left_child=1 28 8 4 7 25 -7 26 15 10 12 -12 -10 -11 -15 17 -9 -2 27 20 -5 -4 23 24 -23 -6 -3 -17 -1 -21
right_child=2 3 21 19 5 6 -8 16 9 13 11 -13 -14 14 -16 18 -18 -19 -20 29 -22 22 -24 -25 -26 -27 -28 -29 -30 -31
leaf_value=-0.00061499298667762922 -0.00028975846681020717 -0.0021195170947446904 0.00073153897416513409 0.0013221669348727604 -0.00031297684750142653 -0.00028709507303936038 0.00043902284145601084 -0.00015415347141234389 0.0012665536004124315 -0.00075561503723757452 8.6331337652757463e-05 0.00042474585942910977 0.00043419502595777403 -0.00010852509802102363 0.00032169418447623873 -0.00099031073031403179 8.7720945805490412e-05 0.00062180361604453221 0.00027124824752659447 0.00019553563030176216 0.00012988696192986298 0.00099474107115167651 -5.2674273399464347e-05 0.00097423771238920663 -8.1395398096710032e-05 0.00012558468042679386 -0.00035750311959435851 0.00024552569154437387 -0.00032640785063110035 -0.0016480144955567082
leaf_weight=1144 1430 28 1885 205 1431 515 2177 7639 461 248 2942 4880 842 1489 1283 136 2926 157 1747 363 140 221 514 440 369 786 3096 91 10643 23
leaf_count=1144 1430 28 1885 205 1431 515 2177 7639 461 248 2942 4880 842 1489 1283 136 2926 157 1747 363 140 221 514 440 369 786 3096 91 10643 23
internal_value=-2.30572e-06 -0.000176433 0.000280686 -6.75437e-05 -8.78501e-05 9.28112e-05 0.000298942 -0.000152858 0.000216164 0.000275616 0.000360227 0.000297873 0.000731729 1.89357e-05 8.95611e-05 1.25374e-05 -8.68799e-05 -0.000197355 0.000182814 0.000444403 0.000848787 0.000575193 0.000382024 0.000601702 0.000317625 -0.000156153 -0.000374929 -0.000482825 -0.000354721 7.39603e-05
internal_weight=50251 31116 19135 19329 18598 4909 2692 13689 15706 12145 9125 7822 1303 3020 2772 3561 10565 1587 1974 731 345 3429 1544 1030 590 2217 3124 227 11787 386
internal_count=50251 31116 19135 19329 18598 4909 2692 13689 15706 12145 9125 7822 1303 3020 2772 3561 10565 1587 1974 731 345 3429 1544 1030 590 2217 3124 227 11787 386
is_linear=0
shrinkage=0.03


Tree=80
num_leaves=31
num_cat=0
split_feature=22 18 8 6 72 65 41 46 64 69 0 21 6 34 0 46 19 7 69 41 21 64 23 65 69 66 69 46 73 0
split_gain=2.68445 0.574248 0.41249 0.344237 0.251701 0.256404 0.250416 0.233597 0.215648 0.386021 0.200526 0.182967 0.175646 0.168414 0.235437 0.181722 0.155437 0.133654 0.12134 0.123714 0.131212 0.199385 0.116843 0.10453 0.101896 0.100068 0.0975298 0.164617 0.107471 0.0922101
threshold=0.17625297619047617 0.30765625000000002 0.053981250000000008 -11.0061506998306 0.31745078749198991 -0.0033333333333332711 0.41740465779184749 16.13928571428572 544.50000000000011 -0.80392051724781066 57.500000000000007 0.0060668301914120187 -934.77487909309696 0.29285714285714309 15.000000000000002 22.246428571428577 0.0020208691291272686 -32.640695036984525 0.86529924138975423 0.7934290577664258 0.028859178756563832 25.500000000000004 0.082055656401641711 0.018333333333333365 0.60505046667002438 0.018416666666666654 0.064507852084056461 21.832142857142863 0.58034408364873624 27.500000000000004
decision_type=2 2 2 2 2 2 2 2 2 2 2 2 2 2 2 2 2 2 2 2 2 2 2 2 2 2 2 2 2 2
left_child=2 3 -1 4 5 17 12 -5 13 -10 -7 -11 -6 23 15 -15 29 -2 19 20 21 -3 -22 25 -16 -4 27 -21 -28 -9
right_child=1 18 8 7 6 10 -8 16 9 11 -12 -13 -14 14 24 -17 -18 -19 -20 26 22 -23 -24 -25 -26 -27 28 -29 -30 -31
leaf_value=-0.000384410223276733 -6.4663313899962149e-05 0.00044435703172836157 -0.0004010945010000424 -0.00076706382994811426 0.0016421418727791688 0.00015574633896074154 0.00047417059264793701 0.00091217660378289456 0.0030200720970020739 -0.00064338891266938706 -0.00021990878750984981 0.00028057837437687214 -0.00023949701545840994 0.00088646273651613375 -0.00028065551562682058 5.4474166141822936e-05 0.0003029468481040829 -0.00046044272749614122 0.00073239523331017429 0.00079819279500661651 0.00096634492767696666 -7.7228235760644351e-05 0.00035042019304948232 0.00014810106964525518 -3.1343921526214426e-06 -3.7689219974122757e-05 -0.00014378483846531223 -0.00066114320313499764 -0.0018107410568743943 0.00016019261396143716
leaf_weight=9102 1704 3855 4041 156 46 6029 2075 715 42 228 1617 1187 810 258 4059 2842 3070 1429 1074 239 694 784 496 422 1716 843 320 95 39 198
leaf_count=9102 1704 3855 4041 156 46 6029 2075 715 42 228 1617 1187 810 258 4059 2842 3070 1429 1074 239 694 784 496 422 1716 843 320 95 39 198
internal_value=-1.11342e-06 0.000215174 -0.000223685 0.000121955 4.93021e-05 -1.74718e-05 0.000295814 0.000361816 -0.000129926 0.000216635 7.58909e-05 0.000129231 -0.000133082 -0.000165757 -8.53289e-05 0.000124948 0.000406964 -0.00024623 0.000433779 0.000384041 0.000429088 0.000355564 0.000712652 -0.000299677 -0.000198726 -0.000339004 7.37677e-07 0.000373422 -0.000337735 0.000752732
internal_weight=50185 25445 24740 17849 13710 10779 2931 4139 15638 1457 7646 1415 856 14181 8875 3100 3983 3133 7596 6522 5829 4639 1190 5306 5775 4884 693 334 359 913
internal_count=50185 25445 24740 17849 13710 10779 2931 4139 15638 1457 7646 1415 856 14181 8875 3100 3983 3133 7596 6522 5829 4639 1190 5306 5775 4884 693 334 359 913
is_linear=0
shrinkage=0.03


Tree=81
num_leaves=31
num_cat=0
split_feature=22 12 8 72 65 10 64 7 24 51 57 72 5 70 46 66 66 12 65 61 61 26 23 40 23 66 65 70 7 63
split_gain=2.52887 0.740061 0.275703 0.246916 0.238984 0.214181 0.169161 0.342692 0.176495 0.150494 0.140066 0.132078 0.127417 0.125619 0.122646 0.122089 0.136992 0.130069 0.118474 0.117101 0.116295 0.114348 0.108891 0.106951 0.104236 0.104091 0.103978 0.102229 0.100437 0.0966975
threshold=0.13330635351966874 0.24335416666666668 0.3653541666666667 0.028816599268702173 -0.0047083333333332996 0.052714583333333308 544.50000000000011 -517.74320999071585 -9.5622000638260634 3.9096949095440343 583.30000000000007 -0.10015301145435805 -10.417365034795617 0.85651926849515192 32.660714285714299 -0.0082083333333333851 -0.10841249999999999 0.12605208333333331 0.044620833333333394 -30.550000000000001 -41.884999999999998 -9.7053188977851654 0.073855010678231706 4.2189285714285729 0.099847358532316674 0.064391666666666694 -0.059120833333333352 -0.76107606668641947 -1500.0000000000143 -193.70999999999995
decision_type=2 2 2 2 2 2 2 2 2 2 2 2 2 2 2 2 2 2 2 2 2 2 2 2 2 2 2 2 2 2
left_child=5 3 4 15 11 -1 8 19 14 12 18 23 27 -11 25 16 17 -2 -6 29 22 -15 -17 -3 -22 -7 -13 -5 -16 -8
right_child=1 2 -4 9 10 6 7 -9 -10 13 -12 26 -14 21 28 20 -18 -19 -20 -21 24 -23 -24 -25 -26 -27 -28 -29 -30 -31
leaf_value=-0.00037950870214967117 -0.00051160325328658877 -0.00039350886474821893 0.00056433881780736756 0.00022090837818702363 0.00028027183858556559 -0.00027551470916110428 0.00014851655614569179 0.0019740966351472593 0.00072328811492039155 0.0004607686345309533 0.0014017920352828999 -0.00047131020218085757 0.0003098067098260349 3.6039258963443752e-05 0.0018748099014961293 -0.00058271967218723154 -0.00029836936966191099 0.00054758680416321234 0.00074561943568119597 0.0011117491466633509 3.7410809318297433e-05 -0.0020243326735627999 0.00019696975165186861 0.00017597064932461064 0.001137101492066455 0.00012552618496957597 0.00030821216754025373 -0.00017361169151309519 7.8237764716157981e-05 -0.00054473656906558728
leaf_weight=8869 144 919 3158 862 8967 8519 509 88 174 1732 107 173 1334 75 41 524 2895 356 530 79 5319 33 225 429 78 614 1202 1857 96 277
leaf_count=8869 144 919 3158 862 8967 8519 509 88 174 1732 107 173 1334 75 41 524 2895 356 530 79 5319 33 225 429 78 614 1202 1857 96 277
internal_value=-1.07336e-06 0.00016697 0.000313506 1.97448e-05 0.000248962 -0.000270908 -0.000177951 0.000201196 -0.000216546 0.000172563 0.000319292 0 6.94784e-05 0.00039784 -0.000234587 -7.43374e-05 -0.00021872 0.00023614 0.000306633 1.52963e-05 4.95264e-06 -0.000578792 -0.00034455 -0.000210052 5.40675e-05 -0.000248214 0.000207683 -4.73995e-05 0.000647327 -9.23676e-05
internal_weight=50185 30919 15485 15434 12327 19266 10397 953 9444 5893 9604 2723 4053 1840 9270 9541 3395 500 9497 865 6146 108 749 1348 5397 9133 1375 2719 137 786
internal_count=50185 30919 15485 15434 12327 19266 10397 953 9444 5893 9604 2723 4053 1840 9270 9541 3395 500 9497 865 6146 108 749 1348 5397 9133 1375 2719 137 786
is_linear=0
shrinkage=0.03


Tree=82
num_leaves=31
num_cat=0
split_feature=22 18 12 6 72 65 41 46 11 66 69 7 57 46 6 21 3 64 7 44 21 41 21 64 69 45 35 73 0 23
split_gain=2.38387 0.514354 0.373737 0.317232 0.229762 0.232608 0.230038 0.220012 0.197742 0.194698 0.204819 0.233726 0.225348 0.168794 0.165918 0.148957 0.13372 0.173693 0.124439 0.118961 0.114578 0.111875 0.136769 0.264229 0.0977949 0.0975303 0.0973655 0.0906478 0.0883767 0.0843356
threshold=0.17625297619047617 0.30765625000000002 0.055164583333333309 -11.0061506998306 0.31745078749198991 -0.0033333333333332711 0.41740465779184749 16.13928571428572 0.31052083333333336 0.018416666666666654 0.61866567420209762 -1500.0000000000014 22.450000000000006 32.503571428571441 -934.77487909309696 0.0055753060872895778 25.850000000000005 494.50000000000006 -32.640695036984525 14.992857142857146 0.0032984513536921793 0.8108125757260739 0.019262257315181313 300.50000000000006 -0.90149333598846371 1.0000000180025095e-35 26.607748400156037 -1.0161640009274497 72.500000000000014 0.067642647649095347
decision_type=2 2 2 2 2 2 2 2 2 2 2 2 2 2 2 2 2 2 2 2 2 2 2 2 2 2 2 2 2 2
left_child=2 3 -1 4 5 18 14 -5 -7 10 16 13 -13 -12 -6 25 24 -18 -2 -3 -11 22 23 -21 -4 -9 -17 -8 -22 -24
right_child=1 19 9 7 6 8 27 15 -10 20 11 12 -14 -15 -16 26 17 -19 -20 21 28 -23 29 -25 -26 -27 -28 -29 -30 -31
leaf_value=-0.00036127031696464471 -6.1600333541384013e-05 0.0008653834463214279 0.00022754775682829281 -0.00075063718305049822 0.001594462714296706 1.4671575862512813e-05 -0.00012618903725418039 0.0012956231957133341 0.00049471635740192812 -0.0010657506545659007 -0.00046705407564939187 -0.00010568968440115405 0.00044440472254476216 0.00078015777216960654 -0.00023414505483479372 0.00030747015435412091 -0.00038605094326584031 0.00064329124104231593 -0.00044356857536506547 0.00036829871781653351 0.00015192029336438421 1.6453482089797078e-05 0.00085380514162684341 -0.00099331065669712687 -0.00019187347747463054 0.00054615459995910342 -0.001133255542189415 0.00051832501766141468 -0.00036241518684705209 0.00043237776281655174
leaf_weight=9291 1704 492 633 156 46 6773 211 215 873 76 1061 1389 1282 105 810 3030 5013 149 1429 4458 3114 712 882 130 2298 697 41 1864 329 922
leaf_count=9291 1704 492 633 156 46 6773 211 215 873 76 1061 1389 1282 105 810 3030 5013 149 1429 4458 3114 712 882 130 2298 697 41 1864 329 922
internal_value=-1.01557e-06 0.0002028 -0.00021076 0.000114564 4.48113e-05 -1.89763e-05 0.000280345 0.000344823 6.99317e-05 -0.000120032 -0.000177946 1.81029e-06 0.000157284 -0.000351598 -0.000130632 0.000388659 -0.000263531 -0.000355639 -0.000236864 0.000409699 7.54466e-05 0.0003776 0.000417349 0.000328856 -0.000100222 0.00072735 0.000286896 0.000451312 0.00010181 0.00064044
internal_weight=50185 25445 24740 17849 13710 10779 2931 4139 7646 15449 11930 3837 2671 1166 856 3983 8093 5162 3133 7596 3519 7104 6392 4588 2931 912 3071 2075 3443 1804
internal_count=50185 25445 24740 17849 13710 10779 2931 4139 7646 15449 11930 3837 2671 1166 856 3983 8093 5162 3133 7596 3519 7104 6392 4588 2931 912 3071 2075 3443 1804
is_linear=0
shrinkage=0.03


Tree=83
num_leaves=31
num_cat=0
split_feature=12 20 20 65 71 0 63 72 34 45 60 10 7 73 12 21 65 23 52 57 46 10 35 69 7 7 23 66 64 12
split_gain=2.18339 0.496533 0.48636 0.266531 0.245837 0.184834 0.183554 0.217196 0.199337 0.166871 0.139547 0.130207 0.120421 0.137412 0.13524 0.22745 0.154739 0.148526 0.11798 0.12129 0.112853 0.107483 0.098198 0.143118 0.141874 0.113674 0.107681 0.0948845 0.110214 0.145605
threshold=0.18089583333333334 0.31912023809523815 0.12451488095238095 -0.036160416666666632 -0.3297712237054688 57.500000000000007 11.425000000000002 -0.37249753625372856 1.8571428571428588 1.0000000180025095e-35 46.64500000000001 0.40760208333333331 -19.065795315971855 -0.032743103231327446 0.078849999999999962 0.030716454796055056 -0.049916666666666644 0.092234845907648036 81.750000000000014 38.150000000000013 30.303571428571434 0.035566666666666656 1.1900340903867199 0.45972848220565493 -1500.0000000000014 -1500.0000000000143 0.0706733542428538 -0.11794374999999993 70.500000000000014 0.33981666666666671
decision_type=2 2 2 2 2 2 2 2 2 2 2 2 2 2 2 2 2 2 2 2 2 2 2 2 2 2 2 2 2 2
left_child=2 3 21 27 6 9 8 -8 -5 -6 -3 18 14 -14 15 -4 -16 -18 -12 -20 -7 -1 25 26 -25 -23 -24 -2 -29 -30
right_child=1 10 12 4 5 20 7 -9 -10 -11 11 -13 13 -15 16 -17 17 -19 19 -21 -22 22 23 24 -26 -27 -28 28 29 -31
leaf_value=-0.00056308389006756374 0.00019229668445685613 0.00019777078781555113 -0.00077856043445445838 -8.9300284049838408e-05 0.00049536720521040089 -0.00012138184862963799 -0.0008488973873844529 -4.1026381808608848e-05 0.00034806707625492991 0.00020221258644551152 0.00059946482110491298 0.0010810763465619933 -0.00048189012258194482 2.0646336119834787e-05 -0.00051994848586106959 0.00014087979848629659 0.00011122995966892801 0.00088371570839623575 -0.00070729597711513895 0.00033636047838905413 0.00094972466737512618 0.0010426053934688255 -0.00031728049987418715 -0.00025672067382832484 0.00035256442277933653 -0.00031257940413274751 0.00173005792506687 -0.00040034061677364605 -0.0019155870773214497 0.00065042491548735165
leaf_weight=1213 139 1682 442 2502 2224 1705 473 837 1493 8576 2554 353 930 1010 331 524 5073 235 105 1459 92 54 1887 572 849 12357 22 365 105 22
leaf_count=1213 139 1682 442 2502 2224 1705 473 837 1493 8576 2554 353 930 1010 331 524 5073 235 105 1459 92 54 1887 572 849 12357 22 365 105 22
internal_value=-9.76216e-07 0.000200071 -0.000195731 0.000122308 0.000143806 0.000215972 -2.70004e-05 -0.000335437 7.34468e-05 0.000262899 0.00043375 0.00052179 -1.08111e-05 -0.000218839 4.98599e-05 -0.000277084 0.000106439 0.000146155 0.000472869 0.00026397 -6.43788e-05 -0.00028875 -0.000267385 -0.000121181 0.000105189 -0.000306358 -0.000291222 -0.000482113 -0.000678737 -0.00144603
internal_weight=50185 24686 25499 18533 17902 12597 5305 1310 3995 10800 6153 4471 8545 1940 6605 966 5639 5308 4118 1564 1797 16954 15741 3330 1421 12411 1909 631 492 127
internal_count=50185 24686 25499 18533 17902 12597 5305 1310 3995 10800 6153 4471 8545 1940 6605 966 5639 5308 4118 1564 1797 16954 15741 3330 1421 12411 1909 631 492 127
is_linear=0
shrinkage=0.03


Tree=84
num_leaves=31
num_cat=0
split_feature=22 24 12 51 18 64 69 65 33 7 66 33 0 69 59 34 21 21 64 69 69 9 52 6 21 66 51 10 18 49
split_gain=2.11525 0.456664 0.332857 0.242395 0.229519 0.181591 0.349919 0.178421 0.172048 0.161606 0.161379 0.171404 0.179088 0.159978 0.153102 0.150834 0.140837 0.138851 0.196401 0.124487 0.118627 0.115768 0.115132 0.114278 0.127556 0.121625 0.104587 0.104084 0.0776147 0.0728668
threshold=0.17625297619047617 -10.70513515563602 0.055164583333333309 5.0803074522634324 0.30765625000000002 544.50000000000011 -0.80392051724781066 -0.0015416666666666007 0.51593650402976332 -1499.999999999997 0.028770833333333346 0.048795003648914419 15.000000000000002 -0.91585580712236336 23.225000000000005 5.1642857142857155 0.0060668301914120187 0.017176379670449621 300.50000000000006 -0.413274780713969 -0.34156760613242332 0.15810416666666668 54.750000000000007 -6.5838114821198515 0.00521064234023894 0.039254166666666652 5.6230816834758537 0.23093749999999999 0.24066388888888887 0.57735026918962506
decision_type=2 2 2 2 2 2 2 2 2 2 2 2 2 2 2 2 2 2 2 2 2 2 2 2 2 2 2 2 2 2
left_child=2 3 -1 4 7 10 -7 9 -5 -2 11 21 -13 -9 20 22 -8 18 -6 -17 27 -4 -10 24 -16 -26 -22 -3 -25 -19
right_child=1 14 5 8 17 6 16 13 15 -11 -12 12 -14 -15 23 19 -18 29 -20 -21 26 -23 -24 28 25 -27 -28 -29 -30 -31
leaf_value=-0.00034056516944285247 0.00010401187697608526 -2.5775270402037346e-05 -0.00027396708973702235 -0.00016729425483609864 0.00017379519579824071 0.002879649893835534 -0.00056748776209910646 0.00039158244197509023 -0.00057640574837569149 -0.00036326658830806069 8.0868001566720629e-05 8.8772012295087877e-05 -0.00022079147233039772 -4.9341871295756702e-06 0.00070793528557496345 0.00071767921750661822 0.00026066471168976053 0.00061967724632869562 -0.0012498234907904154 -0.00060537688132600331 0.00010140528403848928 -0.00073156972127506555 0.00051880372315469788 0.0015662125612677987 0.00021753942068933167 0.00072982703827328445 -0.00067277290090261084 0.00047704463304299588 0.00065392757960637223 0
leaf_weight=9291 954 469 4163 543 1580 42 218 1075 86 2139 2343 2805 4161 6056 909 88 1140 1026 91 218 1327 577 2583 97 2654 504 177 1583 1079 207
leaf_count=9291 954 469 4163 543 1580 42 218 1075 86 2139 2343 2805 4161 6056 909 88 1140 1026 91 218 1327 577 2583 97 2654 504 177 1583 1079 207
internal_value=-9.38574e-07 0.000191048 -0.000198517 9.83888e-05 3.88566e-05 -0.000112878 0.000211965 -2.77362e-05 0.000319616 -0.000218183 -0.000145476 -0.000191038 -9.57141e-05 5.44667e-05 0.000365968 0.000409522 0.000125194 0.000274269 9.37718e-05 -0.00021402 0.00021238 -0.000330446 0.000482188 0.000469504 0.000392417 0.000300453 7.91538e-06 0.000360704 0.000732991 0.000516179
internal_weight=50185 25445 24740 16646 13128 15449 1400 10224 3518 3093 14049 11706 6966 7131 8799 2975 1358 2904 1671 306 3556 4740 2669 5243 4067 3158 1504 2052 1176 1233
internal_count=50185 25445 24740 16646 13128 15449 1400 10224 3518 3093 14049 11706 6966 7131 8799 2975 1358 2904 1671 306 3556 4740 2669 5243 4067 3158 1504 2052 1176 1233
is_linear=0
shrinkage=0.03


Tree=85
num_leaves=31
num_cat=0
split_feature=18 12 10 68 63 2 63 69 68 7 69 64 46 24 70 33 0 21 20 0 21 60 41 57 23 60 46 62 20 52
split_gain=2.0536 0.374382 0.349279 0.202499 0.199457 0.193889 0.170633 0.16936 0.167604 0.150045 0.249637 0.482561 0.284311 0.244014 0.156085 0.148844 0.387608 0.144912 0.136057 0.134727 0.26423 0.154547 0.128428 0.150119 0.12894 0.120344 0.115932 0.10466 0.106474 0.10634
threshold=0.19924079106280199 0.072437499999999974 0.33322916666666674 -2.0573034033557671 -168.87499999999997 5.7150000000000007 11.425000000000002 0.97692944606901266 -4.5126390675728887 -24.465805922450574 -0.80392051724781066 275.50000000000006 25.289285714285722 -11.644467595324755 -0.94128245028753155 1.0229722968702381e-07 57.500000000000007 0.0079151183669110298 0.29068969979296072 27.500000000000004 0.018879116713525785 47.805000000000014 0.65590408203476036 19.25 0.034996970435460253 51.115000000000016 26.403571428571432 99.040000000000006 0.39877721088435375 86.750000000000014
decision_type=2 2 2 2 2 2 2 2 2 2 2 2 2 2 2 2 2 2 2 2 2 2 2 2 2 2 2 2 2 2
left_child=1 -1 3 6 5 -5 -2 8 -8 10 11 12 -3 -11 -15 16 -6 -16 -7 21 27 -4 24 -24 -12 -17 -13 28 -21 -29
right_child=2 9 19 4 15 18 7 -9 -10 13 22 26 -14 14 17 25 -18 -19 -20 20 -22 -23 23 -25 -26 -27 -28 29 -30 -31
leaf_value=-0.00029028286229863982 0.00010681181133365795 0.00059922155069151598 0.00028191812917364913 -0.001683123131206126 0.00087282796406873897 -0.000233510303899209 -0.00091474114303312913 0.0014466188261760588 -0.0001518811991095149 -0.00038672641494201401 -0.00020440247155352286 0 -0.00030191561530589688 0.00081110535496947071 0.00043328061879436376 0.00010810429944099765 -4.2905622699520369e-05 -0.00027377975285859522 0.00058125468041774332 -0.00016663357369189487 0.00068641291495531167 0.00070619762912338564 -0.00022380999194060883 0.00031872059130558114 3.791393083497407e-05 0.00034431751247020366 0.0025529899638719283 -0.00046460859545252532 0.0010854860704857855 0.00090105666839991139
leaf_weight=12230 3488 684 1272 69 1073 822 345 48 1093 2799 5487 20 578 229 385 4496 669 799 236 1191 804 2099 669 1428 3059 3488 103 65 63 200
leaf_count=12230 3488 684 1272 69 1073 822 345 48 1093 2799 5487 20 578 229 385 4496 669 799 236 1191 804 2099 669 1428 3059 3488 103 65 63 200
internal_value=2.26281e-06 -0.000164849 0.000223471 0.000150669 0.000223319 -0.000152695 -7.25784e-06 -0.000276916 -0.000337497 -7.01909e-05 -1.59542e-05 0.000362433 0.00018421 -0.000224319 9.53159e-05 0.000267209 0.000519604 -4.11624e-05 -4.85568e-05 0.000425242 0.000246925 0.000547122 -6.55059e-05 0.000144184 -0.000117321 0.000211706 0.0021506 1.20343e-05 -0.000100523 0.000554317
internal_weight=49991 28470 21521 15827 10853 1127 4974 1486 1438 16240 12028 1385 1262 4212 1413 9726 1742 1184 1058 5694 2323 3371 10643 2097 8546 7984 123 1519 1254 265
internal_count=49991 28470 21521 15827 10853 1127 4974 1486 1438 16240 12028 1385 1262 4212 1413 9726 1742 1184 1058 5694 2323 3371 10643 2097 8546 7984 123 1519 1254 265
is_linear=0
shrinkage=0.03


Tree=86
num_leaves=31
num_cat=0
split_feature=18 12 10 6 7 6 70 73 52 34 7 7 70 7 53 21 57 40 47 57 73 68 70 21 66 57 47 46 34 40
split_gain=1.93949 0.434171 0.261769 0.208103 0.175401 0.243929 0.171542 0.208836 0.290701 0.212201 0.190133 0.160168 0.225122 0.147765 0.130673 0.141239 0.12689 0.146729 0.124206 0.119957 0.133127 0.127299 0.119935 0.116181 0.136739 0.113242 0.0856963 0.116484 0.0855363 0.0849167
threshold=0.21811926328502412 0.076447916666666657 0.33979166666666671 -5.7575370489372668 -24.465805922450574 -12.247780032820165 0.76663042157996963 -0.15485847866987343 78.321428571428598 1.6571428571428577 -881.17000787834888 -1500.0000000000014 0.59123954401714229 -1500.000000000008 4.2607330535775327 0.018879116713525785 448.10000000000008 3.2971428571428576 0.2983470948593076 47.749999999999993 -0.71250371511052701 -17.629479776453497 -0.94128245028753155 0.089436582508058068 -0.071595833333333331 53.650000000000013 0.49124197837608102 26.842857142857145 7.3571428571428585 3.2610714285714293
decision_type=2 2 2 2 2 2 2 2 2 2 2 2 2 2 2 2 2 2 2 2 2 2 2 2 2 2 2 2 2 2
left_child=1 -1 6 4 11 25 7 8 9 -2 -8 13 -13 -3 15 19 17 -9 -10 20 -4 -21 -7 24 -12 -6 27 -17 -28 -16
right_child=2 3 14 -5 5 22 10 16 18 -11 23 12 -14 -15 29 26 -18 -19 -20 21 -22 -23 -24 -25 -26 -27 28 -29 -30 -31
leaf_value=-0.00027828255042260677 -1.5805233124557973e-05 0.00013662308024250529 0.00067883637052869826 0.0016978500217515887 -0.0001038320697865351 0.0005764357001621156 0.00036423248679219101 8.3955931594722376e-05 0.00011537412072683804 0.00065402945845157172 -0.0022856572478670962 0.00017616617211071693 -0.00011498049431022512 -0.00031901630968751986 0.00018669669866476252 0.00085854591685014642 0.00098467273775092721 0.0003523464537645695 -0.00060338496524843283 -0.0019506935316907321 -0.00069309357652673498 0.00028213661617157643 -4.3540159432139508e-05 0.00067031768554331312 -0.00031040992468795038 -0.00048273572812741918 0.00047667743206645049 8.4947547588618124e-05 -0.00098023713314905766 0.00069319758568794378
leaf_weight=12745 1185 893 81 60 1079 342 578 2711 292 656 32 6041 3942 2195 381 734 231 5885 766 22 263 1686 1516 103 1225 2212 89 242 59 1745
leaf_count=12745 1185 893 81 60 1079 342 578 2711 292 656 32 6041 3942 2195 381 734 231 5885 766 22 263 1686 1516 103 1225 2212 89 242 59 1745
internal_value=2.20494e-06 -0.000143833 0.000241251 -4.992e-05 -5.59331e-05 -0.000204226 0.000171432 0.000214719 -5.18597e-06 0.000221473 -8.89044e-05 2.26508e-06 6.09002e-05 -0.00018628 0.000420552 0.000296678 0.000287273 0.00026807 -0.000402258 0.000146511 -0.000360325 0.000250497 6.9213e-05 -0.000283818 -0.000364856 -0.000359487 0.000567787 0.000670085 -8.66662e-05 0.000603969
internal_weight=49991 31025 18966 18280 18220 5149 13664 11726 2899 1841 1938 13071 9983 3088 5302 3176 8827 8596 1058 2052 344 1708 1858 1360 1257 3291 1124 976 148 2126
internal_count=49991 31025 18966 18280 18220 5149 13664 11726 2899 1841 1938 13071 9983 3088 5302 3176 8827 8596 1058 2052 344 1708 1858 1360 1257 3291 1124 976 148 2126
is_linear=0
shrinkage=0.03


Tree=87
num_leaves=31
num_cat=0
split_feature=18 22 6 71 6 65 65 10 40 0 65 69 0 33 10 47 69 21 10 21 12 68 22 69 22 57 51 64 64 18
split_gain=1.82516 0.445783 0.249614 0.236663 0.188598 0.189198 0.183863 0.159524 0.148881 0.136944 0.129704 0.173674 0.121572 0.167518 0.217919 0.11474 0.206205 0.107924 0.104867 0.137827 0.156363 0.103791 0.10355 0.0983085 0.102421 0.0831436 0.0787628 0.075554 0.0739971 0.0719416
threshold=0.21811926328502412 0.11821577380952379 -10.404958583819525 0.30670931933488715 -5.7575370489372668 0.16969097222222226 -0.004583333333333355 0.27934791666666675 3.2732142857142863 57.500000000000007 -0.0052500000000000593 -0.88606241628642823 15.000000000000002 0.293582145558067 0.059770833333333308 0.74184207910416888 0.93228057993045244 0.023784055571877752 0.041622916666666655 0.049576586732377241 0.25254356060606065 1.1333013850035478 0.064304315476190463 -0.34156760613242332 0.36093090062111804 583.30000000000007 6.4660284417504004 1051.5000000000002 145.50000000000003 0.32727916666666679
decision_type=2 2 2 2 2 2 2 2 2 2 2 2 2 2 2 2 2 2 2 2 2 2 2 2 2 2 2 2 2 2
left_child=1 12 3 6 5 10 29 9 23 -8 21 -12 13 14 22 -15 -17 -9 -14 -20 -21 -3 -1 25 -25 -4 -5 -16 -7 -2
right_child=2 4 8 26 -6 28 7 17 -10 -11 11 -13 18 15 27 16 -18 -19 19 20 -22 -23 -24 24 -26 -27 -28 -29 -30 -31
leaf_value=0 -0.00020693339884640953 -0.00034459170170404128 0.00029966188546105219 0.00032957865345960074 0.0016477495244185086 0 0.00014195900960638975 0.00020695701852122008 0.00052901385721853839 -0.00024191886868312493 0.00030234472618957545 -3.59481754491264e-05 -0.00047905382821676184 -3.5446129723831147e-06 -0.00039564563925259956 0.0012482484634290035 -0.00016672349228596714 0.00056599026814386198 -0.0002664736939573139 0.00044570718590889699 -0.0015313895376972281 5.2970261372757906e-05 0.0011449348687271315 -0.00033184264052457468 0.00036596594386037836 0.0013123701516073196 0.00074569777099053576 0.00088892956327919553 0.0016921486877785356 0.00021348204193195444
leaf_weight=154 1999 1869 1254 2367 60 29 3201 2747 3377 1128 1585 9807 2082 564 1589 223 152 1066 11368 408 38 846 132 483 308 79 516 40 79 441
leaf_count=154 1999 1869 1254 2367 60 29 3201 2747 3377 1128 1585 9807 2082 564 1589 223 152 1066 11368 408 38 846 132 483 308 79 516 40 79 441
internal_value=2.14653e-06 -0.00013952 0.000234041 0.000164081 -1.61104e-05 -2.34598e-05 9.80391e-05 0.000166653 0.000404679 4.1207e-05 -3.32848e-05 1.08785e-05 -0.000244508 -6.47712e-05 -0.000226523 0.000261805 0.000667816 0.000308241 -0.0002812 -0.000246041 0.000267495 -0.000219632 0.00053175 0.000205429 -5.62227e-05 0.000362868 0.000405329 -0.000361736 0.00122089 -0.000129663
internal_weight=49991 31025 18966 13465 14275 14215 10582 8142 5501 4329 14107 11392 16750 2854 1915 939 375 3813 13896 11814 446 2715 286 2124 791 1333 2883 1629 108 2440
internal_count=49991 31025 18966 13465 14275 14215 10582 8142 5501 4329 14107 11392 16750 2854 1915 939 375 3813 13896 11814 446 2715 286 2124 791 1333 2883 1629 108 2440
is_linear=0
shrinkage=0.03


Tree=88
num_leaves=31
num_cat=0
split_feature=12 18 20 7 69 23 23 70 64 69 3 39 73 7 6 68 0 65 39 40 72 8 73 23 64 11 23 39 23 11
split_gain=1.72137 0.417966 0.302937 0.231236 0.199813 0.183449 0.246571 0.303423 0.194488 0.168017 0.234086 0.194676 0.190769 0.153209 0.163686 0.139096 0.13629 0.132177 0.121032 0.120198 0.113318 0.10164 0.08984 0.105897 0.0963748 0.0817758 0.0918503 0.208465 0.215787 0.174829
threshold=0.18089583333333334 0.27359027777777783 0.11744345238095236 -7.0790915511731587 0.89001933454452098 0.0047749619677971934 0.044561479065545549 0.34157076916785584 111.50000000000001 -0.34156760613242332 24.750000000000004 0.010690449676693194 1.1195495942336289 -19.065795315971855 -31.574116894506417 -3.2395401607289247 57.500000000000007 -0.004583333333333355 0.0053452248386557473 5.7660714285714301 1.4917608462578757 0.17193333333333335 4.5009092758392706 0.10588466360597949 444.50000000000006 0.026314583333333304 0.028547442157069797 1.0000000180025095e-35 0.06503332178622924 0.18312499999999998
decision_type=2 2 2 2 2 2 2 2 2 2 2 2 2 2 2 2 2 2 2 2 2 2 2 2 2 2 2 2 2 2
left_child=2 3 25 5 9 8 7 -7 18 10 16 -12 17 14 22 -15 -3 -11 -2 -8 -14 -17 23 -4 -24 -1 -27 28 -28 -29
right_child=1 4 13 -5 -6 6 19 -9 -10 12 11 -13 20 15 -16 21 -18 -19 -20 -21 -22 -23 24 -25 -26 26 27 29 -30 -31
leaf_value=-0.00068546276926532274 0.0024464254691451788 0.00061732647119023697 3.5321746426570388e-06 0.00087259327424938716 0.00069285170168273576 4.4246364945983965e-05 0.00039340334396814321 -0.00035220978189562645 0.0031134488277602939 -0.00013602118368866522 0.00039861583051133657 -0.00036244238525323977 -0.0013628255666729111 -0.00084678380226029697 0.00044775402502290716 -0.00035863706726823528 6.4447342535272608e-05 0.0002766274379384702 0.00031350164647815361 2.6712156713306771e-05 0.00034269620685223887 0.00010103662946319865 -0.00056777563024260579 0.0014188883043825624 0.00028559729009044956 -0.00026393527760129403 -0.00014657225445121615 0.00011711277353489065 -0.0014973066109637528 0.0014794798885570152
leaf_weight=386 24 2838 6042 323 1223 7446 2053 2262 23 891 660 555 116 315 747 990 482 3092 1110 1353 46 754 484 47 152 13983 496 867 137 94
leaf_count=386 24 2838 6042 323 1223 7446 2053 2262 23 891 660 555 116 315 747 990 482 3092 1110 1353 46 754 484 47 152 13983 496 867 137 94
internal_value=2.09664e-06 0.000181739 -0.000170403 7.93816e-05 0.000332257 6.11585e-05 2.89493e-05 -4.78472e-05 0.000423302 0.00028103 0.000407558 4.84927e-05 0.000141808 -3.61953e-05 2.65886e-05 -0.000265393 0.000538006 0.000183554 0.000363402 0.00024867 -0.000861005 -0.000158239 -1.98072e-05 1.51809e-05 -0.000358987 -0.000250339 -0.000239321 -2.1486e-05 -0.000445544 0.00025489
internal_weight=49991 24497 25494 14594 9903 14271 13114 9708 1157 8680 4535 1215 4145 9531 7472 2059 3320 3983 1134 3406 162 1744 6725 6089 636 15963 15577 1594 633 961
internal_count=49991 24497 25494 14594 9903 14271 13114 9708 1157 8680 4535 1215 4145 9531 7472 2059 3320 3983 1134 3406 162 1744 6725 6089 636 15963 15577 1594 633 961
is_linear=0
shrinkage=0.03


Tree=89
num_leaves=31
num_cat=0
split_feature=18 22 6 71 65 6 12 7 69 6 60 65 0 47 33 47 69 70 46 41 11 12 69 22 57 66 23 66 23 57
split_gain=1.62288 0.39296 0.225782 0.219702 0.174037 0.174972 0.167643 0.144001 0.351024 0.2244 0.136662 0.122691 0.112475 0.157731 0.164042 0.118456 0.102656 0.101304 0.125511 0.111193 0.0966808 0.0933402 0.0912542 0.0951155 0.0772464 0.0772092 0.115266 0.106021 0.0754185 0.0695239
threshold=0.21811926328502412 0.11821577380952379 -10.404958583819525 0.30670931933488715 0.16969097222222226 -5.7575370489372668 0.29677083333333337 -19.376677537754741 -0.90880922144842613 -12.247780032820165 45.82500000000001 -0.059120833333333352 15.000000000000002 2.1659862536879968e-08 0.293582145558067 0.74184207910416888 -0.9852109833579612 -0.36572252349726903 22.246428571428577 0.33248853455030691 0.19378333333333334 0.13802083333333334 -0.34156760613242332 0.36093090062111804 583.30000000000007 0.015750000000000004 0.078161557674125678 0.16520416666666668 0.036322220277635237 28.050000000000008
decision_type=2 2 2 2 2 2 2 2 2 2 2 2 2 2 2 2 2 2 2 2 2 2 2 2 2 2 2 2 2 2
left_child=1 12 3 6 5 7 11 8 -3 -9 22 28 13 -1 20 -16 -13 29 21 -20 -15 -19 24 -24 -4 -14 27 -27 -2 -5
right_child=2 4 10 17 -6 -7 -8 9 -10 -11 -12 16 25 14 15 -17 -18 18 19 -21 -22 -23 23 -25 -26 26 -28 -29 -30 -31
leaf_value=0.0019704592399956548 -0.0015919278430020702 0.00063852952985437618 0.00028276886034486325 -0.00031624882626855871 0.0011779484078394882 0.0015772401885450131 0.00024791544782059959 -0.00039316427532141079 -2.3257590787491788e-05 5.9616788836721624e-05 0.00050215692358861923 0.00043906160799553383 -0.00029153678446882514 -0.00027946417140779865 -3.1707950029522187e-05 0.00065340278697097328 -1.0479139261779259e-05 -0.0012027656980124967 0.00052327884416228084 -0.000294891327900812 0.0010732463896274565 0.00077001694579384482 -0.00032563097697681421 0.00034664622084910131 0.0012591421575983987 -4.8710734001453164e-05 -0.0012907574872500194 0.0020471339583058249 -0.00031561772682471199 0.00027839435885584229
leaf_weight=33 62 780 1254 211 108 60 3865 2148 9379 1800 3377 493 12234 1845 554 375 6011 20 361 249 47 1068 483 308 79 1575 66 21 151 974
leaf_count=33 62 780 1254 211 108 60 3865 2148 9379 1800 3377 493 12234 1845 554 375 6011 20 361 249 47 1068 483 308 79 1575 66 21 151 974
internal_value=2.05227e-06 -0.00013153 0.000220723 0.00015417 -1.56484e-05 -2.50419e-05 9.05293e-05 -3.21807e-05 2.73165e-05 -0.000186007 0.000383024 0 -0.000230103 -5.71972e-05 -8.26696e-05 0.000242023 2.31969e-05 0.00038661 0.000535959 0.000184458 -0.000243727 0.000729927 0.000192054 -5.99643e-05 0.000343783 -0.000265393 -7.10835e-05 -1.79907e-05 -0.000706847 0.000169806
internal_weight=49991 31025 18966 13465 14275 14167 10582 14107 10159 3948 5501 6717 16750 2854 2821 929 6504 2883 1698 610 1892 1088 2124 791 1333 13896 1662 1596 213 1185
internal_count=49991 31025 18966 13465 14275 14167 10582 14107 10159 3948 5501 6717 16750 2854 2821 929 6504 2883 1698 610 1892 1088 2124 791 1333 13896 1662 1596 213 1185
is_linear=0
shrinkage=0.03


Tree=90
num_leaves=31
num_cat=0
split_feature=18 8 0 13 28 62 70 5 45 69 69 11 46 69 65 6 69 0 69 23 28 67 24 23 28 5 20 64 37 57
split_gain=1.51855 0.399252 0.218068 0.314893 0.313711 0.270664 0.229834 0.18732 0.139035 0.132844 0.163174 0.146047 0.155309 0.122079 0.153492 0.126997 0.115427 0.108363 0.10488 0.103478 0.101675 0.0988513 0.0949725 0.0930934 0.0797626 0.0740782 0.0726374 0.0697883 0.0664846 0.0631919
threshold=0.23177083333333334 0.053981250000000008 47.500000000000007 -1499.999999999997 -1499.9999999999936 -82.304999999999978 0.78827585631460517 -10.866200718124402 1.0000000180025095e-35 -0.34156760613242332 0.88203985695844977 0.35410416666666666 17.810714285714287 0.93535928755917841 -0.0033333333333332711 -760.94084211525944 0.6583954877256819 57.500000000000007 -0.97505550290239429 0.0081651588657495489 -63.891020480471553 0.024327227985865289 -9.6622000766607936 0.086293562979615421 -41.497632260360085 -1500.000000000008 0.1939517857142857 1991.5000000000002 1.0184056163422197 106.15000000000002
decision_type=2 2 2 2 2 2 2 2 2 2 2 2 2 2 2 2 2 2 2 2 2 2 2 2 2 2 2 2 2 2
left_child=1 -1 3 -3 5 -5 -6 13 16 17 11 12 -11 14 21 24 23 -9 29 -20 -17 28 25 -4 27 -10 -18 -15 -2 -16
right_child=7 2 8 4 6 -7 -8 9 22 10 -12 -13 -14 15 18 20 26 -19 19 -21 -22 -23 -24 -25 -26 -27 -28 -29 -30 -31
leaf_value=-0.00028341281150827342 -0.00025021025242359001 -0.00036576864433658977 -0.00024772470280913695 0.0002002483849944057 4.2253668718950491e-05 0.0011251698382463864 -0.0002989718561962931 0.00055909386854757672 0.00021410349908739673 -0.00047722417053963943 0.00062992602519235281 0.00040143522304606801 0.00013336795232732427 0.00040375729312838894 0.00080456980804391345 0.0021135432595579791 -0.00037934106818372098 0.00011959834869490627 0.00038344610443934743 7.535594134282243e-05 0.00068303168013673378 0.00021579683297736621 0.00050998250876823172 -0.0015654056111679357 -0.0015332785392899741 -0.00021203992847162667 -0.0011713938831439557 -0.00047572820015497259 0.00054535809584744198 0.00022939940425468672
leaf_weight=9183 1697 1949 1491 1024 13658 400 2041 2924 429 530 701 1030 1266 603 375 57 197 633 1280 4368 274 690 213 50 21 2307 264 90 97 353
leaf_count=9183 1697 1949 1491 1024 13658 400 2041 2924 429 530 701 1030 1266 603 375 57 197 633 1280 4368 274 690 213 50 21 2307 264 90 97 353
internal_value=2.86425e-06 -0.000115102 -5.06292e-05 -4.41246e-06 3.65621e-05 0.00046277 -1.93361e-06 0.000233605 -0.00022802 0.000351706 0.000219575 0.000116537 -4.53138e-05 0.000148811 0.00011216 0.000456277 -0.000421353 0.00048178 0.000190238 0.000145765 0.000944034 -8.70408e-05 -9.56567e-05 -0.000293412 0.000224959 -0.000144071 -0.000840972 0.000284695 -0.000205243 0.000530488
internal_weight=50195 33206 24023 19072 17123 1424 15699 16989 4951 7084 3527 2826 1796 9905 8860 1045 2002 3557 6376 5648 331 2484 2949 1541 714 2736 461 693 1794 728
internal_count=50195 33206 24023 19072 17123 1424 15699 16989 4951 7084 3527 2826 1796 9905 8860 1045 2002 3557 6376 5648 331 2484 2949 1541 714 2736 461 693 1794 728
is_linear=0
shrinkage=0.03


Tree=91
num_leaves=31
num_cat=0
split_feature=12 18 18 7 47 23 70 53 69 69 3 3 44 23 53 7 5 63 0 71 29 0 70 23 52 9 70 0 10 70
split_gain=1.48483 0.314646 0.294031 0.226801 0.185238 0.191151 0.182787 0.164861 0.164495 0.161347 0.264248 0.174581 0.169924 0.28563 0.131198 0.121869 0.170954 0.144189 0.129411 0.11787 0.114695 0.109724 0.109724 0.0965332 0.121193 0.100423 0.0948342 0.084496 0.134716 0.119238
threshold=0.18089583333333334 0.27359027777777783 0.12602569444444447 -6.8549986343053799 6.7348721585318313e-07 0.0046583561845823457 0.34963450400049079 1.6508406117125902 0.89001933454452098 -0.34156760613242332 24.750000000000004 27.450000000000003 19.864285714285717 0.020392305956798255 1.6404236393993912e-07 -19.065795315971855 -29.537740070606066 -23.774999999999988 47.500000000000007 -0.55589748074045342 40.401192609646579 57.500000000000007 -0.090248267031647136 0.092234845907648036 47.178571428571438 0.14409999999999998 0.098816478347602127 15.000000000000002 0.13668541666666667 0.72064045540576316
decision_type=2 2 2 2 2 2 2 2 2 2 2 2 2 2 2 2 2 2 2 2 2 2 2 2 2 2 2 2 2 2
left_child=2 3 27 4 7 22 -7 14 9 10 21 -12 13 -11 -2 16 23 18 -18 -17 -9 -3 -6 25 -25 -4 -19 29 -29 -1
right_child=1 8 15 -5 5 6 -8 20 -10 12 11 -13 -14 -15 -16 19 17 26 -20 -21 -22 -23 -24 24 -26 -27 -28 28 -30 -31
leaf_value=6.9988701846938336e-05 0.00035176033669433518 0.00059039487120605668 0.00015297238527317876 0.00090975144615775157 0.00019701337230786366 6.2705200607442852e-05 -0.00020452444070525702 0 0.00063291225419424477 9.180968482427452e-05 6.7599630104351401e-05 -0.0019979966506729584 0.00031400636363121051 -0.0008196986332819797 0.0013258879039971595 -0.00086817141253368803 0.00083042413374747269 0.00023862370894748745 -0.00019808271332983398 -0.00013315614070559013 -0.002411108175269328 8.1697713880452731e-05 0.00085021552900105474 0 0.0012959063500122422 -0.00016022830307484603 -0.00046067460768299973 -0.00027283170121305747 0.00036373586960559761 -0.0003007357802551611
leaf_weight=1832 1327 2817 1272 291 761 8585 3146 49 1191 1752 1187 37 2058 374 140 225 579 728 130 1659 29 458 344 158 106 3278 227 13806 301 1348
leaf_count=1832 1327 2817 1272 291 761 8585 3146 49 1191 1752 1187 37 2058 374 140 225 579 728 130 1659 29 458 344 158 106 3278 227 13806 301 1348
internal_value=2.79035e-06 0.000169637 -0.000156765 8.12339e-05 6.41982e-05 2.65792e-05 -8.71561e-06 0.00037458 0.000300673 0.000254688 0.000379693 1.13019e-06 0.000119497 -6.74399e-05 0.000447608 -1.03409e-05 5.10518e-05 0.000313285 0.000637602 -0.000222942 -0.000949199 0.000520217 0.000403661 -3.90146e-05 0.000516224 -7.19962e-05 6.8957e-05 -0.000227415 -0.000259012 -8.62632e-05
internal_weight=50195 24546 25649 14672 14381 12836 11731 1545 9874 8683 4499 1224 4184 2126 1467 8362 6478 1664 709 1884 78 3275 1105 4814 264 4550 955 17287 14107 3180
internal_count=50195 24546 25649 14672 14381 12836 11731 1545 9874 8683 4499 1224 4184 2126 1467 8362 6478 1664 709 1884 78 3275 1105 4814 264 4550 955 17287 14107 3180
is_linear=0
shrinkage=0.03


Tree=92
num_leaves=31
num_cat=0
split_feature=12 12 20 66 46 70 70 9 39 0 69 9 7 6 21 69 41 6 6 21 70 51 72 64 70 23 39 23 8 27
split_gain=1.39729 0.29944 0.284968 0.203508 0.188652 0.344327 0.255794 0.229392 0.167632 0.187142 0.263714 0.152818 0.148348 0.148577 0.130513 0.141555 0.13531 0.124637 0.107893 0.134428 0.103722 0.103642 0.09696 0.0955241 0.0953962 0.0945833 0.0915568 0.132135 0.0911005 0.0901509
threshold=0.18089583333333334 0.29677083333333337 0.12451488095238095 -2.499999999995561e-05 22.403571428571432 -0.71464691390916035 0.081673369964559248 0.089727083333333305 1.0000000180025095e-35 57.500000000000007 0.098819223632317002 0.13667500000000002 -19.065795315971855 -31.574116894506417 0.0074707293511166468 0.87795195455888941 0.75097610473475129 -983.75499232827531 -176.73126044214402 0.001541908362513449 0.74407637760383738 5.5032457955022158 -0.26609411035942537 22.500000000000004 0.1159303052754759 0.00032472280710903173 0.018898223650566703 0.061148817746941884 0.23863124999999999 0.89571454416483587
decision_type=2 2 2 2 2 2 2 2 2 2 2 2 2 2 2 2 2 2 2 2 2 2 2 2 2 2 2 2 2 2
left_child=2 3 -1 4 5 -2 -6 -8 9 10 -5 -11 13 18 28 16 17 -16 19 -4 -7 24 -14 -15 -10 -23 29 -28 -3 -24
right_child=1 14 12 8 6 20 7 -9 21 11 -12 -13 22 23 15 -17 -18 -19 -20 -21 -22 25 26 -25 -26 -27 27 -29 -30 -31
leaf_value=-0.00022328286754600058 -0.00026559612610782633 0.0012232455346267671 -0.00045322315483801578 0.0014147307434223273 4.3776805089755878e-05 0.00055446318506448126 0.00028604321529060775 -0.00049757654587752526 0.00015062750288031353 0.0022423883337527512 0.00032355656901094591 5.1865962577419443e-05 -0.00066164113512775526 0.00031460473136061672 -0.00023976552272313517 0.00060858925449429801 -0.00026426097565925076 0.00027626070344631526 -0.0003854464710908489 9.4874785946079079e-05 3.1407388236618844e-05 0.0023317020990248041 -0.00099765632084114855 0.0013026349449256828 -0.00017518576900569138 0.00035535250103459453 -0.00019207425856204006 0.00052915641489783324 0.00041487819851089347 0.00048206638166183518
leaf_weight=17018 955 134 436 355 4146 1455 406 1829 2874 29 476 745 394 559 474 693 617 3390 564 4977 462 22 179 108 1118 948 1083 288 3418 43
leaf_count=17018 955 134 436 355 4146 1455 406 1829 2874 29 476 745 394 559 474 693 617 3390 564 4977 462 22 179 108 1118 948 1083 288 3418 43
internal_value=2.71505e-06 0.000164571 -0.000152064 8.64769e-05 -3.85487e-06 0.000197678 -9.50491e-05 -0.000353822 0.000214194 0.000481285 0.000794448 0.000140598 -1.12814e-05 5.63757e-05 0.000305783 0.000208495 0.000145827 0.000212137 8.43943e-06 5.00976e-05 0.000430052 0.000127117 -0.000238932 0.000480787 5.86079e-05 0.000405622 -0.000132152 -3.81066e-05 0.000446554 -0.000696714
internal_weight=50195 24546 25649 15820 9253 2872 6381 2235 6567 1605 831 774 8631 6644 8726 5174 4481 3864 5977 5413 1917 4962 1987 667 3992 970 1593 1371 3552 222
internal_count=50195 24546 25649 15820 9253 2872 6381 2235 6567 1605 831 774 8631 6644 8726 5174 4481 3864 5977 5413 1917 4962 1987 667 3992 970 1593 1371 3552 222
is_linear=0
shrinkage=0.03


Tree=93
num_leaves=31
num_cat=0
split_feature=18 22 23 6 57 40 69 23 71 63 69 70 18 6 11 52 50 23 73 51 11 0 10 70 7 10 53 47 4 18
split_gain=1.28157 0.387343 0.198529 0.173776 0.167962 0.181788 0.1741 0.154302 0.145218 0.207669 0.139633 0.270405 0.190489 0.183843 0.136704 0.136547 0.134183 0.132782 0.178274 0.159118 0.109729 0.109196 0.17181 0.125389 0.259922 0.164706 0.1057 0.177181 0.159201 0.150747
threshold=0.23177083333333334 0.11821577380952379 0.0021259336916244604 -5.7575370489372668 38.150000000000013 3.3446428571428579 -0.34156760613242332 0.055894538339183883 -0.57749256393351611 26.934999999999995 -0.80392051724781066 0.47493347945961001 0.29527361111111111 -21.989577913041497 0.3636875 79.250000000000014 78.214285714285737 0.06503332178622924 0.043205258593216118 0.69006555934306912 0.19596041666666666 15.000000000000002 0.21122083333333333 -0.19244445339415753 -1499.999999999998 0.059770833333333308 1.0377490433255463 0.1069044967649694 59.500000000000007 0.28027083333333341
decision_type=2 2 2 2 2 2 2 2 2 2 2 2 2 2 2 2 2 2 2 2 2 2 2 2 2 2 2 2 2 2
left_child=1 21 -3 17 7 6 -6 10 9 20 11 -2 13 -12 -8 -14 -11 18 -4 -19 -7 22 23 24 -1 -25 27 -9 -28 -29
right_child=4 2 3 -5 5 8 14 26 -10 16 12 -13 15 -15 -16 -17 -18 19 -20 -21 -22 -23 -24 25 -26 -27 28 29 -30 -31
leaf_value=-0.00015557482579696766 -0.00029970325152943423 0.00054220749373071685 -0.00014831285061186548 0.001513761868107725 0.00028338464759283051 -0.00057687583005354632 -0.00022850248139340027 0.00028807847150148915 0.00040078529821037899 0.00025860897232778368 -0.00037306916968007448 -0.0024118655606130647 0.00063541592507616949 0.0017217813264578578 0.00033269882273027326 -0.00073300109602510925 -0.0011011748986409142 -1.6230882984691602e-05 7.8184442551547839e-05 0.00049588952799896173 0.00031414643197828215 -0.00024075721780492947 -0.0015257859784452352 0.0005106904596895404 0.0010687818830674785 -0.00021950013328867656 0.0007913799349848783 0.00022566348426467315 -0.00014621021194110176 -0.0012627327179955319
leaf_weight=354 348 582 8439 65 2334 133 1607 614 7207 94 874 65 451 38 512 74 190 1380 4949 891 1449 14047 67 325 273 1834 523 98 229 149
leaf_count=354 348 582 8439 65 2334 133 1607 614 7207 94 874 65 451 38 512 74 190 1380 4949 891 1449 14047 67 325 273 1834 523 98 229 149
internal_value=2.65313e-06 -0.000105713 -1.21504e-06 -2.1553e-05 0.000214631 0.000262383 0.000104388 2.72289e-05 0.000339576 0.000101475 -0.000158743 -0.000644395 -1.67268e-05 -0.000280708 -9.1395e-05 0.000435804 -0.000641251 -2.82138e-05 -6.43623e-05 0.000183503 0.000237025 -0.000206354 -3.58914e-05 0 0.000373594 -0.000108008 0.000242351 1.17158e-05 0.000502065 -0.000661569
internal_weight=50195 33206 16306 15724 16989 13526 4453 3463 9073 1866 1850 413 1437 912 2119 525 284 15659 13388 2271 1582 16900 2853 2786 627 2159 1613 861 752 247
internal_count=50195 33206 16306 15724 16989 13526 4453 3463 9073 1866 1850 413 1437 912 2119 525 284 15659 13388 2271 1582 16900 2853 2786 627 2159 1613 861 752 247
is_linear=0
shrinkage=0.03


Tree=94
num_leaves=31
num_cat=0
split_feature=12 6 20 46 70 53 64 73 69 52 70 20 66 70 40 7 12 6 68 6 69 64 45 39 70 64 19 70 19 0
split_gain=1.24821 0.279182 0.252288 0.220468 0.573396 0.306665 0.248911 0.248384 0.22966 0.206153 0.203668 0.18636 0.160503 0.156362 0.142119 0.139822 0.138096 0.129797 0.115627 0.0987312 0.0977425 0.0953794 0.0925854 0.0864386 0.110528 0.0824084 0.0795648 0.0791397 0.0900753 0.0803842
threshold=0.18089583333333334 -10.510275161680742 0.12451488095238095 23.553571428571434 -0.52705818521824699 1.0894095588038331 111.50000000000001 -0.19770553858125514 -0.3171883513140959 35.321428571428577 0.74407637760383738 0.076736607142857113 0.20528958333333333 0.34157076916785584 3.3446428571428579 -18.817043710259536 0.26220000000000004 -31.574116894506417 -3.8826221264575635 -176.73126044214402 -0.89391031859722869 22.500000000000004 1.0000000180025095e-35 0.018898223650566703 -0.94695267581281539 18.500000000000004 0.00048112522432466979 0.78827585631460517 0.0068319781854105999 57.500000000000007
decision_type=2 2 2 2 2 2 2 2 2 2 2 2 2 2 2 2 2 2 2 2 2 2 2 2 2 2 2 2 2 2
left_child=2 3 -1 4 8 9 10 13 -2 11 -6 -5 -9 -7 -3 17 -10 19 25 20 -4 -19 -11 -20 -25 -17 -21 29 -29 -16
right_child=1 14 15 5 6 7 -8 12 16 22 -12 -13 -14 -15 27 18 -18 21 23 26 -22 -23 -24 24 -26 -27 -28 28 -30 -31
leaf_value=-0.00021072463853650047 0.00025159267041380387 0.00016775016405429092 0.0005270037830503745 0.00091379122840660825 0.00054459086389939382 -0.0002005721192539204 0.0034252624931931496 -2.3685183627880379e-05 -0.00077965522603630065 0.00045038414023872229 0.00011592198488429667 -0.00033725088749029673 0.0011186987928782416 -0.00079203096877810103 0.00056662886046769992 -0.0012287081971866782 -0.00016661294132574449 0.00028256639483617818 -0.00069309059103229488 0.00067855628616617688 1.3881652317967996e-05 0.0012617658756038342 8.5695063499350796e-05 0.00052625378047139581 -0.00017717315232151161 1.4755584361409974e-06 -0.00048515113317475656 0.00030451537854955774 -0.00088177279991251 0.00014192309898982777
leaf_weight=17018 811 2789 358 122 3102 1199 24 5409 503 2172 1500 795 112 621 2674 163 1016 580 228 56 5058 109 912 237 1262 63 517 211 78 496
leaf_count=17018 811 2789 358 122 3102 1199 24 5409 503 2172 1500 795 112 621 2674 163 1016 580 228 56 5058 109 912 237 1262 63 517 211 78 496
internal_value=2.57355e-06 0.000155555 -0.000143712 9.61917e-05 0.000229179 1.43538e-05 0.000422627 -0.000100525 -0.000153624 0.000225854 0.000405576 -0.000166727 0 -0.000404355 0.000328883 -1.12253e-05 -0.000371968 5.37141e-05 -0.000234725 8.31236e-06 4.84441e-05 0.000443428 0.000343574 -0.000148865 -6.36809e-05 -0.000874069 -0.00036521 0.000457851 -7.251e-06 0.000501188
internal_weight=50195 24546 25649 18298 6956 11342 4626 7341 2330 4001 4602 917 5521 1820 6248 8631 1519 6678 1953 5989 5416 689 3084 1727 1499 226 573 3459 289 3170
internal_count=50195 24546 25649 18298 6956 11342 4626 7341 2330 4001 4602 917 5521 1820 6248 8631 1519 6678 1953 5989 5416 689 3084 1727 1499 226 573 3459 289 3170
is_linear=0
shrinkage=0.03


Tree=95
num_leaves=31
num_cat=0
split_feature=12 20 8 72 65 42 69 69 72 64 65 12 12 47 0 19 47 69 65 10 41 15 65 29 11 11 67 20 11 29
split_gain=1.15597 0.330802 0.190492 0.186547 0.169546 0.136902 0.227653 0.242835 0.153003 0.132978 0.124642 0.113979 0.135479 0.113336 0.107869 0.150775 0.0953615 0.0932324 0.0968381 0.0916735 0.0880167 0.0985923 0.0861411 0.080471 0.0768283 0.0751984 0.0722504 0.0716052 0.0712501 0.068088
threshold=0.24335416666666668 0.12798273809523805 0.38456250000000008 0.1223096104867727 0.044620833333333394 25.866666666666671 0.89773508019357628 -0.34156760613242332 -10.534002475243609 1957.5000000000002 -0.0051583333333333472 0.19025 0.20389583333333333 0.1069044967649694 47.500000000000007 0.0001443375672974061 0.40164496924358351 -0.86958133671945925 -0.0047083333333332996 0.035566666666666656 0.72703938234760679 -5.6974309629480109 0.009475000000000058 27.003744278808824 0.18502083333333333 0.22185416666666666 -39.841932997256372 0.21278571428571427 0.13639583333333333 45.032182907467607
decision_type=2 2 2 2 2 2 2 2 2 2 2 2 2 2 2 2 2 2 2 2 2 2 2 2 2 2 2 2 2 2
left_child=1 11 4 10 5 6 7 -2 26 17 29 19 -13 -10 15 -12 -16 18 -5 -1 -4 -22 24 -8 -21 28 -7 -19 -6 -3
right_child=2 3 20 9 25 8 23 -9 13 -11 14 12 -14 -15 16 -17 -18 27 -20 22 21 -23 -24 -25 -26 -27 -28 -29 -30 -31
leaf_value=-0.00045629367695856589 0.00031354915402586573 -0.00020876382504448387 0.00060693391853278297 -0.00016765229565364145 0.00085526343201109691 0.00017250321017902182 0.00053473153537737491 9.2333205293774976e-06 0.00025793446571422784 -0.00065333710226960569 0.00042820116756624768 0.00049839916227357322 -0.00058279537875205272 -0.00012838742439495789 -0.0002818961201190439 -2.9217314221638981e-06 0.00011308190206058341 3.1370693651121011e-05 0.00063878690884505728 -0.00020381771441148127 -0.00062956405455684829 0.00046784487583045116 9.956683351329582e-05 0.0013339563315881075 0.00051972320764515924 0.00091668455824950876 -0.0016673550836818474 0.00030223521633149529 -0.00048775992819573727 -0.00083989238970191089
leaf_weight=1181 4784 2377 1446 161 62 22 732 4698 1089 175 842 426 135 1827 1962 5352 751 2668 656 15330 118 191 917 143 130 391 72 1331 79 168
leaf_count=1181 4784 2377 1446 161 62 22 732 4698 1089 175 842 426 135 1827 1962 5352 751 2668 656 15330 118 191 917 143 130 391 72 1331 79 168
internal_value=-5.32488e-07 -9.74614e-05 0.000213275 0 0.000175732 0.000154509 0.000206292 0.000163105 -2.26812e-05 0.000153013 -6.674e-05 -0.000185873 0.000232307 1.48976e-05 -1.347e-05 5.52597e-05 -0.000171453 0.000183066 0.00047619 -0.000199418 0.000508623 3.84132e-05 -0.000180684 0.000670146 -0.000197506 0.000702066 -0.00120789 0.000122326 8.35268e-05 -0.000251918
internal_weight=50216 34562 15654 16443 13899 13367 10357 9482 3010 4991 11452 18119 561 2916 8907 6194 2713 4816 817 17558 1755 309 16377 875 15460 532 94 3999 141 2545
internal_count=50216 34562 15654 16443 13899 13367 10357 9482 3010 4991 11452 18119 561 2916 8907 6194 2713 4816 817 17558 1755 309 16377 875 15460 532 94 3999 141 2545
is_linear=0
shrinkage=0.03


Tree=96
num_leaves=31
num_cat=0
split_feature=12 22 72 21 10 65 41 9 47 56 2 69 21 44 53 1 44 12 64 69 45 29 0 33 10 21 73 69 37 72
split_gain=1.0879 0.327228 0.216586 0.197025 0.179585 0.204774 0.160435 0.140685 0.136236 0.147535 0.144814 0.135325 0.11911 0.261896 0.110784 0.10695 0.104242 0.120286 0.102735 0.0971813 0.0964916 0.104211 0.0986371 0.0927768 0.0915287 0.0824068 0.0811301 0.0779628 0.124068 0.0755243
threshold=0.24335416666666668 0.11052678571428569 0.1223096104867727 0.00521064234023894 0.3371041666666667 0.044620833333333394 0.42094379828363954 0.089727083333333305 6.7348721585318313e-07 3.9000000000000026 5.6750000000000007 -0.9852109833579612 0.016871633996882799 23.335714285714285 2.7932414507517591 6.1500000000000012 26.200000000000006 0.09891458333333332 90.500000000000014 -0.30081702196488969 0.10690449676497438 31.157946099921208 92.500000000000014 1.0000000180025095e-35 0.03744583333333331 0.033143196395719506 -7.7589185126895464 -0.48250327361223916 1.0000000180025095e-35 -0.16282017980593985
decision_type=2 2 2 2 2 2 2 2 2 2 2 2 2 2 2 2 2 2 2 2 2 2 2 2 2 2 2 2 2 2
left_child=1 24 7 19 5 8 16 27 10 -10 -5 18 13 29 -15 -13 17 -4 -9 20 21 -2 -22 -8 -1 -18 -14 28 -3 -6
right_child=3 2 6 4 12 -7 23 11 9 -11 -12 15 26 14 -16 -17 25 -19 -20 -21 22 -23 -24 -25 -26 -27 -28 -29 -30 -31
leaf_value=-0.0004317056916704542 0.001075370509713295 -0.0012303156079437869 0.001743944045112923 0.0006985767866671777 6.9361936090547432e-05 0.00065619280316073128 -0.00051584530829210194 0.00019835824535024941 -0.00030995318247277205 5.4631762875399434e-05 -7.1919810178449733e-05 -0.00017067885266638849 -0.00081473119631409645 -0.00013645695678751846 -0.0013370806752185372 6.2528855765062947e-05 -0.00035851432052321245 0.00010963214584324141 0.0020626285109402879 0.00025119494720820309 0.0004818024105704762 -0.00094493066782698682 -0.001069466044393217 0.00029290751351239311 -0.000174166436638123 0.00017320131364367835 0.00061968737193349925 0.0005127052295511368 0.00067101069559392164 0.00052840471398176564
leaf_weight=1384 412 64 42 536 456 512 129 819 1198 5976 360 9622 34 641 78 2147 1027 866 27 1798 1191 22 36 3501 14012 343 1151 523 56 1253
leaf_count=1384 412 64 42 536 456 512 129 819 1198 5976 360 9622 34 641 78 2147 1027 866 27 1798 1191 22 36 3501 14012 343 1151 523 56 1253
internal_value=-5.04692e-07 -9.45382e-05 -1.16355e-05 0.00020691 0.000149815 7.46475e-05 0.00013924 -7.91001e-05 3.7303e-05 -5.86757e-06 0.000385923 -0.000101357 0.000327462 0.000205057 -0.000272548 -0.000127879 -5.70122e-05 0.000190364 0.000263763 0.000407235 0.000574087 0.000964126 0.000433012 0.000263206 -0.000197539 -0.000223174 0.000575349 0.000352383 -0.000320024 0.000407788
internal_weight=50216 34562 19166 15654 12195 8582 5908 13258 8070 7174 896 12615 3613 2428 719 11769 2278 908 846 3459 1661 434 1227 3630 15396 1370 1185 643 120 1709
internal_count=50216 34562 19166 15654 12195 8582 5908 13258 8070 7174 896 12615 3613 2428 719 11769 2278 908 846 3459 1661 434 1227 3630 15396 1370 1185 643 120 1709
is_linear=0
shrinkage=0.03


Tree=97
num_leaves=31
num_cat=0
split_feature=11 66 21 11 10 44 32 52 23 73 46 70 70 45 19 17 68 5 60 51 69 10 19 7 64 69 46 11 72 9
split_gain=1.01395 0.276756 0.288561 0.276672 0.202567 0.191366 0.165641 0.202555 0.149732 0.149078 0.137502 0.216552 0.133219 0.160212 0.131126 0.127411 0.106496 0.104965 0.0942646 0.0924995 0.091963 0.0902864 0.0895417 0.0788522 0.0781891 0.0707924 0.0658095 0.0620226 0.0610162 0.0602215
threshold=0.19897708333333333 0.071910416666666699 0.0074707293511166468 0.3340833333333334 0.052714583333333308 26.892857142857149 0.45714285714285546 74.392857142857153 0.083670862833367096 -1.0000000180025095e-35 22.403571428571432 -0.94695267581281539 -0.41327860778290426 0.14638501094248216 0.02552369315042469 -1499.999999999997 -1.4485909087947559 -5.6979131572163757 82.885000000000019 0.69006555934306912 0.081675638985454754 0.25612083333333335 0.0028867513459480691 -1500.0000000000005 534.50000000000011 0.78829775591774609 23.717857142857145 0.028979166666666657 -6.1607631126916251 0.12818749999999998
decision_type=2 2 2 2 2 2 2 2 2 2 2 2 2 2 2 2 2 2 2 2 2 2 2 2 2 2 2 2 2 2
left_child=4 2 5 6 27 12 8 -8 -4 10 11 -6 13 -2 17 29 24 -5 -18 -16 26 -7 -14 -22 -17 -13 -12 -1 -3 -11
right_child=1 28 3 14 9 21 7 -9 -10 15 20 25 22 -15 19 16 18 -19 -20 -21 23 -23 -24 -25 -26 -27 -28 -29 -30 -31
leaf_value=-0.00056432946481474553 0.00050773594964598743 -0.00072766243639801225 -0.00045297748157094271 8.1339968557096886e-05 -0.00068025780608561479 0 0.00037045780781967691 -4.2019737574324091e-05 6.1844630144911484e-05 -9.3745147919436294e-05 -0.00084336659940085015 0.00026587232405950357 0.00057019974463074527 5.6771865703604447e-05 0.00031848305017513552 -0.00016788522668363391 0.00018694358347222769 0.00054712933633117909 -6.0984192821668318e-05 0.0010419842506876416 -0.00031901570141987625 -0.0011120847005961982 0.00026647391381524877 1.172946398716387e-05 0.00058109209999251596 0.0011296804189393878 -0.00027026279149186983 -0.00021742635903042188 0.00064715068980263687 -0.00044313948664887127
leaf_weight=504 967 27 1406 2052 220 143 1292 6219 781 1549 194 770 1993 2725 364 2089 4871 560 1903 308 901 121 1652 2254 131 99 4040 8335 1105 641
leaf_count=504 967 27 1406 2052 220 143 1292 6219 781 1549 194 770 1993 2725 364 2089 4871 560 1903 308 901 121 1652 2254 131 99 4040 8335 1105 641
internal_value=-4.77186e-07 0.000153899 0.00012858 4.23486e-05 -0.000118203 0.000275438 -3.79769e-05 2.85728e-05 -0.000267814 -6.43632e-05 -0.000159249 0.000153779 0.000304267 0.000175805 0.000280411 7.30431e-06 5.75319e-05 0.000182522 0.000116852 0.000655601 -0.000205804 -0.000512572 0.000433478 -8.18448e-05 -0.000122096 0.000368914 -0.000297423 -0.000237608 0.000611098 -0.000197536
internal_weight=50216 21715 20583 12982 28501 7601 9698 7511 2187 19662 8478 1089 7337 3692 3284 11184 8994 2612 6774 672 7389 264 3645 3155 2220 869 4234 8839 1132 2190
internal_count=50216 21715 20583 12982 28501 7601 9698 7511 2187 19662 8478 1089 7337 3692 3284 11184 8994 2612 6774 672 7389 264 3645 3155 2220 869 4234 8839 1132 2190
is_linear=0
shrinkage=0.03


Tree=98
num_leaves=31
num_cat=0
split_feature=12 22 72 21 10 65 41 66 23 69 65 21 42 66 29 50 69 3 41 69 45 29 0 33 0 10 66 23 73 0
split_gain=0.970423 0.289342 0.1967 0.178928 0.161446 0.187595 0.148937 0.127206 0.142951 0.171222 0.119202 0.111408 0.245489 0.103246 0.0993747 0.0912868 0.0908716 0.18083 0.114634 0.0893998 0.0894875 0.0954818 0.0923952 0.0865301 0.0825938 0.0824403 0.0990132 0.0790926 0.0749155 0.0742943
threshold=0.24335416666666668 0.11052678571428569 0.1223096104867727 0.00521064234023894 0.3371041666666667 0.044620833333333394 0.42094379828363954 -0.0082083333333333851 0.05399966404244691 -0.14153898451656977 -0.059120833333333352 0.016871633996882799 23.31666666666667 0.13334791666666676 15.627909240871103 72.928571428571445 0.87379901192678255 28.550000000000004 0.20542103640523868 -0.30081702196488969 0.10690449676497438 31.157946099921208 92.500000000000014 1.0000000180025095e-35 72.500000000000014 0.03744583333333331 0.10301041666666672 0.083670862833367096 -7.7589185126895464 92.500000000000014
decision_type=2 2 2 2 2 2 2 2 2 2 2 2 2 2 2 2 2 2 2 2 2 2 2 2 2 2 2 2 2 2
left_child=1 25 7 19 5 16 13 8 -3 -10 -9 12 -6 14 -4 -14 18 -18 -5 20 21 -2 -22 -8 -12 -1 -27 -28 -13 -15
right_child=3 2 6 4 11 -7 23 10 9 -11 24 28 15 29 -16 -17 17 -19 -20 -21 22 -23 -24 -25 -26 26 27 -29 -30 -31
leaf_value=-0.00040842672528935232 0.0010287767946428733 -0.00028595608442528683 6.4088083467882834e-05 0.00021948051079766817 0.00038755557263927398 0.00062633284780725144 -0.00050022333659995076 -0.00069895727515750089 -0.00037727923112932093 0.00047307973741966033 4.4146643269388325e-05 -0.00078533130133790635 -0.0017538909005622068 0.0018725136654850628 -0.00034748430080235883 -0.00018827328874159208 0.0006071093340020285 -0.00014575171176844741 -7.3027763354759873e-05 0.00023659922561645449 0.00045773384967224222 -0.00090226904744201389 -0.0010433096884611389 0.00028062481150554472 -0.00024798048488242639 -0.00017708311971433878 0.00047083786237638953 -0.0010094299659132956 0.00059185763042152455 0
leaf_weight=1384 412 3692 1347 1554 1708 512 129 218 348 539 7477 34 35 41 858 685 658 499 5359 1798 1191 22 36 3501 984 13649 329 34 1151 32
leaf_count=1384 412 3692 1347 1554 1708 512 129 218 348 539 7477 34 35 41 858 685 658 499 5359 1798 1191 22 36 3501 984 13649 329 34 1151 32
internal_value=-4.57199e-07 -8.92718e-05 -1.13055e-05 0.000195435 0.000141009 6.9717e-05 0.000132468 -7.5605e-05 -0.000203547 0.000136028 -7.74238e-06 0.000309455 0.00019104 -5.65882e-05 -9.47862e-05 -0.000270868 3.39577e-05 0.000279973 -6.81756e-06 0.000386356 0.000546419 0.000922144 0.000410437 0.000251919 9.79294e-06 -0.000186128 -0.000163929 0.000321556 0.000549185 0.00104235
internal_weight=50216 34562 19166 15654 12195 8582 5908 13258 4579 887 8679 3613 2428 2278 2205 720 8070 1157 6913 3459 1661 434 1227 3630 8461 15396 14012 363 1185 73
internal_count=50216 34562 19166 15654 12195 8582 5908 13258 4579 887 8679 3613 2428 2278 2205 720 8070 1157 6913 3459 1661 434 1227 3630 8461 15396 14012 363 1185 73
is_linear=0
shrinkage=0.03


Tree=99
num_leaves=31
num_cat=0
split_feature=12 22 72 21 10 65 41 9 66 47 2 34 20 69 21 3 6 53 69 37 45 0 7 33 18 22 20 10 66 70
split_gain=0.91311 0.272245 0.185093 0.168325 0.151787 0.176523 0.140061 0.129102 0.149933 0.1246 0.135448 0.13388 0.117631 0.112921 0.104772 0.225193 0.103238 0.102222 0.0862267 0.104066 0.0850424 0.192908 0.104117 0.0814899 0.0798613 0.0795349 0.130949 0.0775368 0.0930824 0.0757071
threshold=0.24335416666666668 0.11052678571428569 0.1223096104867727 0.00521064234023894 0.3371041666666667 0.044620833333333394 0.42094379828363954 0.093270833333333317 -0.026583333333333358 6.7348721585318313e-07 5.6750000000000007 0.27857142857142886 0.31696428571428575 -0.9852109833579612 0.016871633996882799 23.350000000000005 -13.213876123399773 2.7932414507517591 -0.48250327361223916 1.0000000180025095e-35 0.10690449676460208 92.500000000000014 -333.06139105208746 1.0000000180025095e-35 0.2565048611111112 0.27405803571428577 0.36970446428571435 0.03744583333333331 0.10301041666666672 -0.39754281428255622
decision_type=2 2 2 2 2 2 2 2 2 2 2 2 2 2 2 2 2 2 2 2 2 2 2 2 2 2 2 2 2 2
left_child=1 27 7 20 5 9 16 18 12 10 -5 -11 -9 -10 15 -6 24 -17 19 -3 22 29 -2 -8 -4 -24 -27 -1 -29 -22
right_child=3 2 6 4 14 -7 23 8 13 11 -12 -13 -14 -15 -16 17 -18 -19 -20 -21 21 -23 25 -25 -26 26 -28 28 -30 -31
leaf_value=-0.0003961827733369906 -0.00010260591510406034 -0.0012006581499816418 -0.00019050675573697577 0.00066880191160388213 0.00037308728611823563 0.00060757948810572339 -0.00048533207784505337 -0.00034783478656325961 0.00031328965756311758 -0.00029772090945499424 -7.624481358974173e-05 4.9325388580648344e-05 0.00099747711521084009 -7.3632301590270799e-05 0.00053262865660929249 -0.0001232723079667846 0.00044812771730883786 -0.0012522735814788344 0.00048473690596641559 0.00044705036933801769 0.00016406109594908129 -0.0010581471871349264 0.0013967315164802488 0.00027220847148131885 0.00055122943762890824 0.00033378425835588476 0.0015305975679171468 -0.00017177101743090923 0.00031161784624628825 0.00049445414523901891
leaf_weight=1384 130 66 1827 536 1710 512 129 2277 728 1200 360 5974 58 9494 1185 636 313 82 568 67 1214 90 162 3501 138 386 108 13649 363 1369
leaf_count=1384 130 66 1827 536 1710 512 129 2277 728 1200 360 5974 58 9494 1185 636 313 82 568 67 1214 90 162 3501 138 386 108 13649 363 1369
internal_value=-4.47125e-07 -8.66009e-05 -1.09683e-05 0.000189571 0.000136771 6.76298e-05 0.000128493 -7.33461e-05 -9.56575e-05 3.29301e-05 0.000366357 -8.34057e-06 -0.000312721 -4.57547e-05 0.000300107 0.000185216 -5.48106e-05 -0.000257946 0.000321611 -0.00035108 0.000374763 0.000291864 0.000652142 0.000244335 -0.000136636 0.000806205 0.00060406 -0.000180552 -0.000159013 0.000340455
internal_weight=50216 34562 19166 15654 12195 8582 5908 13258 12557 8070 896 7174 2335 10222 3613 2428 2278 718 701 133 3459 2673 786 3630 1965 656 494 15396 14012 2583
internal_count=50216 34562 19166 15654 12195 8582 5908 13258 12557 8070 896 7174 2335 10222 3613 2428 2278 718 701 133 3459 2673 786 3630 1965 656 494 15396 14012 2583
is_linear=0
shrinkage=0.03


Tree=100
num_leaves=31
num_cat=0
split_feature=18 22 23 12 23 10 6 63 69 69 69 73 46 20 63 66 20 53 66 38 23 69 44 10 0 47 20 33 42 10
split_gain=0.82551 0.222982 0.189052 0.166324 0.198342 0.158196 0.142439 0.1396 0.256394 0.179906 0.165308 0.19285 0.16785 0.141188 0.194784 0.17423 0.137156 0.134623 0.109285 0.0898511 0.179175 0.0868593 0.105475 0.134986 0.0851539 0.151917 0.134613 0.140521 0.0822943 0.0721543
threshold=0.23027777777777778 0.11821577380952379 0.0021259336916244604 0.29402083333333334 0.10119086405167864 0.40760208333333331 -5.7575370489372668 -170.47499999999997 -0.7721494341254892 0.92591620288614507 -0.30081702196488969 -0.09843688481914635 20.296428571428578 0.31319851190476194 -174.53499999999997 -0.00017138157894740211 0.10530059523809522 6.0705557844753146 -0.025625000000000061 4.8207142857142866 0.072067347486752531 -0.86095304316285726 17.164285714285722 0.22270624999999997 15.000000000000002 2.1659862536879968e-08 0.042711309523809506 0.27516228977584561 26.000000000000011 0.041622916666666655
decision_type=2 2 2 2 2 2 2 2 2 2 2 2 2 2 2 2 2 2 2 2 2 2 2 2 2 2 2 2 2 2
left_child=1 24 21 6 18 7 16 8 -2 10 11 -9 -12 14 -10 -15 -4 -6 -5 20 -11 22 -3 -24 25 -1 -27 -28 -7 -26
right_child=5 2 3 4 17 28 -8 9 13 19 12 -13 -14 15 -16 -17 -18 -19 -20 -21 -22 -23 23 -25 29 26 27 -29 -30 -31
leaf_value=0.0018667457257152387 -0.0022962856281665152 -0.00014987757459010293 0.00049296569015246366 0.00029808489090497187 -9.0265825272117751e-05 0.00074940493202987066 0.0014260717569770098 0 -0.00014262266069631069 0.00046764565001321121 -0.00013435628887928258 0.00033972367159972028 0.0001692386051122344 0.0013907422655715775 -0.0019465342768074556 0 -7.7248979324529081e-05 -0.0025361423540691081 0.0010744610020687407 0.0010582402505553885 -0.0018328767091997206 0.0002820535867904431 0.0020503234351336055 -0.00034537935314700007 -0.00036203909739738381 0.001920802678792707 -0.00021472921700559173 0.0002368435974621761 -0.0011188688975359712 -0.0001676159121926159
leaf_weight=37 47 40 388 408 305 522 57 2092 867 980 2897 5295 3759 116 57 252 14048 21 290 235 30 411 98 24 2053 30 1876 921 20 11830
leaf_count=37 47 40 388 408 305 522 57 2092 867 980 2897 5295 3759 116 57 252 14048 21 290 235 30 411 98 24 2053 30 1876 921 20 11830
internal_value=-1.03226e-06 -8.92291e-05 -9.27339e-06 -2.92323e-05 0.000339676 0.000167471 -5.55261e-05 0.000150772 -0.000141632 0.000176586 0.000145624 0.000243391 3.6649e-05 -5.92147e-05 -0.00025913 0.000433959 -6.16823e-05 -0.000264271 0.000626016 0.000523022 0.000394601 0.000525102 0.00111781 0.00155567 -0.000165864 -1.57751e-05 -4.21259e-05 -6.4931e-05 0.000673007 -0.000196607
internal_weight=50006 32837 16090 15517 1024 17169 14493 16627 1339 15288 14043 7387 6656 1292 924 368 14436 326 698 1245 1010 573 162 122 16747 2864 2827 2797 542 13883
internal_count=50006 32837 16090 15517 1024 17169 14493 16627 1339 15288 14043 7387 6656 1292 924 368 14436 326 698 1245 1010 573 162 122 16747 2864 2827 2797 542 13883
is_linear=0
shrinkage=0.03


Tree=101
num_leaves=31
num_cat=0
split_feature=22 12 5 10 66 20 21 0 46 24 11 33 45 69 64 57 5 41 64 46 23 21 66 0 34 69 47 0 7 9
split_gain=0.779106 0.230799 0.165564 0.183903 0.159349 0.152318 0.244781 0.305014 0.234513 0.2365 0.181025 0.149583 0.145992 0.145192 0.147336 0.126136 0.251118 0.131808 0.118854 0.113461 0.109863 0.109091 0.101516 0.122588 0.0955114 0.0954562 0.0943574 0.181079 0.0883318 0.0816799
threshold=0.2375104166666667 0.052714583333333308 -306.80978437804231 0.40760208333333331 0.018416666666666654 0.31696428571428575 0.040378930181482822 35.000000000000007 25.096428571428579 -420.37430562145033 0.26504375000000008 0.048795003648914419 0.42761798705988241 -0.82391537601316178 165.50000000000003 102.45000000000003 -11.194049507348614 0.28122475433425115 149.50000000000003 19.960714285714293 0.0021259336916244604 0.0013296700654329605 -0.00017138157894740211 57.500000000000007 0.38571428571428595 -0.34156760613242332 0.026726124191250446 22.500000000000004 -343.48874122347598 0.1252291666666667
decision_type=2 2 2 2 2 2 2 2 2 2 2 2 2 2 2 2 2 2 2 2 2 2 2 2 2 2 2 2 2 2
left_child=1 -1 5 15 11 6 7 18 -8 -10 -9 26 19 14 -7 24 17 -17 -2 -13 -14 -6 23 -15 -4 -18 27 -3 -16 -28
right_child=2 4 3 -5 21 13 8 10 9 -11 -12 12 20 22 28 16 25 -19 -20 -21 -22 -23 -24 -25 -26 -27 29 -29 -30 -31
leaf_value=-0.0002123973747201297 -0.00030055347786751808 0.0004838675191739494 -2.9826116388198784e-05 0.00076396723303708838 -0.0009390438714491512 0.0008924250662705655 -0.0025721866149888855 -0.00057366774517410833 0.00028550345041220227 -0.002303404336117885 -0.002295896837503455 0.00033302677393532641 0.00045767389194909007 0.00010721543060869656 -0.0025598218287341298 0.00026129731614011492 0.0003613233214750395 -0.00022487314457712534 0.0018856527768075465 -0.00013700646040826358 4.9235272937338778e-05 0.00010983321103867832 0.00017831557156850974 0.0015878727686808982 0.00037677979499771527 0.00011365722948336348 -0.00016583440134643345 -0.00026613643523503517 -0.00052200720954607136 -0.00041818122228588843
leaf_weight=8881 298 499 586 529 89 58 28 104 747 32 133 492 684 87 23 651 2833 2128 23 6741 4613 6316 319 136 3822 2864 3747 685 140 1718
leaf_count=8881 298 499 586 529 89 58 28 104 747 32 133 492 684 87 23 651 2833 2128 23 6741 4613 6316 319 136 3822 2864 3747 685 140 1718
internal_value=-9.98407e-07 -8.05746e-05 0.000175277 0.000214332 -3.46911e-05 -6.94671e-05 -0.000260281 -0.000743283 7.04837e-05 0.000172493 -0.00155834 -7.80435e-05 -1.67454e-05 0.000267865 -0.000371107 0.000191475 0.000123184 -0.000109852 -0.000129223 -0.000104578 0.00010262 9.4646e-05 0.000534134 0.00102667 0.000322051 0.000237385 -0.000193088 4.75647e-05 -0.0008417 -0.000245774
internal_weight=50006 34465 15541 13413 25584 2128 1365 558 807 779 237 19179 12530 763 221 12884 8476 2779 321 7233 5297 6405 542 223 4408 5697 6649 1184 163 5465
internal_count=50006 34465 15541 13413 25584 2128 1365 558 807 779 237 19179 12530 763 221 12884 8476 2779 321 7233 5297 6405 542 223 4408 5697 6649 1184 163 5465
is_linear=0
shrinkage=0.03


Tree=102
num_leaves=31
num_cat=0
split_feature=12 10 47 46 70 70 70 31 72 18 28 18 53 71 63 64 65 73 11 61 53 21 53 10 72 6 47 42 21 70
split_gain=0.733722 0.2161 0.202782 0.285459 0.56894 0.345759 0.270138 0.22376 0.14605 0.145156 0.132695 0.0989519 0.0820753 0.0803275 0.100179 0.0895269 0.0809173 0.0915248 0.0637282 0.100453 0.0852463 0.0618659 0.150944 0.0631735 0.0573629 0.101122 0.0730402 0.0720499 0.0585448 0.0663634
threshold=0.18089583333333334 0.40760208333333331 0.026726124191250446 23.303571428571434 -0.54160775828284857 0.098816478347602127 0.74407637760383738 1.0000000180025095e-35 2.9559495096859583 0.12602569444444447 -9.9875015643242886 0.35189722222222219 1.0894095588038331 0.48224841086727116 -102.75499999999998 82.500000000000014 -0.0052500000000000593 8.7327444275782273 0.19439166666666666 -41.175000000000004 1.8752289237539841 0.0049459122253118822 1.0000000180025095e-35 0.061479166666666661 0.70976439370259758 -35.09322419871166 0.52061882029366047 21.866666666666671 0.0019921185411919803 0.36570897681179731
decision_type=2 2 2 2 2 2 2 2 2 2 2 2 2 2 2 2 2 2 2 2 2 2 2 2 2 2 2 2 2 2
left_child=9 2 8 4 11 10 -6 -7 18 24 -5 -4 -10 16 -15 -16 17 -11 19 -2 -20 22 -18 -23 -1 26 -26 -28 -27 -30
right_child=1 -3 3 5 6 7 -8 -9 12 13 -12 -13 -14 14 15 -17 21 -19 20 -21 -22 23 -24 -25 25 28 27 -29 29 -31
leaf_value=-0.00018765143819100271 0.00019078409659162006 0.00070708687790593697 -0.00022932566159233637 -1.7835613322896741e-06 0.00048293954967277533 -0.00012256563022278156 6.2230180637403871e-05 -0.00064296730809185296 -0.00025938902979301615 -0.00019311582472717251 0.00026164295429437516 0.0002020519114573198 -0.0024052948508938047 -0.00011115696888378378 0.00041874434418607469 -0.0011056753023926699 -0.0009239223232664945 -0.0012982602900010532 0.00033280721865465299 0.0010122704844352146 -0.00076526064699282859 -0.00062904716162425379 -1.615040450541399e-05 7.3396434838866534e-05 -0.00020920432221480244 0 -0.00028921922432041403 0.00026115072496238741 0.00058389584428590277 0.0026568542915582655
leaf_weight=14423 247 545 2461 5299 4422 2713 2018 1035 68 1496 2532 586 22 650 975 34 210 71 2217 323 63 117 787 3966 1532 44 288 793 45 24
leaf_count=14423 247 545 2461 5299 4422 2713 2018 1035 68 1496 2532 586 22 650 975 34 210 71 2217 323 63 117 787 3966 1532 44 288 793 45 24
internal_value=-9.68019e-07 0.00011598 0.000102407 6.96454e-05 0.000191683 -3.00923e-05 0.000351604 -0.000267207 0.000336029 -0.000113881 8.30297e-05 -0.00014534 -0.000837578 -1.05543e-05 0.000175682 0.000363362 -5.75071e-05 -0.000245899 0.000374423 0.000662505 0.000300828 5.15574e-08 -0.000211096 5.2384e-05 -0.000163748 -3.61566e-05 -7.53408e-05 0.000111617 0.000836332 0.00137544
internal_weight=50006 24551 24006 21066 9487 11579 6440 3748 2940 25455 7831 3047 90 8306 1659 1009 6647 1567 2850 570 2280 5080 997 4083 17149 2726 2613 1081 113 69
internal_count=50006 24551 24006 21066 9487 11579 6440 3748 2940 25455 7831 3047 90 8306 1659 1009 6647 1567 2850 570 2280 5080 997 4083 17149 2726 2613 1081 113 69
is_linear=0
shrinkage=0.03


Tree=103
num_leaves=31
num_cat=0
split_feature=22 12 6 72 5 65 52 39 69 8 23 63 63 46 10 52 21 0 70 12 41 41 47 28 11 8 5 12 21 50
split_gain=0.694072 0.206101 0.154482 0.157942 0.226557 0.169875 0.153498 0.171781 0.178782 0.163007 0.177448 0.32414 0.211446 0.193774 0.156241 0.146857 0.135666 0.167202 0.130827 0.127397 0.122322 0.112415 0.109322 0.102505 0.0991526 0.105995 0.0949334 0.0893445 0.0889117 0.0934234
threshold=0.2375104166666667 0.052714583333333308 -5.7575370489372668 0.39471753662069636 -29.537740070606066 -0.001583333333333353 62.607142857142868 1.0000000180025095e-35 0.89001933454452098 0.29485833333333339 0.045465695365349799 -127.65499999999999 -144.91499999999996 25.096428571428579 0.41405929487179488 81.750000000000014 0.022454398674678001 35.000000000000007 0.86527520261780289 0.35648750000000001 0.490023827626766 0.21974073127057048 6.9724412593888901e-08 -10.42585856318569 0.3340833333333334 0.37232291666666667 -424.21149604149622 0.28493750000000001 0.024677128547767439 47.071428571428577
decision_type=2 2 2 2 2 2 2 2 2 2 2 2 2 2 2 2 2 2 2 2 2 2 2 2 2 2 2 2 2 2
left_child=1 -1 3 5 20 -3 9 16 14 10 11 26 13 -12 15 -9 17 22 -6 -19 -5 -18 -8 -16 28 -26 -2 -7 29 -11
right_child=6 2 -4 4 18 27 7 8 -10 24 12 -13 -14 -15 23 -17 21 19 -20 -21 -22 -23 -24 -25 25 -27 -28 -29 -30 -31
leaf_value=-0.00020063133428006597 -0.0020478090797192774 -0.00023370285504282064 0.0013167833378232134 -0.00016775877812092208 0.00042846870907992519 -4.2550809903578472e-05 0.00018402108556448397 0.00020497800969236069 0.00049489746734867365 -0.0013261150601717483 -0.0026483902647492603 -2.0492356150649262e-05 -0.0014855175887446709 0.00027844874090440373 0.0016945100248937147 -3.2292351643117336e-05 0.00082332592848465892 -0.00021755633301239285 -0.0011950850262306631 0.00046459787069738921 0.00016537528535480442 0.00013091228919202155 0.0012191592765179182 0.00041473480370955018 0.00083577047895759028 -0.00088275819239871836 -0.00016697354992742044 0.00033342428331178118 0.00020037306140453651 2.6311029134376436e-05
leaf_weight=8881 155 4751 75 2281 1710 14383 177 4590 1199 81 20 216 78 560 82 4767 903 684 44 383 1750 290 210 210 281 34 33 590 493 95
leaf_count=8881 155 4751 75 2281 1710 14383 177 4590 1199 81 20 216 78 560 82 4767 903 684 44 383 1750 290 210 210 281 34 33 590 493 95
internal_value=-9.46226e-07 -7.60578e-05 -3.2691e-05 -3.68277e-05 0.000100774 -7.73411e-05 0.000165428 0.000202199 0.000148872 -7.56156e-05 -0.000334285 -0.000828598 -2.5436e-05 0.000167975 0.000105517 8.37876e-05 0.000419471 0.000221566 0.000385374 2.46999e-05 -2.23843e-05 0.000657774 0.00075515 0.000788919 0.000200568 0.000638578 -0.00173617 -2.75142e-05 -1.83774e-06 -0.000583139
internal_weight=50006 34465 25584 25509 5785 19724 15541 13495 10848 2046 1062 404 658 580 9649 9357 2647 1454 1754 1067 4031 1193 387 292 984 315 188 14973 669 176
internal_count=50006 34465 25584 25509 5785 19724 15541 13495 10848 2046 1062 404 658 580 9649 9357 2647 1454 1754 1067 4031 1193 387 292 984 315 188 14973 669 176
is_linear=0
shrinkage=0.03


Tree=104
num_leaves=31
num_cat=0
split_feature=22 22 23 52 20 21 57 63 46 39 69 6 20 65 69 46 40 0 69 21 0 47 66 21 53 47 8 39 72 16
split_gain=0.653128 0.19808 0.153941 0.144735 0.169435 0.182085 0.349474 0.214259 0.210293 0.164048 0.164199 0.143111 0.143669 0.140066 0.129988 0.269184 0.145175 0.128467 0.171075 0.113357 0.149294 0.102744 0.102047 0.0997346 0.0985327 0.0948474 0.0854683 0.0804256 0.0758621 0.0757895
threshold=0.2375104166666667 0.11821577380952379 0.0021259336916244604 63.035714285714292 0.31696428571428575 0.040378930181482822 28.850000000000001 -146.79499999999996 25.096428571428579 1.0000000180025095e-35 0.89001933454452098 -5.7575370489372668 0.10530059523809522 0.022166666666666699 -0.34156760613242332 22.403571428571432 3.4460714285714293 92.500000000000014 -0.833548052892222 0.022454398674678001 35.000000000000007 6.9724412593888901e-08 -0.068062499999999984 0.089436582508058068 2.9807071953842468 0.56242215578576016 0.097191666666666662 0.37951096351564101 -0.05724797217005783 -65.910270910893431
decision_type=2 2 2 2 2 2 2 2 2 2 2 2 2 2 2 2 2 2 2 2 2 2 2 2 2 2 2 2 2 2
left_child=1 -1 29 4 5 6 22 8 -7 19 14 12 26 -14 15 -11 -16 23 -19 20 21 -5 -2 -6 -22 -21 -4 -20 -27 -3
right_child=3 2 11 9 17 7 -8 -9 -10 10 -12 -13 13 -15 16 -17 -18 18 27 25 24 -23 -24 -25 -26 28 -28 -29 -30 -31
leaf_value=-0.00014772305108197236 -0.0023781346388161186 0.0002356112289339587 0.00040075969885927155 0.00017853147041489462 0.00087002383718892858 -0.002421198881186473 0.00032828513378455466 -0.0011942928620441568 0.00031749079606223027 0.00042917683546958623 0.00047730061895507686 0.0012777996233780868 -7.0957681058421971e-05 0.0002079340186457521 -0.00019620988809918296 -1.5309783135582864e-05 0.00013844348578699326 -0.0019832048978852598 0.00029906351173212284 0.00069438959148195153 0.00010838679637270632 0.0011827578511104534 -0.00096922345409867561 -0.0012181744014046021 -0.0012539810549095272 -0.0015975732445716855 0.0022149725948961878 -0.0012970989237449341 0.00045829904288984837 0.00098567334314230023
leaf_weight=16754 59 415 394 177 316 25 203 111 697 2500 1193 75 14806 1815 2083 2381 2647 37 297 1115 1009 210 322 20 49 29 25 30 31 181
leaf_count=16754 59 415 394 177 316 25 203 111 697 2500 1193 75 14806 1815 2083 2381 2647 37 297 1115 1009 210 322 20 49 29 25 30 31 181
internal_value=-9.11512e-07 -7.37757e-05 -3.65025e-06 0.000160479 -6.89875e-05 -0.000258731 -0.000664576 2.26578e-05 0.000215294 0.000196893 0.000144794 -2.03354e-05 -2.62997e-05 -4.03118e-05 0.000103163 0.000211779 -8.30756e-06 0.000310649 -7.24683e-05 0.00041045 0.000228985 0.000732836 -0.00120091 0.000733578 4.1333e-05 0.000630678 0.000521165 0.000139972 -0.000496092 0.000469693
internal_weight=50006 34465 17711 15541 2117 1417 584 833 722 13424 10804 17115 17040 16621 9611 4881 4730 700 364 2620 1445 387 381 336 1058 1175 419 327 60 596
internal_count=50006 34465 17711 15541 2117 1417 584 833 722 13424 10804 17115 17040 16621 9611 4881 4730 700 364 2620 1445 387 381 336 1058 1175 419 327 60 596
is_linear=0
shrinkage=0.03


Tree=105
num_leaves=31
num_cat=0
split_feature=18 11 66 70 34 3 69 2 0 19 69 39 35 7 61 24 72 42 73 0 70 63 10 46 21 63 53 69 7 10
split_gain=0.61324 0.236222 0.216036 0.155226 0.230029 0.301005 0.181109 0.140726 0.185179 0.15239 0.138355 0.142549 0.123511 0.126711 0.122316 0.122264 0.120742 0.118506 0.115868 0.114739 0.191296 0.198736 0.167997 0.147073 0.128278 0.114007 0.105329 0.0895756 0.0891663 0.096012
threshold=0.1379444444444444 0.3399166666666667 -0.030791666666666672 0.21771516573566849 4.1392857142857151 24.550000000000004 -0.71466676797886819 5.9450000000000012 27.500000000000004 0.12051946306721277 0.11593352601052392 1.0000000180025095e-35 3.9184404824549142 -1500.0000000000143 -44.929999999999993 -33.496531329331781 -0.22118606776428693 24.366666666666671 -0.71250371511052701 15.000000000000002 -0.19244445339415753 -56.589999999999989 0.059770833333333308 22.692857142857147 0.0026993385433170597 11.425000000000002 1.0163498575619954 -0.34156760613242332 -23.983361525901802 0.14584166666666668
decision_type=2 2 2 2 2 2 2 2 2 2 2 2 2 2 2 2 2 2 2 2 2 2 2 2 2 2 2 2 2 2
left_child=19 2 12 6 5 -5 25 8 9 27 11 -10 13 -2 18 -12 -6 -8 -9 20 21 24 -22 -24 -1 -4 -20 -3 29 -21
right_child=1 7 3 4 16 -7 17 14 10 -11 15 -13 -14 -15 -16 -17 -18 -19 26 28 22 -23 23 -25 -26 -27 -28 -29 -30 -31
leaf_value=0.001315207112650511 0.0012909843485421413 0.00057495759777900324 0.00048649416458516616 0.00037107654951611129 -0.00074993773598960487 -9.8484632923147663e-05 -5.1802147774293382e-05 -0.0012723391229286789 6.1953908096794953e-05 -0.0013199089954587374 -0.00032448448602729712 -0.00056452762701929629 9.8311558242469965e-05 -0.00032166823213437677 0.0017141847778365694 0.00080656440325859054 -0.00017739424421963807 0.00015833894696471622 0 -0.00015431518814614233 0.00045089288152673989 -0.00013257485595130522 0.0012064371781254355 -0.00021856794215974049 0.00039186400717188972 0.00016523303965028209 0.0017231702165967173 0.00025028446512632068 -0.00035163189950212863 0.00036840011015432128
leaf_weight=187 43 1359 1784 1847 476 3651 4227 29 942 46 117 494 1028 2404 109 290 1161 5583 70 12923 415 514 65 3145 552 2340 57 1874 2136 320
leaf_count=187 43 1359 1784 1847 476 3651 4227 29 942 46 117 494 1028 2404 109 290 1161 5583 70 12923 415 514 65 3145 552 2340 57 1874 2136 320
internal_value=-3.10465e-06 8.31039e-05 4.34684e-05 7.97142e-05 -3.374e-05 5.87532e-05 0.000138023 0.000263091 0.000227326 0.000362558 -1.17123e-05 -0.000151718 -0.000175387 -0.000291589 0.000939627 0.000474071 -0.000346064 6.74901e-05 0.000371851 -0.000130629 -3.225e-06 0.000315537 -0.000114291 -0.000188412 0.000631027 0.000305019 0.00077774 0.000387825 -0.000170842 -0.000141431
internal_weight=50188 29931 24544 21069 7135 5498 13934 5387 5122 3279 1843 1436 3475 2447 265 407 1637 9810 156 20257 4878 1253 3625 3210 739 4124 127 3233 15379 13243
internal_count=50188 29931 24544 21069 7135 5498 13934 5387 5122 3279 1843 1436 3475 2447 265 407 1637 9810 156 20257 4878 1253 3625 3210 739 4124 127 3233 15379 13243
is_linear=0
shrinkage=0.03


Tree=106
num_leaves=31
num_cat=0
split_feature=22 22 65 57 0 19 65 21 40 42 2 62 46 41 40 53 61 40 11 70 46 70 23 23 23 39 20 7 41 7
split_gain=0.580339 0.176193 0.138077 0.125049 0.123298 0.148702 0.136827 0.132011 0.11612 0.10728 0.247348 0.18026 0.162715 0.142322 0.13441 0.127636 0.123802 0.140225 0.120182 0.086329 0.0962357 0.0921693 0.0799459 0.0792558 0.171196 0.174779 0.136235 0.111581 0.109141 0.0779833
threshold=0.2375104166666667 0.11821577380952379 -0.0051583333333333472 583.30000000000007 47.500000000000007 0.00048112522432466979 0.044620833333333394 0.0012266334536306723 3.4460714285714293 27.116666666666671 6.1150000000000011 -83.274999999999991 27.403571428571432 0.17906503208132371 3.2971428571428576 6.1733208332217826 -29.969999999999988 4.4203571428571431 0.3464916666666667 0.1159303052754759 23.646428571428576 -0.20089055513063514 0.066237767824749869 0.028547442157069797 0.06503332178622924 0.010690449676693194 0.073516666666666661 -1499.9999999999989 0.5407956083462947 -654.96276678817492
decision_type=2 2 2 2 2 2 2 2 2 2 2 2 2 2 2 2 2 2 2 2 2 2 2 2 2 2 2 2 2 2
left_child=1 23 19 9 5 8 -7 -6 -4 14 11 -11 -13 22 -2 -15 18 -18 -16 20 21 -3 -12 -1 27 -26 -27 -25 -29 -9
right_child=3 2 4 -5 7 6 -8 29 -10 10 13 12 -14 15 16 -17 17 -19 -20 -21 -22 -23 -24 24 25 26 -28 28 -30 -31
leaf_value=-0.00016781476341987822 9.1743272337048521e-06 -0.00067065636376167979 -0.00020104880030749381 0.00091082191217444603 -0.00070812194290976495 -3.1500829095563247e-06 0.00045953809952162933 -0.00022847343944218705 0.00040236988668216863 -0.0021538394960151476 -0.00069270945748163223 -0.00083125766590403283 9.9144279804595249e-05 0.0013275328095299762 -0.00024360496957856768 -0.00044566964812375686 0.00022069162205724834 0.00063102806157367395 0.00037278765453776185 -0.0003572430947271328 4.112891749647512e-05 0.00040775004925130493 0.00027815345197396472 -0.00013660560433909104 -0.0010205190531687766 0.00077045496452752659 -0.00040778417795991813 0.00051002798982207242 -0.00019131717295082731 6.7668359466413968e-05
leaf_weight=14400 3770 352 332 192 309 7803 619 1392 1848 54 110 324 342 170 912 43 8162 836 411 1385 1806 85 242 665 250 133 258 874 251 1858
leaf_count=14400 3770 352 332 192 309 7803 619 1392 1848 54 110 324 342 170 912 43 8162 836 411 1385 1806 85 242 665 250 133 258 874 251 1858
internal_value=-2.99937e-06 -7.1467e-05 -5.45908e-06 0.000149061 3.6674e-05 8.81225e-05 3.05509e-05 -0.000115726 0.000309048 0.000139295 -0.000121706 -0.000491836 -0.000349554 0.000344698 0.000163316 0.000955134 0.000219323 0.000259215 -4.97151e-05 -0.000170707 -5.40799e-05 -0.000453596 -1.78455e-05 -0.000141049 1.62655e-05 -0.000402688 0 0.000168109 0.000350855 -5.82799e-05
internal_weight=50188 34620 17789 15568 14161 10602 8422 3559 2180 15376 1285 720 666 565 14091 213 10321 8998 1323 3628 2243 437 352 16831 2431 641 391 1790 1125 3250
internal_count=50188 34620 17789 15568 14161 10602 8422 3559 2180 15376 1285 720 666 565 14091 213 10321 8998 1323 3628 2243 437 352 16831 2431 641 391 1790 1125 3250
is_linear=0
shrinkage=0.03


Tree=107
num_leaves=31
num_cat=0
split_feature=18 5 65 0 52 23 7 3 21 34 68 45 33 7 22 38 51 32 7 7 20 12 47 23 31 66 42 70 22 46
split_gain=0.549163 0.228723 0.148819 0.161004 0.200808 0.177433 0.154684 0.146146 0.138387 0.122872 0.121954 0.118622 0.111233 0.106335 0.0983731 0.0885486 0.0900895 0.0883852 0.108431 0.276569 0.0840052 0.127446 0.0818367 0.0761664 0.0830852 0.0727486 0.0724726 0.0842325 0.162649 0.0832382
threshold=0.1379444444444444 -11.293698073974552 -0.0050172111136944633 57.500000000000007 75.964285714285737 0.099847358532316674 -32.640695036984525 26.550000000000004 0.0012266334536306723 0.92857142857142905 -4.0370102490463182 1.0000000180025095e-35 0.34156502553198692 -23.983361525901802 0.12736011904761904 3.3178571428571435 5.9920582360957111 0.2571428571428554 -1499.9999999999989 -1499.7610653637578 0.15570833333333331 0.28228958333333332 0.55137191532602481 0.0706733542428538 0.10000000000009186 -0.018749999999999958 14.983333333333333 0.65837719692149965 0.32973541666666673 16.13928571428572
decision_type=2 2 2 2 2 2 2 2 2 2 2 2 2 2 2 2 2 2 2 2 2 2 2 2 2 2 2 2 2 2
left_child=13 2 6 4 9 8 12 -7 -5 -4 -8 -6 -2 14 17 16 -3 -1 -19 -20 21 -16 -14 25 -25 -15 -17 29 -29 -28
right_child=1 15 3 5 11 7 10 -9 -10 -11 -12 -13 22 23 20 26 -18 18 19 -21 -22 -23 -24 24 -26 -27 27 28 -30 -31
leaf_value=-0.00016985701282111007 -0.00029094024325495817 0.00012396705727422678 0.00012881006072637359 -0.00066921126044113227 0.00035875613674583558 -0.00029730069655160341 -0.00073759186749867522 0.0008168242690797477 -9.4666865168797096e-05 0.00042816967546152027 -0.00018008392362426181 -4.6149733927298914e-05 -0.000173228069619138 -0.00067460572547236447 0.00012540499321575855 0.0007537289601824243 -0.00043133263651917725 -0.00014012594813140044 0.00079381569107028142 -4.0006293260835201e-05 -0.00027580766678625906 0.0012970968375421977 0.00025776367069039519 -2.9777862759651379e-05 0.0015766703770810587 -0.00025957381524464743 -0.00050195279807945632 -0.00043458226161390196 0.00047940681197026092 0.0003054393130580798
leaf_weight=10882 812 3908 2820 426 744 152 541 323 3472 2251 1077 5159 556 488 1629 268 279 2601 465 1520 437 88 1327 118 36 1993 114 426 295 4981
leaf_count=10882 812 3908 2820 426 744 152 541 323 3472 2251 1077 5159 556 488 1629 268 279 2601 465 1520 437 88 1327 118 36 1993 114 426 295 4981
internal_value=-2.91056e-06 7.86665e-05 1.85528e-05 6.24436e-05 0.000123895 -9.10762e-05 -0.000136907 0.000454126 -0.000158382 0.000262344 -0.000368688 4.42762e-06 1.21947e-06 -0.000123592 -9.67511e-05 0.000193427 8.61543e-05 -0.000123285 -1.2108e-05 0.000154113 9.23657e-05 0.000187923 0.000128886 -0.000301851 0.00033415 -0.000342656 0.000266732 0.00024365 -5.63188e-05 0.00028669
internal_weight=50188 29931 19660 15347 10974 4373 4313 475 3898 5071 1618 5903 2695 20257 17622 10271 4187 15468 4586 1985 2154 1717 1883 2635 154 2481 6084 5816 721 5095
internal_count=50188 29931 19660 15347 10974 4373 4313 475 3898 5071 1618 5903 2695 20257 17622 10271 4187 15468 4586 1985 2154 1717 1883 2635 154 2481 6084 5816 721 5095
is_linear=0
shrinkage=0.03


Tree=108
num_leaves=31
num_cat=0
split_feature=22 22 57 6 23 9 20 40 69 12 61 57 2 16 40 23 23 39 12 7 41 66 21 41 22 69 73 7 13 63
split_gain=0.519844 0.154149 0.117264 0.114956 0.112649 0.112359 0.102741 0.100859 0.0897494 0.106563 0.0938637 0.157614 0.125049 0.0880594 0.0756488 0.0718418 0.135621 0.167472 0.117445 0.0946877 0.118396 0.0854427 0.0648575 0.0564313 0.0500381 0.0493566 0.0468875 0.0454427 0.0591919 0.0866056
threshold=0.2375104166666667 0.11972172619047616 583.30000000000007 -5.3447964432311617 0.0021259336916244604 0.10567708333333332 0.40362408252774801 5.9500000000000002 0.94417876540878176 0.19590833333333332 -27.384999999999994 102.45000000000003 5.9450000000000012 -70.096087477221161 3.3682142857142865 0.028547442157069797 0.06503332178622924 0.010690449676693194 0.045368750000000006 -1499.9999999999989 0.5407956083462947 0.18221875000000001 0.00657495538615547 0.034807161067331387 0.35223214285714283 -0.96683886033945943 0.12547289965627953 -23.983361525901802 -61.471019375923113 19.425000000000001
decision_type=2 2 2 2 2 2 2 2 2 2 2 2 2 2 2 2 2 2 2 2 2 2 2 2 2 2 2 2 2 2
left_child=1 15 6 4 13 22 8 -7 10 26 12 -12 -2 25 -15 27 19 21 -19 -17 -21 -18 -6 -11 -4 -3 -10 28 -1 -30
right_child=2 3 24 -5 5 7 -8 -9 9 23 11 -13 -14 14 -16 16 17 18 -20 20 -22 -23 -24 -25 -26 -27 -28 -29 29 -31
leaf_value=-0.00016701318404621713 -0.00020191764004727278 0.0010321201836486578 0.0012570301167443704 0.0012537687990814448 0.0010122689400060142 -2.1483393819426825e-05 0.00060921374012525399 -0.00027207460016508275 0 -0.00060355706899785074 0.00029906299205652753 5.769634388388818e-05 0.00027581600685369368 0 0.0013160174746182749 -0.00013261145934963974 -0.0011649760735112553 0.00060729732950416833 -0.00042826770393876353 0.00047518988992081146 -0.00023219152980129149 0.00034145683473026431 0.00017450366814503258 0.0005292810768405278 0.00019865785938151791 0 -0.0011285736803524195 -0.00031478113264476516 0.0001241699540262015 -0.00031326698617745391
leaf_weight=10926 1790 47 120 64 90 13901 397 1618 89 38 3569 7798 676 57 134 676 224 177 219 909 271 36 1336 970 72 341 49 1513 1527 554
leaf_count=10926 1790 47 120 64 90 13901 397 1618 89 38 3569 7798 676 57 134 676 224 177 219 909 271 36 1336 970 72 341 49 1513 1527 554
internal_value=-2.82922e-06 -6.76333e-05 0.000141084 -5.15957e-06 -9.99981e-06 -2.42372e-05 0.000131621 -4.7819e-05 0.000118723 0.000374669 9.72764e-05 0.000133764 -6.96826e-05 0.000400821 0.000929053 -0.000131966 1.50748e-05 -0.000354042 2.74056e-05 0.000147274 0.000310133 -0.00094439 0.000230153 0.000483046 0.00087877 0.000131358 -0.000393153 -0.000157611 -0.000139075 6.18084e-06
internal_weight=50188 34620 15568 17588 17524 16945 15376 15519 14979 1146 13833 11367 2466 579 191 17032 2512 656 396 1856 1180 260 1426 1008 192 388 138 14520 13007 2081
internal_count=50188 34620 15568 17588 17524 16945 15376 15519 14979 1146 13833 11367 2466 579 191 17032 2512 656 396 1856 1180 260 1426 1008 192 388 138 14520 13007 2081
is_linear=0
shrinkage=0.03


Tree=109
num_leaves=31
num_cat=0
split_feature=18 5 57 69 52 70 44 49 65 64 64 72 21 7 22 41 56 32 7 7 20 12 38 69 12 29 73 23 37 66
split_gain=0.490909 0.209871 0.171215 0.188813 0.246045 0.176176 0.249482 0.17681 0.150706 0.136056 0.120834 0.120254 0.11359 0.098471 0.0873818 0.082402 0.0862035 0.0806547 0.100126 0.258401 0.0790618 0.118426 0.0776879 0.0741446 0.0718613 0.0710562 0.0936359 0.070302 0.0866819 0.0706655
threshold=0.1379444444444444 -11.293698073974552 102.45000000000003 -0.97505550290239429 57.607142857142868 0.18399153619612912 24.007142857142863 1.0000000180025095e-35 0.00025000000000001415 111.50000000000001 10.500000000000002 -0.35625522506494794 0.038061704733439193 -23.983361525901802 0.12736011904761904 0.64115195089761357 203.55000000000004 0.2571428571428554 -1499.9999999999989 -1499.7610653637578 0.15570833333333331 0.28228958333333332 3.1500000000000008 0.99551215362393841 0.2194020833333333 49.105908193629439 -6.7132979581488703 0.0706733542428538 0.15307950004273335 -0.018749999999999958
decision_type=2 2 2 2 2 2 2 2 2 2 2 2 2 2 2 2 2 2 2 2 2 2 2 2 2 2 2 2 2 2
left_child=13 2 3 4 -2 11 10 -8 12 -6 -7 23 -5 14 17 16 -3 -1 -19 -20 21 -16 -17 -4 -10 26 -22 29 -29 -15
right_child=1 15 5 8 9 6 7 -9 24 -11 -12 -13 -14 27 20 22 -18 18 19 -21 25 -23 -24 -25 -26 -27 -28 28 -30 -31
leaf_value=-0.00016049693515763651 -0.0014253937350068653 0.00021160782677429721 -0.00040004955439290179 -5.1401377120115726e-05 0.00058167612124368018 -0.0001417418650831323 -0.000183093117706627 -0.0011799666282297815 9.8199079398524606e-05 0.0030177451580424199 0.0012568775724968871 6.2057686348702907e-05 0.00018013039259051283 -0.00065466634824049258 0.00011960503198584059 -0.00012279333900679882 0.0006104027313636642 -0.00013283232776704562 0.00076826381022202384 -3.7644133292605354e-05 0.0017962122330708161 0.0012492358148296814 0.00017550186069827689 0.00083230954011281324 0.00044592615096029486 -0.0014511275754443237 -0.0002519975009324373 -1.5430792309944666e-05 0.001714691149187274 -0.00024573861227730347
leaf_weight=10882 53 6436 830 8555 742 737 264 441 1104 21 59 3267 2453 488 1629 1272 538 2601 465 1520 20 88 2025 44 1090 41 376 123 31 1993
leaf_count=10882 53 6436 830 8555 742 737 264 441 1104 21 59 3267 2453 488 1629 1272 538 2601 465 1520 20 88 2025 44 1090 41 376 123 31 1993
internal_value=-2.73021e-06 7.43955e-05 1.68063e-05 7.31058e-05 0.00051604 -0.000122531 -0.000400971 -0.000811707 4.54643e-05 0.000656513 -3.28643e-05 -2.0807e-05 0 -0.000116835 -9.09979e-05 0.000184324 0.000242886 -0.00011601 -9.78319e-06 0.000149927 8.71964e-05 0.000179941 5.9506e-05 -0.0003337 0.000272444 -0.000269931 -0.000136732 -0.000288383 0.000322301 -0.000327613
internal_weight=50188 29931 19660 14018 816 5642 1501 705 13202 763 796 4141 11008 20257 17622 10271 6974 15468 4586 1985 2154 1717 3297 874 2194 437 396 2635 154 2481
internal_count=50188 29931 19660 14018 816 5642 1501 705 13202 763 796 4141 11008 20257 17622 10271 6974 15468 4586 1985 2154 1717 3297 874 2194 437 396 2635 154 2481
is_linear=0
shrinkage=0.03


Tree=110
num_leaves=31
num_cat=0
split_feature=18 42 21 69 20 70 64 10 18 7 22 21 68 6 70 64 38 69 19 47 51 73 47 70 9 19 47 19 72 4
split_gain=0.509238 0.204158 0.299347 0.18163 0.219717 0.200937 0.158722 0.144435 0.143373 0.133001 0.159321 0.140733 0.129355 0.126084 0.121713 0.124811 0.113985 0.111633 0.107382 0.104667 0.122584 0.104528 0.102359 0.0915209 0.0911126 0.0855774 0.0832138 0.0815533 0.0746681 0.0692876
threshold=0.1734097222222222 27.116666666666671 0.034846411591348291 -0.43664718845046341 0.31319851190476194 -0.67758968959607091 474.50000000000006 0.39902083333333344 0.3321041666666667 -19.698862139379663 0.12736011904761904 0.0010719795761343234 4.7381012333342811 -10.510275161680742 -0.28435918728100346 36.500000000000007 3.3178571428571435 -0.80392051724781066 0.0028867513459480691 0.48386039218033033 0.48795003647427554 0.029254934400944958 0.19499225118470112 -0.94128245028753155 0.17427083333333332 0.12051946306721277 0.54732114846804825 0.095223163495854121 11.017488965035506 76.500000000000014
decision_type=2 2 2 2 2 2 2 2 2 2 2 2 2 2 2 2 2 2 2 2 2 2 2 2 2 2 2 2 2 2
left_child=9 7 3 6 5 -5 26 12 -6 10 29 17 13 18 15 -14 -15 -12 -2 25 -21 22 -11 -23 27 -9 -3 -13 -16 -1
right_child=1 2 -4 4 8 -7 -8 19 -10 21 11 24 14 16 28 -17 -18 -19 -20 20 -22 23 -24 -25 -26 -27 -28 -29 -30 -31
leaf_value=-0.00013438227154103226 0.00015082128538829387 -0.00013877061342049512 0.00026484328726143953 0.00043289689556173815 0.0012522835569724598 -0.0005121246303125775 -0.0025802540806963898 0.00095055743685438555 -2.5446929397904089e-05 0.0002179225535660176 0.0018406804155990748 7.7517718149508065e-05 0.00022160389509728862 5.3698786547998899e-05 0.00040594258085422584 -0.00062205772828134796 0.00032322787907386349 0.00030974012165503617 -2.9271994981775026e-05 -0.0013047271883961827 0.00034396060330715633 0.00084028014047664399 -0.00043170956398048298 -9.9885547018122595e-05 -0.00027690021002167655 -0.00074331938389999175 -0.0013768031169645836 0.00084119882286999028 0.0010612363288954726 4.4941375470892349e-05
leaf_weight=14076 4663 121 1176 234 130 1349 51 408 188 235 69 4070 868 2560 1324 191 3235 128 8200 43 460 105 2224 764 657 26 89 130 186 2221
leaf_count=14076 4663 121 1176 234 130 1349 51 408 188 235 69 4070 868 2560 1324 191 3235 128 8200 43 460 105 2224 764 657 26 89 130 186 2221
internal_value=5.35182e-06 9.94195e-05 -0.000118806 -0.000328901 -0.00022471 -0.000370352 -0.00107258 0.000132424 0.00048978 -9.17314e-05 -6.40438e-05 8.27647e-05 0.000116135 8.84216e-05 0.000316134 6.61686e-05 0.000204708 0.000867697 3.57875e-05 0.000497725 0.000194758 -0.000268389 -0.000368343 1.11003e-05 5.01382e-05 0.000840709 -0.000681717 0.000102064 0.000489295 -0.000109758
internal_weight=50181 25502 3338 2162 1901 1583 261 22164 318 24679 21351 5054 21227 18658 2569 1059 5795 197 12863 937 503 3328 2459 869 4857 434 210 4200 1510 16297
internal_count=50181 25502 3338 2162 1901 1583 261 22164 318 24679 21351 5054 21227 18658 2569 1059 5795 197 12863 937 503 3328 2459 869 4857 434 210 4200 1510 16297
is_linear=0
shrinkage=0.03


Tree=111
num_leaves=31
num_cat=0
split_feature=18 0 65 0 21 65 48 69 7 68 45 63 11 52 6 12 20 21 69 37 69 69 34 42 67 7 69 18 73 47
split_gain=0.479054 0.19622 0.244315 0.235888 0.182442 0.159931 0.139484 0.127074 0.12424 0.123198 0.117917 0.206833 0.162607 0.160155 0.142939 0.118897 0.112888 0.228061 0.161887 0.15769 0.14326 0.120608 0.109373 0.107574 0.105728 0.0931631 0.170738 0.0878071 0.0829402 0.0928923
threshold=0.1734097222222222 57.500000000000007 -0.0021645833333333478 35.000000000000007 0.0013913894905745008 0.018333333333333365 84.833333333333357 0.91236630913977512 -19.698862139379663 -1.736354439317447 1.0000000180025095e-35 -172.07499999999996 0.34418750000000004 77.392857142857153 -907.18437458906033 0.32406250000000003 0.28847708333333338 0.017176379670449621 0.99628894895067466 0.080829037686547395 0.18399664778440331 0.2843565540399125 0.32142857142857167 24.966666666666679 -10.206444998937377 -1500.0000000000025 0.60505046667002438 0.26845694444444462 0.029254934400944958 0.19499225118470112
decision_type=2 2 2 2 2 2 2 2 2 2 2 2 2 2 2 2 2 2 2 2 2 2 2 2 2 2 2 2 2 2
left_child=5 2 3 7 6 8 -3 9 22 -2 11 14 -13 24 -4 -15 18 20 21 -19 -18 -6 -1 -9 -12 -24 -27 -20 29 -10
right_child=1 4 10 -5 16 -7 -8 23 28 -11 13 12 -14 15 -16 -17 17 19 27 -21 -22 -23 25 -25 -26 26 -28 -29 -30 -31
leaf_value=-0.00013578711114995055 -0.00018251199066752404 -0.00078116914643305195 0.00015397699404327169 -0.0018349708525460184 1.8182417997978102e-05 0.00019552631330760833 0.00061962846340611567 0.00054239422204253656 0.00021395346577614719 7.9630015610101653e-05 5.3053001166093204e-05 0.00074341349684231301 0.00013876476803968932 2.3394202161882412e-05 -0.0010520454087165506 0.00032435452382087362 -0.00028017660748085656 0.00057469083526568376 0.00043992562507919503 -0.00065235071294420552 0.00085533471621661056 -0.00038494705929028922 -0.00014377988874639223 -0.00019061303401956794 0.0004498947593925554 -6.0772568006029717e-05 0.00029590690897283599 0.0026305997055740306 -1.4113984181775348e-05 -0.00043794651553046981
leaf_weight=12558 2637 464 334 61 1365 1651 71 690 210 4141 828 1291 600 5178 118 1540 939 1000 59 101 110 1282 2400 236 2432 2962 2027 25 773 2098
leaf_count=12558 2637 464 334 61 1365 1651 71 690 210 4141 828 1291 600 5178 118 1540 939 1000 59 101 110 1282 2400 236 2432 2962 2027 25 773 2098
internal_value=5.19926e-06 9.64383e-05 0.000139695 7.49573e-06 -6.34276e-05 -8.89609e-05 -0.000588863 2.27099e-05 -0.000109495 -2.19264e-05 0.000222759 0.00041522 0.000553323 0.000177229 -0.000155874 9.28693e-05 -5.11202e-06 0.000156812 -0.000133696 0.000458916 -0.000157547 -0.000176001 -8.18897e-05 0.00035234 0.000350069 9.31185e-06 8.35732e-05 0.00115048 -0.000287161 -0.000377265
internal_weight=50181 25502 20086 7765 5416 24679 535 7704 23028 6778 12321 2343 1891 9978 452 6718 4881 2150 2731 1101 1049 2647 19947 926 3260 7389 4989 84 3081 2308
internal_count=50181 25502 20086 7765 5416 24679 535 7704 23028 6778 12321 2343 1891 9978 452 6718 4881 2150 2731 1101 1049 2647 19947 926 3260 7389 4989 84 3081 2308
is_linear=0
shrinkage=0.03


Tree=112
num_leaves=31
num_cat=0
split_feature=12 66 0 33 11 23 70 68 41 3 70 72 70 73 19 19 34 3 23 47 53 26 47 53 65 57 65 23 2 47
split_gain=0.447883 0.193771 0.150745 0.116732 0.119862 0.141979 0.112924 0.109003 0.106269 0.159026 0.235878 0.144826 0.139084 0.119986 0.134244 0.0958229 0.0947508 0.0924385 0.140579 0.111452 0.0914426 0.0904045 0.0882931 0.131666 0.0871384 0.0819205 0.0797074 0.0746053 0.100072 0.0982953
threshold=0.26355833333333339 0.0090916666666666941 72.500000000000014 0.46445052020005539 0.041587499999999958 0.0038463280593348478 -0.57729161655172734 -1.4923921575489547 0.20879823583971205 24.850000000000005 -0.52705818521824699 -0.085943171392368164 0.76663042157996963 -0.18320879118883046 0.036084391824351629 0.037936723938001647 13.453571428571431 26.350000000000005 0.096095801051490085 2.9056270569259713e-07 1.8156825980071358 -496.87595814976663 6.7348721585318313e-07 0.26726124191244749 -0.0021645833333333478 42.45000000000001 0.017293750000000014 0.037271459715737955 7.1950000000000012 0.17032612545051698
decision_type=2 2 2 2 2 2 2 2 2 2 2 2 2 2 2 2 2 2 2 2 2 2 2 2 2 2 2 2 2 2
left_child=1 3 15 26 -5 6 -6 -7 11 10 24 -2 21 14 20 22 27 18 -15 -19 -11 -12 23 -3 -10 -14 -1 29 -29 -13
right_child=8 2 -4 4 5 7 -8 -9 9 13 12 16 25 17 -16 -17 -18 19 -20 -21 -22 -23 -24 -25 -26 -27 -28 28 -30 -31
leaf_value=-0.00014977821542736826 0.00069376668946250083 0.00026023553932083625 -0.00017296819480538684 -0.00031635397531558265 -8.541870974033279e-05 -0.00015569666099515055 0.00039863999347464641 5.5634594936981444e-05 -0.00025463050997759942 0.00024688489959040217 -0.0011124244807014132 0.00010777282997140256 -0.0010878381337970494 -8.3143399424861702e-05 0.0004396576889288553 0.00039261562821438494 0.00083979074755256291 -0.0013475916179557961 -0.0016018601900897919 0.00050583368055384377 -0.0011530891297232273 0.00042076627047370581 4.8205947572148435e-05 0.0016282975271945661 9.3362508217741021e-05 9.9180839058263985e-05 0.00017049951874209288 0.00032038807017363427 -0.00061087127076885235 -0.00073079430919229037
leaf_weight=15911 714 636 1816 1066 621 3815 1368 5150 1148 46 33 409 53 721 79 1083 193 30 59 370 250 3268 5888 71 1468 1471 722 1435 109 178
leaf_count=15911 714 636 1816 1066 621 3815 1368 5150 1148 46 33 409 53 721 79 1083 193 30 59 370 250 3268 5888 71 1468 1471 722 1435 109 178
internal_value=5.05177e-06 -4.52265e-05 7.20594e-05 -8.41944e-05 -1.26867e-05 1.66173e-05 0.000246034 -3.39688e-05 0.000164671 0.000112325 0.000170182 0.000318598 0.000294636 -0.000162533 -0.000629386 0.000130419 0.000201796 -1.12212e-05 -0.000203766 0.000356332 -0.000925326 0.000404198 8.68545e-05 0.000403965 -5.82426e-05 5.52465e-05 -0.000135686 0.00014224 0.00025235 -0.00014222
internal_weight=50181 38147 9494 28653 12020 10954 1989 8965 12034 8996 7441 3038 4825 1555 375 7678 2324 1180 780 400 296 3301 6595 707 2616 1524 16633 2131 1544 587
internal_count=50181 38147 9494 28653 12020 10954 1989 8965 12034 8996 7441 3038 4825 1555 375 7678 2324 1180 780 400 296 3301 6595 707 2616 1524 16633 2131 1544 587
is_linear=0
shrinkage=0.03


Tree=113
num_leaves=31
num_cat=0
split_feature=18 42 21 69 18 47 66 64 65 65 7 5 57 40 44 63 50 64 69 72 69 41 65 47 73 47 70 64 44 66
split_gain=0.43108 0.180342 0.270919 0.170305 0.159683 0.231581 0.15637 0.149002 0.14457 0.124369 0.114218 0.111025 0.123611 0.110268 0.129519 0.107121 0.104526 0.0987907 0.0955229 0.115038 0.103476 0.084099 0.0819721 0.0768799 0.0751421 0.083744 0.075571 0.0729131 0.0697852 0.0636134
threshold=0.1734097222222222 27.116666666666671 0.034846411591348291 -0.43664718845046341 0.29345972222222222 0.62599371551807947 -0.00017138157894740211 474.50000000000006 0.026152083333333308 -0.0050172111136944633 -19.698862139379663 -66.620897572431033 110.65000000000002 3.3446428571428579 18.607142857142858 -187.31499999999997 66.928571428571445 94.500000000000014 0.91236630913977512 -0.095432029570782437 0.7206604759859373 0.26459641659634142 -0.00033188405797095194 0.54732114846804825 0.029254934400944958 0.19499225118470112 -0.94128245028753155 41.500000000000007 24.764285714285723 0.018416666666666654
decision_type=2 2 2 2 2 2 2 2 2 2 2 2 2 2 2 2 2 2 2 2 2 2 2 2 2 2 2 2 2 2
left_child=8 9 3 7 5 -5 -6 23 10 18 11 29 21 22 17 -16 -14 -15 19 20 -2 -13 -11 -3 25 -12 -26 -24 -27 -1
right_child=1 2 -4 4 6 -7 -8 -9 -10 13 24 12 16 14 15 -17 -18 -19 -20 -21 -22 -23 27 -25 26 28 -28 -29 -30 -31
leaf_value=-0.00013315870670238005 -0.0001438993587524711 -0.00013152954541146753 0.00025128061399182276 -0.00060064996838175085 0.0012943184301070871 0.00031630368898627237 -1.5435195900639583e-05 -0.0024948796857005131 0.00021684630080277462 -0.00016860022242930797 0.00019973693950217059 -7.766834387069711e-05 0.0012606162770961722 0.0003776166948095197 -0.0004270199876737427 0.00017525145491654139 -0.00019746472839378957 0.0023385299877263606 0.00039812734493419082 8.6486983718027485e-05 -0.0008559412077504575 0.00025753106601912064 0.00013739067104283248 -0.0013226692431606351 0.00078461887317919914 -0.00028362475783570349 -0.00012502043130011907 -0.00056634888653977263 -0.00065190076613679036 9.6646779599494873e-05
leaf_weight=14142 1865 121 1176 1050 99 319 433 51 1348 1238 213 941 44 2614 270 9196 1662 23 468 2456 206 2265 3693 89 92 1373 698 135 743 1158
leaf_count=14142 1865 121 1176 1050 99 319 433 51 1348 1238 213 941 44 2614 270 9196 1662 23 468 2456 206 2265 3693 89 92 1373 698 135 743 1158
internal_value=4.90252e-06 9.14554e-05 -0.000113626 -0.000313525 -0.000212583 -0.00038472 0.00022464 -0.00103367 -8.44153e-05 0.000122481 -0.000101958 -7.56693e-05 4.79841e-05 0.000160819 0.000210068 0.000157713 -0.000157385 0.000396737 -8.70212e-06 -5.15012e-05 -0.000216552 0.000158217 4.25502e-05 -0.00065444 -0.000271279 -0.000357069 -1.44371e-05 0.000111647 -0.000414603 -0.000115564
internal_weight=50181 25502 3338 2162 1901 1369 532 261 24679 22164 23331 20212 4912 17169 12103 9466 1706 2637 4995 4527 2071 3206 5066 210 3119 2329 790 3828 2116 15300
internal_count=50181 25502 3338 2162 1901 1369 532 261 24679 22164 23331 20212 4912 17169 12103 9466 1706 2637 4995 4527 2071 3206 5066 210 3119 2329 790 3828 2116 15300
is_linear=0
shrinkage=0.03


Tree=114
num_leaves=31
num_cat=0
split_feature=18 0 65 0 21 65 48 23 52 0 19 70 46 21 8 46 10 21 61 69 23 27 69 15 12 6 47 69 49 39
split_gain=0.405537 0.174122 0.217702 0.262266 0.165547 0.136046 0.127651 0.120335 0.145211 0.11953 0.170375 0.14459 0.191598 0.128605 0.116164 0.111243 0.10962 0.23394 0.131606 0.113192 0.101913 0.101537 0.0973487 0.0853608 0.084233 0.0839634 0.0774884 0.0740596 0.072874 0.0666595
threshold=0.1734097222222222 57.500000000000007 -0.0016825757575756951 35.000000000000007 0.0013913894905745008 0.026152083333333308 84.833333333333357 0.040394414871022501 53.392857142857146 15.000000000000002 0.027497509383216698 -0.22610730998347103 21.832142857142863 0.00097550353298045021 0.33973333333333339 25.200000000000006 0.2935625 0.023784055571877752 181.50000000000003 0.99628894895067466 0.026616212203000828 74.752592065271216 0.87379901192678255 -9.6763555511875055 0.15272916666666667 -23.825193519590385 0.61626310921571259 0.99906486341235867 1.7320508075688739 0.03903600291794098
decision_type=2 2 2 2 2 2 2 2 2 2 2 2 2 2 2 2 2 2 2 2 2 2 2 2 2 2 2 2 2 2
left_child=5 2 3 14 6 9 -3 8 -4 10 11 13 -13 -1 22 -10 19 18 -18 20 -6 26 -2 24 -12 -11 -9 -21 -19 -8
right_child=1 4 7 -5 16 -7 29 21 15 25 23 12 -14 -15 -16 -17 17 28 -20 27 -22 -23 -24 -25 -26 -27 -28 -29 -30 -31
leaf_value=0.0012278601721842559 -7.5965253836379062e-05 -0.00074650674799096677 -0.00062310428758243787 -0.0017426626222563518 0.00012861754406704145 0.00021034573438169344 0.0014043394832349405 0.00048435109879155095 0.00023212014453209459 -0.00011259619847492652 -5.9499228920373198e-05 0.0011460571754218049 -6.2474810456573392e-05 0.00023574469275312312 0.00025099868594957578 -2.7702363802975524e-05 -0.00016367849041963787 0.00057271915340919102 0.0019100193096590889 0.0017574553938213046 -0.00028931202833325296 -0.0011742236842401325 0.00025991320402045457 0.0013760146129131315 -0.00060974993951422763 -0.00030245076343201081 4.9204582525734706e-05 -3.4006952435116871e-05 -0.00050107934035045689 -0.00037198103492846714
leaf_weight=129 5621 464 206 75 719 1348 40 2211 7058 14452 453 121 3573 1497 1669 1852 1244 894 27 45 1863 35 898 24 598 2484 461 32 57 31
leaf_count=129 5621 464 206 75 719 1348 40 2211 7058 14452 453 121 3573 1497 1669 1852 1244 894 27 45 1863 35 898 24 598 2484 461 32 57 31
internal_value=4.75186e-06 8.87031e-05 0.000129456 1.09282e-05 -6.18759e-05 -8.18775e-05 -0.000562409 0.000212032 0.000159287 -9.88983e-05 1.11709e-05 8.12444e-05 -2.1777e-05 0.000317005 2.75678e-05 0.000177781 -6.29464e-06 0.000148548 -0.000115801 -0.000136824 -0.000171767 0.000388421 -2.92047e-05 -0.000332577 -0.000375716 -0.000140635 0.000410444 0.000983599 0.000504749 0.000592702
internal_weight=50181 25502 20086 8263 5416 24679 535 11823 9116 23331 6395 5320 3694 1626 8188 8910 4881 2222 1271 2659 2582 2707 6519 1075 1051 16936 2672 77 951 71
internal_count=50181 25502 20086 8263 5416 24679 535 11823 9116 23331 6395 5320 3694 1626 8188 8910 4881 2222 1271 2659 2582 2707 6519 1075 1051 16936 2672 77 951 71
is_linear=0
shrinkage=0.03


Tree=115
num_leaves=31
num_cat=0
split_feature=18 12 23 4 7 57 69 69 42 21 35 53 23 33 72 70 51 44 63 21 53 5 28 10 9 23 23 40 18 47
split_gain=0.352628 0.186907 0.151 0.146761 0.121659 0.121167 0.118606 0.131027 0.159006 0.216404 0.141223 0.120966 0.109273 0.117664 0.160654 0.124691 0.108722 0.106457 0.0989051 0.08764 0.0855261 0.080349 0.0776603 0.0746784 0.0722096 0.125461 0.112431 0.0685474 0.0671562 0.0667886
threshold=0.24066388888888887 0.28926458333333332 0.10588466360597949 37.500000000000007 -1499.9999999999989 583.30000000000007 0.89001933454452098 -0.34156760613242332 27.116666666666671 0.034846411591348291 5.9082220590998524 7.2475839096538568 0.10804151805699826 0.048795003648914419 0.39471753662069636 0.38167508216062856 0.37796447300922725 21.707142857142859 -184.86999999999998 0.00059006180914555081 4.2036091243513161 -59.880866318256842 -1498.783638056799 0.33979166666666671 0.1236333333333333 0.012669763180605373 0.027618668813989018 5.8346428571428586 0.090463194444444436 0.62599371551807947
decision_type=2 2 2 2 2 2 2 2 2 2 2 2 2 2 2 2 2 2 2 2 2 2 2 2 2 2 2 2 2 2
left_child=1 12 4 16 29 6 7 8 17 -10 23 -12 13 24 15 -15 18 -2 -4 -8 -5 -16 27 -9 26 -26 -1 -6 -14 -3
right_child=5 2 3 20 22 -7 19 10 9 -11 11 -13 28 14 21 -17 -18 -19 -20 -21 -22 -23 -24 -25 25 -27 -28 -29 -30 -31
leaf_value=-0.00014350244580673251 0.00034753506881693923 -0.0020477680135518313 0.00025180968421243007 0.00072734467517836265 0.0015243783106672622 0.00082408424734522773 -0.00071267128176302362 -2.1939115389087504e-05 -0.0013715816393656576 0.00038898768195420928 -0.00011630779859179722 -0.00075932461646415069 -0.00026062024260560676 -1.6362726534145441e-05 -1.8259268786107743e-05 -0.00022537371325427168 -0.0024799531351697318 9.8464100789739115e-05 -0.0016966930279835454 0.00037128576951854058 -0.0011041400886939038 0.0002448782290366981 0.0003956527973389141 0.00022104280798205676 0.00021660747717178311 -0.00033669529010649875 8.8164537134038357e-05 0.00041171496044145893 0.0012035313751548528 0
leaf_weight=9995 2571 23 58 110 125 215 67 3782 137 111 996 365 35 9931 1713 3482 35 3990 36 1805 27 2596 724 1617 419 2724 2306 99 96 36
leaf_count=9995 2571 23 58 110 125 215 67 3782 137 111 996 365 35 9931 1713 3482 35 3990 36 1805 27 2596 724 1617 419 2724 2306 99 96 36
internal_value=-1.68582e-06 -5.52386e-05 0.00030094 -0.000327265 0.000470018 0.000116368 0.000106267 7.50846e-05 0.000168006 -0.000573139 -1.80772e-05 -0.000291389 -6.89547e-05 -7.2464e-05 -1.95136e-05 -7.08582e-05 -0.00105538 0.000196561 -0.000472851 0.000330529 0.000339271 0.000139595 0.000554364 5.03058e-05 -0.000133025 -0.000261934 -9.98256e-05 0.00104997 0.000790608 -0.000821896
internal_weight=50226 34570 1273 266 1007 15656 15441 13569 6809 248 6760 1361 33297 33166 17722 13413 129 6561 94 1872 137 4309 948 5399 15444 3143 12301 224 131 59
internal_count=50226 34570 1273 266 1007 15656 15441 13569 6809 248 6760 1361 33297 33166 17722 13413 129 6561 94 1872 137 4309 948 5399 15444 3143 12301 224 131 59
is_linear=0
shrinkage=0.03


Tree=116
num_leaves=31
num_cat=0
split_feature=11 66 21 72 45 53 10 63 32 5 44 8 70 0 70 57 21 64 23 7 19 21 10 47 44 10 40 10 63 22
split_gain=0.338113 0.17001 0.180821 0.149751 0.154006 0.142907 0.135823 0.123253 0.187717 0.139607 0.122613 0.104711 0.102617 0.0802031 0.208245 0.151011 0.145399 0.134629 0.155347 0.131493 0.11905 0.115287 0.116653 0.111896 0.111333 0.101598 0.096851 0.133712 0.110304 0.073474
threshold=0.19897708333333333 0.071910416666666699 0.0072307031980531995 -0.15777314449665389 2.2432596839671443e-07 1.5137074434804572e-06 0.095020833333333318 17.400000000000002 0.45714285714285546 -15.790804256548673 26.892857142857149 0.16239583333333332 -0.45205545877835862 15.000000000000002 -0.22610730998347103 39.050000000000018 0.0022681719972824682 544.50000000000011 0.11135810152313683 -1500.0000000000005 0.00082994101196008565 0.032178363664113176 0.061479166666666661 0.73015879263981087 21.707142857142859 0.044327083333333309 4.3539285714285727 0.26471458333333336 -170.47499999999997 0.068301636904761889
decision_type=2 2 2 2 2 2 2 2 2 2 2 2 2 2 2 2 2 2 2 2 2 2 2 2 2 2 2 2 2 2
left_child=13 2 10 7 5 -5 -6 8 -4 -9 11 -2 -13 14 15 16 -1 20 -19 -17 25 -15 29 -21 -22 -16 27 -24 -28 -23
right_child=1 -3 3 4 6 -7 -8 9 -10 -11 -12 12 -14 21 17 19 -18 18 -20 23 24 22 26 -25 -26 -27 28 -29 -30 -31
leaf_value=0.0015400867563075736 0.0019620273350287347 0.00044723912649670817 -0.00034103692909442164 9.4165371567016024e-05 0.00092840497139793309 -0.00039066911898754194 0.00012000571864486715 -0.00076860025096935655 0.00016437883810828174 -0.00015812751944245803 -0.00045555364919992448 8.481385309180987e-05 0.00031527857344061899 -0.00013078315929876004 0.0017209839057759381 -0.00024858796166744564 0.00039074896735544922 0.00056950434360243684 -0.0020027288044379516 0.00014252955069515375 0.00060285427260678252 0.00023815492176971231 -0.00025773099772250852 0.00086963360973808703 -0.0003248629450730453 1.037840309164298e-05 4.5613547701895961e-05 0.00072065178373334352 0.00050077319903801788 -0.00055756039076287694
leaf_weight=127 30 1122 1047 1089 193 1083 6529 500 1788 1088 254 3462 3588 17611 31 667 506 372 21 1248 119 135 836 228 2520 1529 1068 146 893 396
leaf_count=127 30 1122 1047 1089 193 1083 6529 500 1788 1088 254 3462 3588 17611 31 667 506 372 21 1248 119 135 836 228 2520 1529 1068 146 893 396
internal_value=-1.63594e-06 8.72808e-05 6.75577e-05 1.44919e-06 7.26141e-05 -0.00014627 0.000143797 -0.000140959 -2.1274e-05 -0.000352593 0.000187171 0.000210714 0.000202559 -6.97835e-05 1.50669e-05 0.000220508 0.00062814 -0.000108496 0.000419708 9.84649e-05 -0.000158735 -9.95755e-05 5.77567e-05 0.00025739 -0.000281681 4.73738e-05 0.00013236 -0.000108632 0.000254563 -0.000349553
internal_weight=50226 21773 20651 13317 8894 2172 6722 4423 2835 1588 7334 7080 7050 28453 7368 2776 633 4592 393 2143 4199 21085 3474 1476 2639 1560 2943 982 1961 531
internal_count=50226 21773 20651 13317 8894 2172 6722 4423 2835 1588 7334 7080 7050 28453 7368 2776 633 4592 393 2143 4199 21085 3474 1476 2639 1560 2943 982 1961 531
is_linear=0
shrinkage=0.03


Tree=117
num_leaves=31
num_cat=0
split_feature=11 66 21 72 51 10 63 32 5 44 11 20 69 66 21 73 41 23 69 73 10 44 20 18 63 23 21 37 23 73
split_gain=0.318068 0.16002 0.169684 0.144979 0.155124 0.145075 0.119854 0.174319 0.134408 0.115727 0.107192 0.10666 0.0979391 0.0677667 0.090098 0.0786681 0.11529 0.133186 0.0808483 0.0635616 0.0712637 0.0618172 0.0540207 0.0519351 0.0515141 0.0503908 0.203137 0.158356 0.153206 0.133113
threshold=0.19897708333333333 0.078419642857142854 0.0072307031980531995 -0.15777314449665389 2.1380899352994027 0.095020833333333318 17.400000000000002 0.45714285714285546 -15.790804256548673 26.892857142857149 0.30496249999999997 0.16556934523809522 -0.98211651112579568 0.018416666666666654 0.0037275657060862641 -1.0000000180025095e-35 0.20542103640523868 0.055029833615456721 0.6583954877256819 -0.59214008498130422 0.34142916666666673 26.407142857142862 0.28378869047619054 0.2565048611111112 -193.70999999999995 0.059387236046570806 0.019262257315181313 0.057735026918962935 0.06503332178622924 0.029254934400944958
decision_type=2 2 2 2 2 2 2 2 2 2 2 2 2 2 2 2 2 2 2 2 2 2 2 2 2 2 2 2 2 2
left_child=13 2 9 6 10 -6 7 -4 -8 11 -5 -2 -13 25 -15 16 23 -18 21 -11 -21 -17 -3 -16 -20 -1 -27 28 -28 -29
right_child=1 22 3 4 5 -7 8 -9 -10 19 -12 12 -14 14 15 18 17 -19 24 20 -22 -23 -24 -25 -26 26 27 29 -30 -31
leaf_value=-0.00010320321153526718 0.0019442696758196687 0.00094329805465230468 -0.00032665582086271756 -0.00017465009875118812 0.0014426143098039081 0.00017102017550674415 -0.00075298387956728341 0.00015891962396580027 -0.00015488650226709401 -0.0012335076162262875 0.0001279332611243912 0.00054076026302642068 0.00015965355516415599 -0.00075138774397958037 7.504062243525068e-05 7.7328964433456276e-05 -0.00010196337714034673 -0.0007907104398142199 0.00019337757224509598 8.885567144491501e-05 -0.0015400751902322684 0.00038953217224961534 0.00034632092867748903 0.000730073771391754 -0.00017814317355784986 0.00067349598165828794 0.00036840638723171246 0.00092322989497281745 -0.00067782352960980461 -0.00061012440668823916
leaf_weight=21014 31 173 1054 2657 82 4491 502 1797 1090 67 1735 680 6374 132 573 1207 1166 327 502 160 27 1135 853 138 990 378 166 178 479 68
leaf_count=21014 31 173 1054 2657 82 4491 502 1797 1090 67 1735 680 6374 132 573 1207 1166 327 502 160 27 1135 853 138 990 378 166 178 479 68
internal_value=-1.56546e-06 8.46734e-05 6.64057e-05 2.70082e-06 7.23658e-05 0.000194788 -0.000137177 -1.95948e-05 -0.00034572 0.000182367 -5.44338e-05 0.000205231 0.000196889 -6.76638e-05 1.99199e-05 3.74003e-05 -0.000104667 -0.000255251 0.000119857 -0.000441941 -0.000137321 0.000230014 0.000450722 0.000207238 -5.10857e-05 -9.20496e-05 9.02229e-05 -0.000154341 -0.000403764 0.000486476
internal_weight=50226 21773 20747 13408 8965 4573 4443 2851 1592 7339 4392 7085 7054 28453 6170 6038 2204 1493 3834 254 187 2342 1026 711 1492 22283 1269 891 645 246
internal_count=50226 21773 20747 13408 8965 4573 4443 2851 1592 7339 4392 7085 7054 28453 6170 6038 2204 1493 3834 254 187 2342 1026 711 1492 22283 1269 891 645 246
is_linear=0
shrinkage=0.03


Tree=118
num_leaves=31
num_cat=0
split_feature=12 10 70 23 17 6 20 40 6 35 18 69 65 23 72 46 42 69 70 57 70 39 23 12 72 11 10 21 27 23
split_gain=0.301296 0.12829 0.120607 0.16787 0.137287 0.125348 0.117894 0.124549 0.1174 0.11058 0.108949 0.111962 0.136539 0.102577 0.0986308 0.0935195 0.0929284 0.21599 0.0935404 0.0827708 0.0814886 0.0689785 0.388211 0.255922 0.128819 0.117698 0.136089 0.0665711 0.0794867 0.0771174
threshold=0.26355833333333339 0.19972916666666668 0.1500498401600889 0.0048961986417637724 -1433.0720866284207 -6.17348858234645 0.15570833333333331 5.8653571428571443 -467.94065218876148 18.142839837319773 0.15277430555555563 0.87795195455888941 -0.0027272727272727513 0.10588466360597949 -13.955291231256778 24.489285714285721 24.366666666666671 -0.70252096857941215 -0.9523422988233432 583.30000000000007 -0.9668120007078248 5.0888246878867606e-08 0.061148817746941884 0.12126666666666666 0.2619310475955397 0.12961874999999998 0.053981250000000008 0.1284246851649663 40.266444716489396 0.10119086405167864
decision_type=2 2 2 2 2 2 2 2 2 2 2 2 2 2 2 2 2 2 2 2 2 2 2 2 2 2 2 2 2 2
left_child=1 9 5 4 -4 16 7 -2 13 21 27 12 20 -5 -6 -10 17 -3 -18 -14 -12 25 24 -24 -23 -1 -27 28 29 -8
right_child=6 2 3 8 14 -7 10 -9 15 -11 11 -13 19 -15 -16 -17 18 -19 -20 -21 -22 22 23 -25 -26 26 -28 -29 -30 -31
leaf_value=-9.3652791788652673e-05 0.0011558725478296931 0.00029976708301638548 -0.00069767893495503806 -4.1963135743720088e-05 0 0.001236374187075894 -0.00028619540797014697 -0.00013807932590862037 -0.00014924066762966653 -0.00087818733159463944 -0.00050819785748311181 0.00039059074291921482 0.00015822731849281059 0.0014067160913099844 0.0014760582384135989 -0.00066701437990948913 0.00047766393792319812 -0.00021095622903277917 0.0001200060170940514 0.00085815293382399398 -9.3952859280273662e-06 -0.00011833513151953536 0.0011594673950561562 0.00011931046659710937 6.5414242676748116e-05 -0.0013832367411217628 -0.00030341756997638315 0.00036558477301150557 0.00063075453666753547 -0.0012890416618077246
leaf_weight=7078 197 1185 49 1914 53 88 175 95 747 154 328 1337 6527 44 134 567 845 2001 3165 157 2972 13276 381 498 4608 116 1280 87 42 126
leaf_count=7078 197 1185 49 1914 53 88 175 95 747 154 328 1337 6527 44 134 567 845 2001 3165 157 2972 13276 381 498 4608 116 1280 87 42 126
internal_value=-1.50658e-06 -4.28313e-05 4.45958e-05 -9.94435e-05 0.000669224 0.000114382 0.000129259 0.000725622 -0.000155989 -7.73873e-05 0.000114125 0.00013213 9.71825e-05 -7.17569e-06 0.00104516 -0.000375282 0.000100074 -2.00222e-05 0.000196221 0.000175242 -6.0021e-05 -7.27173e-05 -4.04066e-05 0.000574378 -7.08214e-05 -0.000143892 -0.000396218 -0.000352169 -0.000543477 -0.000718804
internal_weight=50226 38183 10792 3508 236 7284 12043 292 3272 27391 11751 11321 9984 1958 187 1314 7196 3186 4010 6684 3300 27237 18763 879 17884 8474 1396 430 343 301
internal_count=50226 38183 10792 3508 236 7284 12043 292 3272 27391 11751 11321 9984 1958 187 1314 7196 3186 4010 6684 3300 27237 18763 879 17884 8474 1396 430 343 301
is_linear=0
shrinkage=0.03


Tree=119
num_leaves=31
num_cat=0
split_feature=12 73 5 20 40 23 44 18 57 19 21 47 8 45 17 11 12 23 18 70 65 0 23 23 53 70 0 73 39 19
split_gain=0.283503 0.134826 0.137124 0.110825 0.117369 0.104682 0.104291 0.0960828 0.0956123 0.0888022 0.109273 0.0945968 0.088466 0.0816964 0.129202 0.079053 0.0938781 0.0733163 0.0689104 0.0686831 0.0600151 0.0932202 0.176261 0.0774689 0.0641502 0.065023 0.0592472 0.0574581 0.0501345 0.0652476
threshold=0.26355833333333339 0.040097330912346692 -72.494133620266425 0.15570833333333331 5.8653571428571443 0.10588466360597949 14.992857142857146 0.25022499999999998 583.30000000000007 0.10083743201546366 0.0073537970807285502 0.30091435749950918 0.05871666666666666 0.51455019654250511 -57.239902733972748 0.12164583333333331 0.15735416666666666 0.0016057809640032969 0.090463194444444436 -0.84291031405530259 -0.0024166666666666082 47.500000000000007 0.040394414871022501 0.048563752235602199 13.357303825878732 0.16704543776228128 15.000000000000002 3.9280730791643212 0.075435245015019914 0.040557872290794196
decision_type=2 2 2 2 2 2 2 2 2 2 2 2 2 2 2 2 2 2 2 2 2 2 2 2 2 2 2 2 2 2
left_child=1 5 7 4 -2 20 -5 17 9 10 -8 -11 -4 19 -15 -9 -17 26 -7 -14 24 22 -22 -23 25 -1 -3 -19 29 -20
right_child=3 2 12 6 -6 18 8 15 -10 11 -12 -13 13 14 -16 16 -18 27 28 -21 21 23 -24 -25 -26 -27 -28 -29 -30 -31
leaf_value=-9.1224748906680152e-05 0.0011213715012841434 0.00042453994212803887 -0.00018105316130616737 0.00051912503581228928 -0.00013398009318916593 -0.00040501886042388713 0.00019258630394063936 0.0018853870132938028 0.00074262388389630368 0.00014419327788054944 -6.4106497759202868e-06 0.0013196548591807205 0.00025669909571699915 0.0006210600428676518 0.00014493220917021597 -0.00061230123964778609 0.00060280711884169193 -7.5399958425776542e-05 0.0013104894343763589 1.1493788606403458e-06 -6.2762205079893124e-05 -9.902551030231952e-05 0.0002346642136099098 -0.00034232028761281168 0.001379047388575323 -0.00032541898172595428 -0.00013846328745313537 -0.00034328413745923899 0.0015950362575865948 -0.0006537620815737495
leaf_weight=2486 197 325 836 539 95 36 3860 29 199 164 6884 105 1298 723 1853 79 189 1450 29 3577 10281 7513 2170 1416 22 1936 336 1505 66 28
leaf_count=2486 197 325 836 539 95 36 3860 29 199 164 6884 105 1298 723 1853 79 189 1450 29 3577 10281 7513 2170 1416 22 1936 336 1505 66 28
internal_value=-1.45937e-06 -4.15471e-05 4.05567e-05 0.000125385 0.00070365 -8.02135e-05 0.000110702 -0.000105402 9.07552e-05 7.86375e-05 6.48151e-05 0.000617316 0.000109843 0.000142903 0.000279919 0.000409768 0.000232525 -0.000148646 0.000682733 6.98451e-05 -8.50534e-05 -6.39825e-05 -1.06702e-05 -0.000137978 -0.000185713 -0.000194486 0.000134045 -0.00021292 0.00102599 0.000299234
internal_weight=50226 38183 12200 12043 292 25983 11751 3913 11212 11013 10744 269 8287 7451 2576 297 268 3616 159 4875 25824 21380 12451 8929 4444 4422 661 2955 123 57
internal_count=50226 38183 12200 12043 292 25983 11751 3913 11212 11013 10744 269 8287 7451 2576 297 268 3616 159 4875 25824 21380 12451 8929 4444 4422 661 2955 123 57
is_linear=0
shrinkage=0.03


Tree=120
num_leaves=31
num_cat=0
split_feature=22 5 52 35 23 69 61 11 53 62 72 17 25 47 69 11 46 69 63 0 64 22 3 11 23 46 69 3 36 47
split_gain=0.313487 0.151262 0.191014 0.138874 0.228201 0.127506 0.175153 0.107252 0.104728 0.0977052 0.0931154 0.150294 0.0921729 0.0885426 0.0799434 0.118572 0.120516 0.169163 0.0993233 0.078335 0.168516 0.079237 0.0707707 0.0674936 0.0767795 0.127645 0.108527 0.10538 0.100022 0.0742394
threshold=0.12948511904761906 -11.293698073974552 80.035714285714292 0.64942907790589344 0.07584776394466157 -0.74981945761428159 -30.550000000000001 0.36808712121212123 1.6035674514745477 17.240000000000013 -0.40745110534727752 -14.399926849883025 147.77658928632653 0.1069044967649694 -0.2760944163666606 0.3490375 17.68928571428572 0.823915376013162 -95.864999999999981 57.500000000000007 74.500000000000014 0.23181785714285716 26.650000000000002 0.040747916666666655 0.040394414871022501 29.203571428571433 0.11593352601052392 31.350000000000005 8.2516666666666705 0.34234164543299356
decision_type=2 2 2 2 2 2 2 2 2 2 2 2 2 2 2 2 2 2 2 2 2 2 2 2 2 2 2 2 2 2
left_child=23 2 3 4 7 6 -5 -2 22 -7 11 -10 -6 -12 19 16 17 -16 -18 20 21 -3 -4 -1 -25 26 29 -27 -28 -26
right_child=1 14 8 5 12 9 -8 -9 10 -11 13 -13 -14 -15 15 -17 18 -19 -20 -21 -22 -23 -24 24 25 27 28 -29 -30 -31
leaf_value=-0.00026203052091052463 -0.00017668836327398255 8.3285196813583321e-05 0.00010510713336007786 -0.00038686645382516818 0.00024393404721305702 0.00013489142690248647 0.00052935682924710298 0.00077235987139096765 -0.00014980727477898237 -0.00041102865816283388 -0.0013692759938165545 -0.00083718622559933312 -0.00083733192380896061 -9.3344935010450635e-05 -0.00067407859357711481 0.00028992607643287959 -0.0018558840111363676 0.00030034770919546881 7.8967099527821983e-05 -9.9322284932078317e-06 0.0021180157518479971 0.00034990678717980602 -0.00056710648789419797 -9.5913279593893788e-05 0.00021118839659619253 -0.00049218633112894526 0.00058566658555356938 0.00077704460843575779 -0.0011836771104356337 -0.00065603376776439089
leaf_weight=1961 4108 1531 2136 212 2402 5066 1410 108 777 310 49 466 71 3865 515 1448 23 227 2612 988 44 3108 149 15082 230 385 704 67 28 141
leaf_count=1961 4108 1531 2136 212 2402 5066 1410 108 777 310 49 466 71 3865 515 1448 23 227 2612 988 44 3108 149 15082 230 385 704 67 28 141
internal_value=2.68253e-06 6.02175e-05 1.38165e-05 8.04533e-05 -1.68819e-05 0.000173908 0.000407591 -0.000151488 -0.00010833 0.000102783 -0.000183376 -0.000410383 0.000211352 -0.00011043 0.000153329 6.26932e-05 -3.39093e-05 -0.000371932 6.02427e-05 0.000229891 0.00028112 0.000262598 5.97323e-05 -9.49897e-05 -7.51057e-05 0.000124712 0.000299996 -0.000296126 0.000512371 -0.000111216
internal_weight=50223 31625 21129 13687 6689 6998 1622 4216 7442 5376 5157 1243 2473 3914 10496 4825 3377 742 2635 5671 4683 4639 2285 18598 16637 1555 1103 452 732 371
internal_count=50223 31625 21129 13687 6689 6998 1622 4216 7442 5376 5157 1243 2473 3914 10496 4825 3377 742 2635 5671 4683 4639 2285 18598 16637 1555 1103 452 732 371
is_linear=0
shrinkage=0.03


Tree=121
num_leaves=31
num_cat=0
split_feature=22 65 0 69 7 46 11 23 65 42 42 68 62 64 70 9 46 17 15 18 46 70 7 65 23 7 52 11 23 21
split_gain=0.294956 0.144851 0.154284 0.15355 0.250518 0.262879 0.161686 0.148483 0.120999 0.118204 0.198744 0.156714 0.112152 0.109524 0.10605 0.126438 0.141453 0.147047 0.117742 0.0945417 0.0635677 0.233289 0.0958755 0.0789311 0.1238 0.0722135 0.0699468 0.063488 0.072208 0.121653
threshold=0.12948511904761906 -0.0050172111136944633 47.500000000000007 -0.73831951690629072 -27.212672686642176 25.200000000000006 0.15949374999999996 0.099847358532316674 0.10352708333333337 26.300000000000008 26.166666666666675 -67.903984763538219 -116.90499999999997 41.500000000000007 0.13300977955191609 0.33302083333333338 24.51071428571429 -28.217264955448012 -13.329687472611301 0.3321041666666667 24.546428571428578 -0.49749486057528974 -1499.9999999999998 -0.0547083333333334 0.031853659780353399 -14.167144294643991 58.107142857142868 0.040747916666666655 0.040394414871022501 0.010138763159251695
decision_type=2 2 2 2 2 2 2 2 2 2 2 2 2 2 2 2 2 2 2 2 2 2 2 2 2 2 2 2 2 2
left_child=27 14 3 4 6 -6 -3 12 19 10 -9 -11 -4 -14 20 16 18 -18 -16 -5 21 22 -2 25 -25 -22 -23 -1 -29 -30
right_child=1 2 7 8 5 -7 -8 9 -10 11 -12 -13 13 -15 15 -17 17 -19 -20 -21 23 26 -24 24 -26 -27 -28 28 29 -31
leaf_value=-0.00025417361301687994 -0.0013712989034852944 0.0011867232653027166 0.002038631193170493 3.0739954832626402e-05 0.00025332960189090387 -0.00036269048607641879 0.00042032683710389065 0.00028401373812036274 0.00076610870804178172 -0.0013421339601848339 -0.0026764355654684971 0.0009266934055365976 2.3747849196529537e-05 -0.00025254579063945767 0.00018782319207824724 0.00024126230955395539 -0.0002354294085125598 -0.00097562422608572742 -0.00043127090046025701 0.00024545750252359742 -0.00044820745737182731 -0.0010628386938828041 -0.00025550048805508731 7.189820649399189e-05 0.00065780757708820486 0.00059262085966574503 0.00039235792324756756 -9.3036071833895354e-05 0.00068354381293769231 -1.8257693056963101e-06
leaf_weight=1961 74 299 21 11306 2812 797 1645 89 226 28 25 327 2805 2364 632 440 549 452 486 2217 299 29 1302 1124 464 72 741 15082 282 1273
leaf_count=1961 74 299 21 11306 2812 797 1645 89 226 28 25 327 2805 2364 632 440 549 452 486 2217 299 29 1302 1124 464 72 741 15082 282 1273
internal_value=2.59281e-06 5.84031e-05 9.16271e-05 0.000132051 0.000265406 0.000116396 0.000540296 -4.57203e-05 7.7957e-05 0.000463846 -0.000356749 0.000736049 -9.24262e-05 -0.000102057 -6.55873e-05 -0.000217259 -0.000313953 -0.000573297 -7.87639e-05 6.61787e-05 2.82623e-05 -8.36144e-05 -0.000318638 0.000152329 0.00024529 -0.000237099 0.000332353 -9.21466e-05 -7.28541e-05 0.000120898
internal_weight=50223 31625 24961 19302 5553 3609 1944 5659 13749 469 114 355 5190 5169 6664 2559 2119 1001 1118 13523 4105 2146 1376 1959 1588 371 770 18598 16637 1555
internal_count=50223 31625 24961 19302 5553 3609 1944 5659 13749 469 114 355 5190 5169 6664 2559 2119 1001 1118 13523 4105 2146 1376 1959 1588 371 770 18598 16637 1555
is_linear=0
shrinkage=0.03


Tree=122
num_leaves=31
num_cat=0
split_feature=22 5 52 70 63 64 23 3 23 10 10 44 38 60 39 34 8 41 20 23 35 12 47 23 7 21 71 9 23 45
split_gain=0.277637 0.140898 0.176749 0.132897 0.191565 0.130745 0.172457 0.114927 0.106338 0.10583 0.100469 0.0984799 0.0924559 0.0906765 0.0817305 0.139099 0.0809188 0.0766032 0.0644962 0.0632387 0.0983107 0.071288 0.0761801 0.0677372 0.0613732 0.0580938 0.0619966 0.0527249 0.108475 0.0962034
threshold=0.12848958333333335 -11.293698073974552 80.035714285714292 0.23448270380211197 1.0000000180025095e-35 16.500000000000004 0.082055656401641711 25.350000000000005 0.026988690287599867 0.39531250000000001 0.22568333333333332 20.492857142857147 3.2007142857142861 68.205000000000027 0.42821890248769684 4.2321428571428585 0.33973333333333339 0.75097610473475129 0.15249970238095237 0.027618668813989018 8.6790846860083501 0.37927083333333333 0.14525460784051222 0.082055656401641711 -18.519856562668114 0.0063764077966258605 -0.32007077178161664 0.15102083333333333 0.028547442157069797 0.053452248382534831
decision_type=2 2 2 2 2 2 2 2 2 2 2 2 2 2 2 2 2 2 2 2 2 2 2 2 2 2 2 2 2 2
left_child=10 2 5 9 24 14 8 -6 -7 11 18 -4 -11 -8 16 -16 -2 19 27 21 23 22 -3 -21 -5 -19 -27 28 -1 -30
right_child=1 17 3 4 7 6 13 -9 -10 12 -12 -13 -14 -15 15 -17 -18 25 -20 20 -22 -23 -24 -25 -26 26 -28 -29 29 -31
leaf_value=-0.00010959433528065303 -3.7736412308567197e-05 0.00052856360844425745 -0.00055729538981521165 0.00014288089327739727 -0.00035308710770488123 5.2538532176268938e-05 0.00065162793749290037 -0.0010837179188207874 -0.00020804192895908298 -0.00049304618603928253 -0.0013297530729007921 -2.4098344348137571e-05 0.0011270956090696518 0.00013118193361538426 0.00034121626648921522 -0.00018644950303173616 0.00057538507672907642 0.00026929519700502315 0.00045271377489552832 0.00031720641557473971 0.00092986225514743079 0.00035382597748017395 4.9511287633696721e-05 -0.00014307676321347287 -0.00034893085085345552 -0.00074195772291590955 -5.2140343801597826e-05 -0.00033871795564785056 -9.9906837923446153e-05 0.00029855353512274051
leaf_weight=15210 1767 321 332 599 477 2507 358 349 3175 39 58 5199 123 2075 3225 514 216 464 195 2029 214 1065 4593 325 365 129 1366 754 991 1189
leaf_count=15210 1767 321 332 599 477 2507 358 349 3175 39 58 5199 123 2075 3225 514 216 464 195 2029 214 1065 4593 325 365 129 1366 754 991 1189
internal_value=2.51815e-06 5.62037e-05 1.1738e-05 -0.000105546 -0.000331132 7.53849e-05 -1.68881e-06 -0.000666357 -9.25523e-05 -3.40451e-05 -9.01904e-05 -5.67409e-05 0.000718025 0.000209231 0.000185197 0.000267846 2.77926e-05 0.000146143 -8.60343e-05 0.00018496 0.000310318 0.000130574 8.15162e-05 0.000252351 -4.03939e-05 -2.16878e-05 -0.000114125 -9.20143e-05 -8.11263e-05 0.00011608
internal_weight=50223 31826 21320 7483 1790 13837 8115 826 5682 5693 18397 5531 162 2433 5722 3739 1983 10506 18339 8547 2568 5979 4914 2354 964 1959 1495 18144 17390 2180
internal_count=50223 31826 21320 7483 1790 13837 8115 826 5682 5693 18397 5531 162 2433 5722 3739 1983 10506 18339 8547 2568 5979 4914 2354 964 1959 1495 18144 17390 2180
is_linear=0
shrinkage=0.03


Tree=123
num_leaves=31
num_cat=0
split_feature=22 65 0 69 7 44 11 65 21 68 7 8 69 50 73 11 69 42 9 20 32 12 35 65 9 12 0 41 39 11
split_gain=0.261259 0.135461 0.143288 0.146264 0.239923 0.241877 0.161156 0.112563 0.1109 0.0967504 0.124496 0.0930844 0.0896006 0.0834337 0.0816759 0.0810564 0.0812978 0.0759967 0.0714585 0.0594792 0.0574209 0.0524166 0.0518326 0.0515144 0.047855 0.0740654 0.061342 0.0474284 0.108406 0.0899429
threshold=0.12848958333333335 -0.0050172111136944633 47.500000000000007 -0.73831951690629072 -27.212672686642176 25.307142857142864 0.15949374999999996 0.10352708333333337 0.0012266334536306723 -2.1194094599308086 -28.3368826121838 0.35090277777777773 0.95992380042979863 85.928571428571445 8.7327444275782273 0.40283333333333332 0.99699193743116299 26.616666666666671 0.22777083333333339 0.15249970238095237 0.45714285714285546 0.36157083333333334 0.10271051820306391 0.009475000000000058 0.15102083333333333 0.15272916666666667 15.000000000000002 0.0053452248382483839 5.4177531919797329e-09 0.29410416666666667
decision_type=2 2 2 2 2 2 2 2 2 2 2 2 2 2 2 2 2 2 2 2 2 2 2 2 2 2 2 2 2 2
left_child=18 9 3 4 6 -6 -3 11 13 10 14 -5 17 21 20 16 -10 -12 19 23 -2 -4 -17 24 26 -26 -1 -11 29 -29
right_child=1 2 8 7 5 -7 -8 -9 15 27 12 -13 -14 -15 -16 22 -18 -19 -20 -21 -22 -23 -24 -25 25 -27 -28 28 -30 -31
leaf_value=3.4912293422431962e-05 -0.00036120886000763663 0.0011591845359528502 -0.00068194466797999584 3.0603025745572332e-05 0.00023322896506792763 -0.00037748603547035827 0.00040279995272290335 0.00073512565431577202 -3.8151436124339714e-05 0.00048772409027843109 -0.00041740955550197248 0.00026312460125400367 0.0013630159683102234 0.00075819615681850625 -0.0010252685922519369 0.0020180309885846717 0.00072977948826957696 -0.0011994611349568423 -0.0011918423049138717 0.00043443156736365588 0.00013144967075255569 0.00068199782070703808 0.00028295597125543279 0.00012065442697281001 -7.4768294210030632e-05 -0.0006952086155329948 -0.00011768820863730461 -0.0018818400320960789 2.2823403920897365e-05 -0.00025307300079171314
leaf_weight=2836 272 307 423 11793 2899 727 1646 227 5042 182 763 1792 21 42 70 27 126 138 52 194 956 24 47 976 423 308 13608 47 4155 100
leaf_count=2836 272 307 423 11793 2899 727 1646 227 5042 182 763 1792 21 42 70 27 126 138 52 194 956 24 47 976 423 308 13608 47 4155 100
internal_value=2.43909e-06 5.45188e-05 8.65421e-05 0.000125532 0.000255375 0.000109885 0.000523767 7.28533e-05 -4.48571e-05 -6.50302e-05 -0.000227036 6.15129e-05 -0.000493651 -0.000476515 -3.51091e-05 -3.93457e-06 -1.87107e-05 -0.000541714 -8.74915e-05 -8.41328e-05 1.96805e-05 -0.000600658 0.00097449 -8.98642e-05 -0.000102008 -0.000340876 -9.11871e-05 1.45416e-05 -4.88836e-06 -0.000803302
internal_weight=50223 31826 25122 19391 5579 3626 1953 13812 5731 6704 2220 13585 922 489 1298 5242 5168 901 18397 18345 1228 447 74 18151 17175 731 16444 4484 4302 147
internal_count=50223 31826 25122 19391 5579 3626 1953 13812 5731 6704 2220 13585 922 489 1298 5242 5168 901 18397 18345 1228 447 74 18151 17175 731 16444 4484 4302 147
is_linear=0
shrinkage=0.03


Tree=124
num_leaves=31
num_cat=0
split_feature=12 66 0 35 72 70 68 41 42 70 72 72 70 10 46 22 33 5 21 53 5 3 53 65 69 23 58 4 12 57
split_gain=0.248838 0.128915 0.122692 0.103566 0.138061 0.150746 0.101442 0.100079 0.134733 0.191954 0.136584 0.13377 0.12195 0.119369 0.105886 0.135077 0.109992 0.102064 0.0992795 0.0894669 0.117405 0.0870727 0.0868552 0.0839351 0.0794952 0.0819662 0.0787673 0.0785772 0.076239 0.0725446
threshold=0.26355833333333339 0.064391666666666694 57.500000000000007 0.36131627495810031 0.2619310475955397 0.30080866500414788 -1.9940700706673267 0.21177948250057421 23.216666666666672 -0.54160775828284857 -0.33957617276786628 -0.082560967004888561 0.76110425866077458 0.3371041666666667 27.367857142857151 0.26366550207039341 0.10690449676496978 -1467.4637107486976 0.023784055571877752 2.1788191176076679 -27.191739946347244 26.850000000000005 7.3246910423532183 0.17945763888888891 -0.2008886948310977 0.0081651588657495489 12.290000000000006 27.500000000000004 0.044879166666666657 16.150000000000009
decision_type=2 2 2 2 2 2 2 2 2 2 2 2 2 2 2 2 2 2 2 2 2 2 2 2 2 2 2 2 2 2
left_child=1 3 6 -1 5 26 -3 11 9 24 13 17 29 -10 16 -16 21 -2 -4 20 -6 -13 -7 27 -9 -26 -5 -12 -21 -11
right_child=7 2 18 4 19 22 -8 8 10 12 23 14 -14 -15 15 -17 -18 -19 -20 28 -22 -23 -24 -25 25 -27 -28 -29 -30 -31
leaf_value=-0.00011004311539482297 -0.00080628798946329368 7.7171304104688727e-06 -0.00074409699020090334 -5.5324483160601772e-05 -0.00040946586269059357 -0.0002888493789942792 0.00046101784754405472 0.00021365739583556554 -0.00091633265669996921 -0.001328140417960557 0.00085773229187197347 0.00026177784643577866 2.5860040799133372e-05 0.00048080880423076444 -2.3191986708608346e-05 -0.0014830193914805671 -0.00025778680670250837 0.00070507137578736459 2.2252316539511026e-05 -0.00026787514902445114 0.00020696875836633799 0.00093595066316233316 0.00015523458513140212 0.0017016587930917739 9.4683713031287715e-05 -0.00038038648093955757 0.00011638090588431108 -8.1373986810724465e-05 0.00024336470891060799 0.00037371342835072421
leaf_weight=15612 40 715 170 7253 558 2906 1235 512 293 21 82 1445 1481 64 333 69 318 706 1327 278 546 201 449 24 482 958 3595 2125 3425 3000
leaf_count=15612 40 715 170 7253 558 2906 1235 512 293 21 82 1445 1481 64 333 69 318 706 1327 278 546 201 449 24 482 958 3595 2125 3425 3000
internal_value=2.37403e-06 -3.52967e-05 0.000139401 -5.27799e-05 -5.59133e-06 -5.27772e-05 0.000296434 0.000120607 6.96395e-05 0.000143171 -0.00011256 0.000267661 0.000251081 -0.000656841 0.000155387 -0.000284262 0.000247002 0.000619046 -6.32106e-05 0.000133184 -0.000101972 0.000346444 -0.000228495 -2.38655e-05 -0.000104174 -0.000219333 1.30721e-06 -4.47506e-05 0.000204112 0.000360455
internal_weight=50223 38069 3447 34622 19010 14203 1950 12154 9042 6454 2588 3112 4502 357 2366 402 1964 746 1497 4807 1104 1646 3355 2231 1952 1440 10848 2207 3703 3021
internal_count=50223 38069 3447 34622 19010 14203 1950 12154 9042 6454 2588 3112 4502 357 2366 402 1964 746 1497 4807 1104 1646 3355 2231 1952 1440 10848 2207 3703 3021
is_linear=0
shrinkage=0.03


Tree=125
num_leaves=31
num_cat=0
split_feature=22 65 5 57 70 44 69 50 64 12 20 12 69 38 51 72 21 39 21 45 26 64 0 64 70 21 12 73 61 39
split_gain=0.223455 0.136249 0.132551 0.15484 0.16747 0.196119 0.143963 0.183653 0.127668 0.0816348 0.172564 0.16371 0.0811458 0.0917059 0.0738319 0.0685492 0.0637684 0.0989952 0.0623571 0.0884375 0.0642714 0.0548583 0.0522959 0.143378 0.131877 0.0824071 0.0607681 0.0509189 0.0500361 0.0450428
threshold=0.11821577380952379 0.044620833333333394 -11.3957182642023 102.45000000000003 0.1159303052754759 23.821428571428577 -0.97505550290239429 56.071428571428577 35.500000000000007 0.21189583333333331 0.10969345238095236 0.19498333333333331 -0.32533907195844763 3.3178571428571435 5.9920582360957111 -0.40745110534727752 0.02795552590403972 0.042761798706028621 0.0056591409525986449 0.053452248382483851 -6.5710536932510726 74.500000000000014 15.000000000000002 1034.5000000000002 -0.67758968959607091 0.096910479770832794 0.16502083333333331 0.080804898741978062 -10.204999999999997 1.0000000180025095e-35
decision_type=2 2 2 2 2 2 2 2 2 2 2 2 2 2 2 2 2 2 2 2 2 2 2 2 2 2 2 2 2 2
left_child=9 2 3 6 15 -6 7 -2 -8 11 29 22 18 14 -14 -5 17 -3 19 -4 -20 28 23 24 -1 26 -24 -15 -18 -11
right_child=1 16 12 4 5 -7 8 -9 -10 10 -12 -13 13 27 -16 -17 21 -19 20 -21 -22 -23 25 -25 -26 -27 -28 -29 -30 -31
leaf_value=0.0007927746597209801 -0.0012425574842099608 -0.00081873559411346482 0.00081982798114913749 -0.00029214295440195103 -5.5325720595344933e-05 -0.00070414694438479303 0.00010186029092245371 0.00053719563451853697 -7.4275398063383203e-05 0.00075192884765961699 -0.0016778579460146527 0.00093687586122355926 -8.1341206529153865e-05 0.00021825371820729917 -0.00079097534460115259 2.2133236074028896e-05 -1.7911547534778237e-05 0.00028382525203334984 8.9277070228414588e-05 0.00023865950509570038 0.00041716731148214306 0.00068007679510855587 -0.0001089602106668584 0.0013242080785706638 -6.1133449303565719e-05 0.0016740512689170628 -0.00078856839670334001 -3.206301773601011e-05 0.00045662292134191748 -0.00035797361491652258
leaf_weight=173 54 103 319 768 821 880 7693 794 7128 46 89 140 1584 2029 145 3263 327 245 3444 1006 648 461 13646 74 2512 22 120 1113 470 108
leaf_count=173 54 103 319 768 821 880 7693 794 7128 46 89 140 1584 2029 145 3263 327 245 3444 1006 648 461 13646 74 2512 22 120 1113 470 108
internal_value=1.27035e-06 4.64517e-05 3.26788e-05 -9.73332e-06 -0.000143249 -0.000392968 3.89237e-05 0.000418999 1.6948e-05 -8.74047e-05 -0.000633958 -7.92284e-05 0.000121188 3.15945e-05 -0.000143011 -3.70573e-05 0.000316156 -3.53223e-05 0.000201177 0.000381354 0.000142023 0.000415719 -8.80628e-05 3.03007e-05 -4.72285e-06 -0.000111966 -0.000115159 0.000128647 0.000258389 -4.37721e-06
internal_weight=50225 33295 31689 21401 5732 1701 15669 848 14821 16930 243 16687 10288 4871 1729 4031 1606 348 5417 1325 4092 1258 16547 2759 2685 13788 13766 3142 797 154
internal_count=50225 33295 31689 21401 5732 1701 15669 848 14821 16930 243 16687 10288 4871 1729 4031 1606 348 5417 1325 4092 1258 16547 2759 2685 13788 13766 3142 797 154
is_linear=0
shrinkage=0.03


Tree=126
num_leaves=31
num_cat=0
split_feature=11 66 21 0 33 64 0 70 57 64 46 20 65 72 45 40 32 12 64 7 10 21 10 50 69 44 73 69 64 69
split_gain=0.20417 0.187805 0.106686 0.106781 0.20148 0.159522 0.104627 0.170909 0.143708 0.136687 0.135248 0.145796 0.132195 0.104609 0.12311 0.102874 0.17134 0.100773 0.0970546 0.0966054 0.133519 0.0945765 0.0846789 0.0873787 0.101798 0.0867603 0.0837358 0.0825667 0.0820584 0.0720874
threshold=0.19897708333333333 0.071910416666666699 0.0074707293511166468 27.500000000000004 1.180810105813632e-07 111.50000000000001 15.000000000000002 -0.22610730998347103 38.150000000000013 915.50000000000011 21.667857142857148 0.15768452380952377 -0.0010833333333332832 -0.18551944888732039 0.21380899352994567 4.104642857142859 0.45714285714285546 0.29521250000000004 444.50000000000006 -1500.0000000000005 0.26941041666666671 0.0072307031980531995 0.27468958333333332 47.071428571428577 0.2843565540399125 24.157142857142862 -0.17601901633680048 0.98801351631316348 574.50000000000011 -0.72660079619119988
decision_type=2 2 2 2 2 2 2 2 2 2 2 2 2 2 2 2 2 2 2 2 2 2 2 2 2 2 2 2 2 2
left_child=6 2 3 4 17 -6 7 8 21 10 11 -9 -12 15 -15 26 -17 -2 -5 29 -21 -1 -8 -24 25 -25 -4 -16 -20 -10
right_child=1 -3 13 18 5 -7 22 9 19 -11 12 -13 -14 14 27 16 -18 -19 28 20 -22 -23 23 24 -26 -27 -28 -29 -30 -31
leaf_value=0.0011372572015129294 0.0013214565351823036 0.00044628073664692794 -0.00044507829910654092 1.0063192327190393e-05 0.00013567460233939076 0.002067921149275767 -9.2159444762210889e-05 0.0014840043124930496 0.0013849793070182202 0.00070010510165286464 -0.00041232297895350687 -6.4049509007674751e-05 -3.4489247157223894e-05 -8.4511563801361748e-05 0.00011759699611167451 -0.00028394632418781156 0.00030488633001083889 0.00041049597339976968 -0.0023484431023781112 0.00034440074623509208 -0.00059316019785590475 0.00034525127800948179 -0.00096694556478360018 0.00017394788172096014 -0.0002300545303882765 0.0017197189984843135 -7.3227027592561938e-05 0.00068664206671191562 -0.0004255732722534251 -0.00024284157226965705
leaf_weight=221 198 1136 1146 1889 5063 38 20887 97 24 198 1164 116 3003 3477 5224 807 985 276 25 1356 149 396 31 59 69 89 1082 242 120 658
leaf_count=221 198 1136 1146 1889 5063 38 20887 97 24 198 1164 116 3003 3477 5224 807 985 276 25 1356 149 396 31 59 69 89 1082 242 120 658
internal_value=1.23358e-06 7.06166e-05 4.97057e-05 0.000138876 0.000206848 0.000151059 -5.14783e-05 4.54833e-05 0.000230127 -6.69802e-05 -0.000102493 0.000630554 -0.000140826 -2.41077e-06 5.4491e-05 -0.000129724 3.80308e-05 0.00079932 -4.59629e-05 0.000114246 0.000249255 0.000635171 -8.54874e-05 0.000462512 0.000683981 0.00112894 -0.000265953 0.00014346 -0.000791465 -0.000179221
internal_weight=50225 21708 20572 7609 5575 5101 28517 7382 2804 4578 4380 213 4167 12963 8943 4020 1792 474 2034 2187 1505 617 21135 248 217 148 2228 5466 145 682
internal_count=50225 21708 20572 7609 5575 5101 28517 7382 2804 4578 4380 213 4167 12963 8943 4020 1792 474 2034 2187 1505 617 21135 248 217 148 2228 5466 145 682
is_linear=0
shrinkage=0.03


Tree=127
num_leaves=31
num_cat=0
split_feature=22 5 52 70 42 69 52 64 12 66 12 20 12 69 20 46 69 70 52 23 69 7 39 69 63 22 20 46 73 10
split_gain=0.199719 0.110978 0.161842 0.105158 0.115255 0.0977286 0.245787 0.136177 0.088422 0.084491 0.0775573 0.161177 0.153726 0.077391 0.0832058 0.13165 0.112721 0.075378 0.0737501 0.0834147 0.0696725 0.11128 0.0880407 0.0668613 0.0615192 0.138604 0.0651284 0.0590723 0.0586942 0.0546393
threshold=0.11821577380952379 -11.3957182642023 79.821428571428598 -0.79354221435844496 24.366666666666671 -0.97873101657557326 57.607142857142868 111.50000000000001 0.080589583333333312 -0.0019583333333333531 0.21189583333333331 0.10969345238095236 0.19498333333333331 -0.29259762607704992 0.35236636904761903 17.68928571428572 0.84293373149377093 0.67123509350548771 78.964285714285737 0.027618668813989018 -0.97505550290239429 -18.519856562668114 0.64404599028581166 -0.50495637864893983 -94.114999999999981 0.28200863095238099 0.22129464285714287 16.589285714285719 10.079143066830797 0.39222916666666668
decision_type=2 2 2 2 2 2 2 2 2 2 2 2 2 2 2 2 2 2 2 2 2 2 2 2 2 2 2 2 2 2
left_child=10 2 5 4 27 6 -2 -8 28 -10 12 -12 -1 18 15 16 -15 -17 19 23 22 -22 -5 -3 25 -20 -26 -4 -7 -6
right_child=1 13 3 20 29 8 7 -9 9 -11 11 -13 -14 14 -16 17 -18 -19 24 -21 21 -23 -24 -25 26 -27 -28 -29 -30 -31
leaf_value=-8.3218494505681319e-05 -0.001416939010126433 0.0004214702123262793 -0.0013051491698120221 0.00018196265607918361 0.00017039178131823316 -0.00020123336439252721 0.00054933300548784688 0.0029540717459243275 -4.798987094514083e-06 0.00014461365830582636 -6.184458428141359e-06 -0.00162426815177314 0.0009099693092507647 -0.00060059469212560268 0.00024088128456594183 9.3115672200098188e-05 0.00020007125522870237 -0.00062152666714931871 0.0023119229773680369 0.0011826868789093408 -0.00010745150948480001 -0.00042080843015918182 -0.00065485910622440063 -0.00083395621900563119 -2.4960340867638811e-05 -0.00056497076072264463 0.0002146633999566761 -0.00015359611784336735 -0.0013629850391731705 0.0011280319278502199
leaf_weight=16547 55 494 42 768 1573 670 483 22 7096 6484 154 89 140 574 1311 2687 211 138 35 131 2628 1705 131 39 1396 23 3591 910 42 56
leaf_count=16547 55 494 42 768 1573 670 483 22 7096 6484 154 89 140 574 1311 2687 211 138 35 131 2628 1705 131 39 1396 23 3591 910 42 56
internal_value=1.20404e-06 4.39215e-05 6.27121e-06 -0.000104102 5.16836e-05 6.4539e-05 0.000453605 0.000665654 4.90537e-05 6.63251e-05 -8.26258e-05 -0.000615339 -7.46521e-05 0.000123908 3.59635e-05 -3.76694e-05 -0.000381586 5.69366e-05 0.000199169 0.000498322 -0.000181521 -0.000231516 5.60976e-05 0.000322602 0.00015911 0.00113 0.000146993 -0.000208864 -0.000275787 0.000205825
internal_weight=50225 33295 22665 7813 2581 14852 560 505 14292 13580 16930 243 16687 10630 4921 3610 785 2825 5709 664 5232 4333 899 533 5045 58 4987 952 712 1629
internal_count=50225 33295 22665 7813 2581 14852 560 505 14292 13580 16930 243 16687 10630 4921 3610 785 2825 5709 664 5232 4333 899 533 5045 58 4987 952 712 1629
is_linear=0
shrinkage=0.03


Tree=128
num_leaves=31
num_cat=0
split_feature=22 65 6 7 69 40 69 41 47 41 12 20 12 40 69 17 20 22 12 21 11 39 42 18 58 64 3 21 8 15
split_gain=0.187924 0.127108 0.114294 0.151998 0.243489 0.160068 0.157185 0.186637 0.0862184 0.0811171 0.0731192 0.151638 0.144713 0.0699036 0.0836953 0.0781912 0.102729 0.0717091 0.0630322 0.0531857 0.0467189 0.043995 0.0601306 0.0896813 0.0416932 0.040618 0.0554347 0.043929 0.0388937 0.0386352
threshold=0.11821577380952379 0.044620833333333394 -11.140492822722459 -19.065795315971855 -0.93535928755917819 5.0660714285714299 0.83827194252655779 0.47760390964212102 0.64648244862222171 2.0255200518231092e-07 0.21189583333333331 0.10969345238095236 0.19498333333333331 3.3446428571428579 0.4749466738948262 -7.6825547191730008 0.25592430124223603 0.36303824404761903 0.14506249999999996 0.0057505710551394888 0.026314583333333304 0.21975091963786675 27.666666666666675 0.057826388888888879 16.205000000000009 74.500000000000014 26.050000000000004 0.02795552590403972 0.11692708333333331 -1499.999999999997
decision_type=2 2 2 2 2 2 2 2 2 2 2 2 2 2 2 2 2 2 2 2 2 2 2 2 2 2 2 2 2 2
left_child=10 2 3 4 5 -2 7 -5 -6 -3 12 21 20 14 18 19 -17 -16 -4 -15 -1 22 23 -12 -13 28 -27 -28 -11 -22
right_child=1 9 13 6 8 -7 -8 -9 -10 25 11 24 -14 15 17 16 -18 -19 -20 -21 29 -23 -24 -25 -26 26 27 -29 -30 -31
leaf_value=-0.00039665153837616904 0.00050201111863625513 -0.00059767222624406747 0.00069675785035832553 -1.4436588646726979e-05 -3.7629194814211097e-05 -0.00071538537845142105 0.00120216854156128 -0.00037058481476580899 0.00010897226736786682 -0.0001861657287219479 -0.0004105612364198481 -0.00018286704764302288 0.00088286383822560308 0.00035222369571925101 -0.00061748269270680157 0.00085409654415965651 0.00025530762543375776 0.00013296230798269708 5.9290778813331327e-05 6.1727267012132824e-06 -0.00017570705391898363 -0.00071678582655214178 -0.00037999727197997606 0.0020005314398063895 -0.0019286732737241047 0.0014131054691123692 -0.00035879803296178582 0.00055589956393279944 0.00031925684634083403 -5.1128230896222581e-05
leaf_weight=414 1338 82 147 3300 11831 102 76 2232 5191 154 20 20 140 535 301 318 1538 175 2959 1646 2730 53 48 33 69 65 49 386 870 13403
leaf_count=414 1338 82 147 3300 11831 102 76 2232 5191 154 20 20 140 535 301 318 1538 175 2959 1646 2730 53 48 33 69 65 49 386 870 13403
internal_value=1.16118e-06 4.25998e-05 2.92943e-05 -2.63971e-06 3.87837e-05 0.00041326 -0.000139526 -0.000158715 6.90568e-06 0.000303092 -8.01537e-05 -0.000597448 -7.24056e-05 0.000130561 3.30847e-05 0.000216279 0.000359922 -0.000335594 9.06408e-05 9.25565e-05 -8.07221e-05 -6.00012e-06 0.000340945 0.00104438 -0.00157608 0.000353885 0.000579757 0.000445397 0.000240212 -7.24048e-05
internal_weight=50225 33295 31689 24070 18462 1440 5608 5532 17022 1606 16930 243 16687 7619 3582 4037 1856 476 3106 2181 16547 154 101 53 89 1524 500 435 1024 16133
internal_count=50225 33295 31689 24070 18462 1440 5608 5532 17022 1606 16930 243 16687 7619 3582 4037 1856 476 3106 2181 16547 154 101 53 89 1524 500 435 1024 16133
is_linear=0
shrinkage=0.03


Tree=129
num_leaves=31
num_cat=0
split_feature=12 73 5 41 44 70 72 10 70 62 20 42 47 44 27 18 70 23 72 47 29 62 42 46 70 7 39 26 73 23
split_gain=0.17781 0.115592 0.109754 0.0987969 0.120995 0.160925 0.134975 0.124074 0.115026 0.100544 0.129877 0.10172 0.139217 0.105859 0.100247 0.0982331 0.0921789 0.0904771 0.0847973 0.12573 0.0831497 0.0801251 0.140203 0.13538 0.0969865 0.0919308 0.0786621 0.0716547 0.0707681 0.069482
threshold=0.26355833333333339 0.037227305639929938 -72.494133620266425 0.20158710930355303 23.607142857142858 -0.51235243343851777 -0.33957617276786628 0.3371041666666667 0.76663042157996963 -81.174999999999969 0.15570833333333331 26.083333333333343 0.1406421692815448 26.264285714285723 167.62509366407662 0.25022499999999998 -0.22610730998347103 0.011466463687493574 -0.082560967004888561 0.17032612545051698 87.707117510105263 -15.069999999999995 25.583333333333339 20.710714285714293 0.098816478347602127 -1500.0000000000025 5.4177531919797329e-09 -496.87595814976663 0.21802477038946536 0.10588466360597949
decision_type=2 2 2 2 2 2 2 2 2 2 2 2 2 2 2 2 2 2 2 2 2 2 2 2 2 2 2 2 2 2
left_child=1 29 15 9 5 -5 7 16 27 11 -11 12 -2 -13 17 -3 -6 -8 -12 -20 -17 22 24 -23 -4 -25 -15 -7 -10 -1
right_child=3 2 21 4 6 8 14 -9 28 10 18 13 -14 26 -16 20 -18 -19 19 -21 -22 23 -24 25 -26 -27 -28 -29 -30 -31
leaf_value=-7.0724300416894156e-05 1.9102197309056742e-05 -0.00012947643044683814 0.00031045966980145336 -9.5178323357892426e-05 -5.9538736714628231e-05 -0.0010813473918505252 -0.00035659829500648405 0.00053818847109815559 7.2511346325802709e-05 0.0012708194953584238 0.00060937162022615086 -0.0020615024942380843 0.0023004634951906545 -0.00038981821848138571 -0.0020047859688815863 0.00019567925544010977 -0.0012652913861652907 9.7585662494813479e-05 0.00031559591342468154 -0.00030972842380621126 0.0015634174416633323 -0.000228077045840259 8.4389682819598763e-05 -0.0002802003114506677 0.00093986179515159166 0.00018167995674683485 0.00043323919187484227 0.00034732678506230863 -0.00064796348373509104 0.00053763498980882599
leaf_weight=25675 86 3617 797 2098 86 30 520 60 1338 129 556 27 34 363 22 243 208 1622 1310 366 49 1348 2387 437 319 3140 143 2913 134 168
leaf_count=25675 86 3617 797 2098 86 30 520 60 1338 129 556 27 34 363 22 243 208 1622 1310 366 49 1348 2387 437 319 3140 143 2913 134 168
internal_value=1.12407e-06 -3.05206e-05 4.48816e-05 0.000101674 5.1607e-05 0.000120115 -0.00012438 -0.000667032 0.000223099 0.000250631 0.000341957 -7.50021e-05 0.000703951 -0.000256984 -3.39567e-05 -8.60688e-05 -0.000924155 -1.13888e-05 0.000286384 0.000177147 0.000439988 0.000105977 0.000215761 2.7254e-05 0.000493736 0.000124351 -0.000150902 0.000331382 4.49262e-06 -6.66328e-05
internal_weight=50225 38180 12337 12045 9031 6513 2518 354 4415 3014 2361 653 120 533 2164 3909 294 2142 2232 1676 292 8428 3503 4925 1116 3577 506 2943 1472 25843
internal_count=50225 38180 12337 12045 9031 6513 2518 354 4415 3014 2361 653 120 533 2164 3909 294 2142 2232 1676 292 8428 3503 4925 1116 3577 506 2943 1472 25843
is_linear=0
shrinkage=0.03


Tree=130
num_leaves=31
num_cat=0
split_feature=12 73 13 72 46 69 21 69 27 52 23 69 20 44 66 46 68 18 35 24 45 6 21 7 23 23 62 23 51 66
split_gain=0.185327 0.109007 0.100647 0.0871115 0.0976433 0.109816 0.086491 0.0984549 0.0995565 0.10481 0.103132 0.10329 0.0862779 0.085661 0.0756879 0.123421 0.0801685 0.0730223 0.103321 0.0684878 0.0674206 0.0685873 0.0640054 0.0632912 0.114052 0.0594596 0.0589538 0.0585005 0.0908318 0.0645591
threshold=0.26637797619047626 0.040097330912346692 -72.347933501095213 0.75736607826441127 20.503571428571437 -0.51973899919070132 0.0031210483525615424 0.87795195455888941 27.518104290855295 60.821428571428577 0.037271459715737955 -0.2008886948310977 0.18699523809523808 14.992857142857146 -0.08491666666666664 29.203571428571433 17.649124855115065 0.25022499999999998 5.31495918966879 -10.813759704453497 0.65173760422567184 -24.738987626281553 0.036028832641879907 -1500.0000000000143 0.0037406764153810113 0.014143591316600718 -15.069999999999995 0.099847358532316674 2.9113897843113916 0.20528958333333333
decision_type=2 2 2 2 2 2 2 2 2 2 2 2 2 2 2 2 2 2 2 2 2 2 2 2 2 2 2 2 2 2
left_child=1 27 17 4 5 -4 -2 8 10 12 13 -12 -10 -8 15 -9 -17 23 22 -6 21 -5 -19 24 -3 -16 -22 29 -29 -1
right_child=6 2 3 20 19 -7 7 14 9 -11 11 -13 -14 -15 25 16 -18 18 -20 -21 26 -23 -24 -25 -26 -27 -28 28 -30 -31
leaf_value=-6.4707231681308065e-05 0.00036047314421575131 0.0018853415445639536 0.00012029858671324817 8.9462730930536818e-05 3.8716033525910306e-06 -0.00048570824301786712 0.00043546287087329011 0.00084635017011314628 0.00013044307800009848 1.9434995810299889e-05 0.00040130387127276128 2.3295383714338057e-05 -0.0011166723998086083 -2.7107166500154728e-05 0.00015965098934417208 -0.00043648406212942688 -0.0026728885507803749 0.00024910198940538808 -0.001630545452237129 0.00023992177525030407 0.00069548055134967333 0.00079369971473755682 0.0013237917491999854 -0.00013855035611696362 0 0.00059153713015181288 0.00014666680823277191 7.7256747545713245e-05 0.0013260491334579206 -0.00078273729607462883
leaf_weight=25734 1115 38 474 1611 2744 602 384 44 62 310 1424 1230 188 5600 554 57 21 214 20 1883 477 136 69 3601 103 654 305 287 65 113
leaf_count=25734 1115 38 474 1611 2744 602 384 44 62 310 1424 1230 188 5600 554 57 21 214 20 1883 477 136 69 3601 103 654 305 287 65 113
internal_value=3.62642e-06 -2.80462e-05 4.5575e-05 0.000105936 4.0305e-05 -0.000216101 0.000108544 8.15463e-05 4.62628e-05 -0.000340087 7.16936e-05 0.00022732 -0.000796148 2.14302e-06 0.000323087 -0.000374259 -0.00110278 -7.652e-05 0.000368358 0.000100614 0.000252676 0.000146425 0.000525431 -0.000113433 0.000503362 0.000396247 0.000485721 -6.26604e-05 0.000319459 -6.79926e-05
internal_weight=50119 38476 12277 8232 5703 1076 11643 10528 9198 560 8638 2654 250 5984 1330 122 78 4045 303 4627 2529 1747 283 3742 141 1208 782 26199 352 25847
internal_count=50119 38476 12277 8232 5703 1076 11643 10528 9198 560 8638 2654 250 5984 1330 122 78 4045 303 4627 2529 1747 283 3742 141 1208 782 26199 352 25847
is_linear=0
shrinkage=0.03


Tree=131
num_leaves=31
num_cat=0
split_feature=18 65 0 65 44 46 5 57 0 37 18 46 6 7 44 13 53 57 71 22 40 32 35 53 50 35 23 42 53 35
split_gain=0.176193 0.104742 0.0866935 0.0790507 0.0790381 0.0745811 0.166352 0.0751111 0.0733514 0.0725943 0.0699308 0.0697404 0.110692 0.152627 0.132065 0.115406 0.0926001 0.0785709 0.057692 0.0482958 0.0480843 0.0462769 0.0461061 0.0455074 0.0454655 0.0435547 0.0400031 0.036589 0.0358253 0.0322907
threshold=0.23313888888888887 0.015631944444444493 72.500000000000014 0.044620833333333394 14.992857142857146 16.825000000000006 -7.5873211998452588 583.30000000000007 57.500000000000007 0.028867513459481253 0.27173611111111123 15.703571428571431 -12.247780032820165 -20.353703294449392 17.535714285714292 -68.481162199549317 1.6035674514745477 52.750000000000007 -0.36271566880982559 0.2718332761699998 3.1128571428571434 0.77142857142857335 4.3626442472355391 8.5526809626192257 79.785714285714292 2.9535785692909369 0.029875015166721523 19.383333333333344 0.36313651960129884 6.809233386508704
decision_type=2 2 2 2 2 2 2 2 2 2 2 2 2 2 2 2 2 2 2 2 2 2 2 2 2 2 2 2 2 2
left_child=1 11 26 4 22 6 10 8 -7 -4 -6 -1 13 15 25 -13 -16 -15 21 -9 -8 -5 -2 -24 -23 -14 29 -28 -29 -3
right_child=3 2 9 18 5 7 20 19 -10 -11 -12 12 14 17 16 -17 -18 -19 -20 -21 -22 24 23 -25 -26 -27 27 28 -30 -31
leaf_value=-0.00030018045107153184 0.00018221964244304859 0.00014795731440849912 -0.00050299408300664679 -0.0014707885730479442 -0.00018892134404294516 0.00010972734708490514 -0.00022465680404069145 -0.0005446279508971863 -4.3843213595062753e-05 0.001054861777686867 -0.0009457060270547117 -7.7463574234539991e-05 0.00037130460860448537 -6.9708614687971376e-06 0.00044651023601516391 6.7225897092133063e-05 -6.548101107597065e-06 -0.00036543049597058402 0.00064508947417226911 0.00089261350001199362 0.00030723300155645496 0.0010243519012417112 0.00092423507624997327 -6.2616100703227385e-05 -0.00077130366055379535 0.0015660401144553906 -0.0005448437274584697 -0.00021442681957514173 0.00044054424472483031 -0.00032761440838209073
leaf_weight=989 368 1182 262 20 214 10690 225 21 3759 28 255 17558 57 773 522 6894 1760 2070 354 152 448 27 200 46 21 74 36 75 899 140
leaf_count=989 368 1182 262 20 214 10690 225 21 3759 28 255 17558 57 773 522 6894 1760 2070 354 152 448 27 200 46 21 74 36 75 899 140
internal_value=3.53768e-06 -3.6341e-05 0.000145321 8.2804e-05 7.21263e-05 5.88829e-05 -0.000173704 7.72641e-05 6.95671e-05 -0.000339163 -0.000607912 -5.19597e-05 -4.35854e-05 -6.0883e-05 0.00015078 -3.6546e-05 9.59236e-05 -0.000269058 0.000488968 0.000698782 0.000124889 -0.000277875 0.000406614 0.00072805 0.00017782 0.00107567 0.000206976 0.000350182 0.000386865 9.51171e-05
internal_weight=50119 33319 2622 16800 16378 15764 1142 14622 14449 290 469 30697 29708 27295 2413 24452 2282 2843 422 173 673 68 614 246 48 131 2332 1010 974 1322
internal_count=50119 33319 2622 16800 16378 15764 1142 14622 14449 290 469 30697 29708 27295 2413 24452 2282 2843 422 173 673 68 614 246 48 131 2332 1010 974 1322
is_linear=0
shrinkage=0.03


Tree=132
num_leaves=31
num_cat=0
split_feature=12 72 33 21 65 42 70 70 5 26 39 0 5 66 60 41 22 66 0 51 21 10 11 22 20 8 23 66 66 51
split_gain=0.166587 0.107362 0.111338 0.101252 0.111727 0.086083 0.0821081 0.0889682 0.099785 0.0791895 0.0756314 0.123837 0.0711865 0.0650124 0.0635851 0.0748283 0.0738402 0.0622665 0.0863809 0.0799553 0.084149 0.0658749 0.0785716 0.073904 0.0620716 0.0801341 0.0604724 0.0569515 0.0587161 0.141234
threshold=0.24335416666666668 0.2619310475955397 0.069006555938444264 0.0053051356519583223 0.044620833333333394 14.983333333333333 0.82392300575755406 0.42887605137607676 -80.427836195918815 -10.355761363709375 0.12294017127971744 92.500000000000014 -18.212948737279188 0.13334791666666676 46.335000000000015 0.1523389078900835 0.24045892857142856 0.018416666666666654 72.500000000000014 1.1126972805286441 0.0058508876989427283 0.16593749999999999 0.15514583333333329 0.072966071428571422 0.37175000000000008 0.35623125 0.026251827257579283 -0.24892708333333333 -0.10841249999999999 2.8850651664719623e-06
decision_type=2 2 2 2 2 2 2 2 2 2 2 2 2 2 2 2 2 2 2 2 2 2 2 2 2 2 2 2 2 2
left_child=1 17 13 10 5 -5 7 12 -9 -8 24 26 -4 -3 15 -7 -16 27 19 20 -19 23 -23 -20 25 -2 -12 -1 29 -29
right_child=3 2 6 4 -6 14 9 8 -10 -11 11 -13 -14 -15 16 -17 -18 18 21 -21 -22 22 -24 -25 -26 -27 -28 28 -30 -31
leaf_value=-0.001652110394090424 0.00053322847098042595 -0.00012828350440373024 2.7574823968136536e-05 0.00047700676581918918 0.0004576180003120217 0.00029526839912941794 -8.8776878196129348e-05 2.1246630484498343e-05 0.00074753611327973318 -0.001349549239890819 0.00014638979377218253 -0.0009564851692253299 0.00029301956468319451 0.00080121116873646233 -0.00010914425236034077 -0.00019454634257044397 9.4225555199666989e-05 -0.00061060530369380303 0.00052224640827625989 -1.8777038117772295e-05 0.00030866087770119979 0.0010103218808012492 -0.00013234520369872805 -0.00071558919807735712 0.0012006111439250254 -0.00020058685652911662 0.0007814944693085112 -0.00027941665797974946 -9.0829101583604329e-05 0.00053408533612362525
leaf_weight=20 612 2351 2627 363 558 319 281 281 468 54 2432 87 1414 68 2100 2091 6713 92 47 2137 1593 58 637 304 96 164 145 338 21235 434
leaf_count=20 612 2351 2627 363 558 319 281 281 468 54 2432 87 1414 68 2100 2091 6713 92 47 2137 1593 58 637 304 96 164 145 338 21235 434
internal_value=3.42532e-06 -3.34176e-05 6.63984e-05 8.4534e-05 4.30838e-05 2.28224e-05 0.000145809 0.000177974 0.000479448 -0.000304346 0.00022599 0.000144876 0.000121249 -0.000100595 7.8237e-06 -0.000128372 4.54185e-05 -6.15287e-05 3.51324e-05 0.000101772 0.000256358 -0.000205362 -3.1361e-05 -0.000540304 0.00046991 0.000374224 0.000183578 -8.30278e-05 -8.13905e-05 0.000174133
internal_weight=50119 34439 7544 15680 12144 11586 5125 4790 749 335 3536 2664 4041 2419 11223 2410 8813 26895 4868 3822 1685 1046 695 351 872 776 2577 22027 22007 772
internal_count=50119 34439 7544 15680 12144 11586 5125 4790 749 335 3536 2664 4041 2419 11223 2410 8813 26895 4868 3822 1685 1046 695 351 872 776 2577 22027 22007 772
is_linear=0
shrinkage=0.03


Tree=133
num_leaves=31
num_cat=0
split_feature=18 65 69 69 35 5 42 23 9 51 6 48 52 20 42 64 2 65 8 69 64 7 69 47 53 64 2 29 64 73
split_gain=0.157697 0.0957383 0.0911198 0.0954384 0.125544 0.13084 0.115352 0.157386 0.0921189 0.0820402 0.0766701 0.14886 0.0873242 0.0766321 0.100794 0.0701231 0.0659453 0.0579379 0.0669724 0.158095 0.350725 0.105037 0.0651791 0.0570441 0.134984 0.104176 0.123414 0.118575 0.0565343 0.0561516
threshold=0.23313888888888887 0.015631944444444493 0.89001933454452098 -0.30081702196488969 5.9722802876519401 -36.826706620196994 27.116666666666671 0.088510647220507804 0.34355000000000002 1.9023794624237225 -863.85766466097004 50.166666666666679 78.821428571428598 0.31319851190476194 25.866666666666671 1991.5000000000002 5.6450000000000005 -0.0050172111136944633 0.12654374999999998 -0.90149333598846371 111.50000000000001 -8.3460814041160862 0.081675638985454754 0.051887452166289788 0.26726124191244749 1230.5000000000002 5.9150000000000009 25.718733704008379 46.500000000000007 12.533250156617074
decision_type=2 2 2 2 2 2 2 2 2 2 2 2 2 2 2 2 2 2 2 2 2 2 2 2 2 2 2 2 2 2
left_child=1 17 3 6 13 -6 10 8 -8 -9 11 -2 -12 28 -15 23 -17 22 -19 20 -20 -21 -1 24 -4 27 -27 -25 -5 -24
right_child=2 -3 15 4 5 -7 7 9 -10 -11 12 -13 -14 14 -16 16 -18 18 19 21 -22 -23 29 25 -26 26 -28 -29 -30 -31
leaf_value=-0.00026822743107625613 0.00020620110974126115 0.00013927117770332959 0.00028864870800343514 1.0518806004150673e-05 -0.0015255601860149062 -0.00021111656343371539 -0.00060891962293535464 0.0008653304635126215 -0.0023352633076618411 -0.0012140318865754775 0.00034670427649818847 -0.000838839619472422 0.00010674712770900742 7.8689527156965817e-05 0.00061532180903486726 -0.0015951674364041535 0 -6.8151215515600109e-05 0.000186832840183074 -3.7786561621836575e-05 0.0019864607163757649 0.00064971015091201797 0 0.00024038582592702292 0.0019692136973382965 -0.0015783587207001718 3.6484159725202647e-05 0.0010777705817141025 -0.0002813827555699741 -0.00066531160622806289
leaf_weight=2156 302 2622 161 2681 72 1320 104 77 42 20 1904 202 5052 1872 383 31 85 16834 1314 7804 105 204 2160 1266 61 54 174 176 761 120
leaf_count=2156 302 2622 161 2681 72 1320 104 77 42 20 1904 202 5052 1872 383 31 85 16834 1314 7804 105 204 2160 1266 61 54 174 176 761 120
internal_value=3.32718e-06 -3.43969e-05 7.83206e-05 5.23169e-05 -2.67678e-05 -0.000282305 0.000125481 -0.000513737 -0.00113845 0.00039797 0.000146771 -0.000207536 0.0001729 3.5182e-05 0.000171396 0.000268263 -0.000434369 -4.93327e-05 -3.22447e-05 3.15567e-05 0.000323416 -1.98194e-05 -0.000149787 0.000313133 0.000770638 0.000250095 -0.0003381 0.000345346 -5.32101e-05 -3.64043e-05
internal_weight=50119 33319 16800 14792 7089 1392 7703 243 146 97 7460 504 6956 5697 2255 2008 116 30697 26261 9427 1419 8008 4436 1892 222 1670 228 1442 3442 2280
internal_count=50119 33319 16800 14792 7089 1392 7703 243 146 97 7460 504 6956 5697 2255 2008 116 30697 26261 9427 1419 8008 4436 1892 222 1670 228 1442 3442 2280
is_linear=0
shrinkage=0.03


Tree=134
num_leaves=31
num_cat=0
split_feature=12 72 5 41 38 69 8 36 20 23 41 7 21 70 33 70 70 46 36 18 10 51 46 50 72 47 8 44 23 23
split_gain=0.148687 0.0883719 0.152404 0.0883034 0.133467 0.114158 0.109669 0.0995584 0.0986034 0.0976661 0.0947017 0.110563 0.0907699 0.0949476 0.109388 0.0847264 0.0830472 0.120377 0.0809588 0.0778133 0.0839954 0.0732183 0.0726108 0.0686638 0.0634619 0.0806156 0.0618446 0.0590332 0.112523 0.0777929
threshold=0.26355833333333339 0.39471753662069636 -29.537740070606066 0.20158710930355303 5.8364285714285726 0.88203985695844977 0.25637500000000002 5.993333333333335 0.14594047619047618 0.099847358532316674 0.11754937288603991 -333.06139105208746 0.00443857721286428 -0.94128245028753155 0.21380899352993962 0.85651926849515192 0.42887605137607676 20.503571428571437 6.1316666666666659 0.26502222222222221 0.27934791666666675 2.4976179127515659 16.710714285714293 45.071428571428577 -0.082560967004888561 0.17032612545051698 0.13331249999999997 30.807142857142864 0.092234845907648036 0.014990645130944105
decision_type=2 2 2 2 2 2 2 2 2 2 2 2 2 2 2 2 2 2 2 2 2 2 2 2 2 2 2 2 2 2
left_child=1 -1 19 4 8 12 7 9 -2 -6 11 -8 -5 22 -15 16 26 -18 -9 20 21 -3 -14 -21 -10 -26 -4 28 29 -7
right_child=3 2 15 5 6 27 10 18 24 -11 -12 -13 13 14 -16 -17 17 -19 -20 23 -22 -23 -24 -25 25 -27 -28 -29 -30 -31
leaf_value=-4.801587864355967e-05 0.0013156926387126316 -0.00015432724895510984 2.4176764635814325e-05 0.0002173428524685101 -0.00025586290575758833 0.00016395275912548101 0.00032182803287816397 0.0015022713636534044 0.00058124002771337512 -0.0024007319694168729 0.0015091496421681607 -0.0018070515909651293 -0.0008450365383634702 -0.00032322241946608753 5.9280939218553146e-05 -0.00068430629069916892 -4.3963656891555933e-05 0.001292068375478438 -0.00032790103605760625 0.0021128184072334655 -0.0019026743014692326 8.0290883911995754e-05 -0.00018111592136660931 0.00031786804828335947 0.00031869765375914057 -0.00017363627045799296 0.00037995164708144448 0.0019254131097612636 -0.00077019716358282917 0.00069305402136534528
leaf_weight=30812 91 2482 748 1485 42 664 175 22 560 41 50 24 194 785 4667 77 88 168 309 21 21 2294 708 237 1317 378 1136 20 81 422
leaf_count=30812 91 2482 748 1485 42 664 175 22 560 41 50 24 194 785 4667 77 88 168 309 21 21 2294 708 237 1317 378 1136 20 81 422
internal_value=3.22812e-06 -2.57577e-05 6.81332e-05 9.51955e-05 0.000236165 4.78472e-05 -0.000136292 -0.000438385 0.000342716 -0.00136706 0.000353728 4.23272e-05 5.92459e-06 -4.30406e-05 3.6073e-06 0.000275557 0.000311798 0.00082275 -0.000193063 -2.22807e-05 -5.01846e-05 -4.10146e-05 -0.00032801 0.000483145 0.000301556 0.000207096 0.000240378 0.000321943 0.000290269 0.00037276
internal_weight=50119 38084 7272 12035 3009 9026 663 414 2346 83 249 199 7839 6354 5452 2217 2140 256 331 5055 4797 4776 902 258 2255 1695 1884 1187 1167 1086
internal_count=50119 38084 7272 12035 3009 9026 663 414 2346 83 249 199 7839 6354 5452 2217 2140 256 331 5055 4797 4776 902 258 2255 1695 1884 1187 1167 1086
is_linear=0
shrinkage=0.03


Tree=135
num_leaves=31
num_cat=0
split_feature=11 66 10 63 0 10 40 73 7 20 61 47 41 0 69 8 5 47 44 53 70 7 40 6 13 35 28 41 20 10
split_gain=0.145791 0.0937847 0.0686204 0.0691041 0.0689171 0.138831 0.103749 0.0669143 0.0899225 0.0720706 0.0848869 0.0693453 0.157343 0.13042 0.139944 0.0714834 0.064845 0.064579 0.0697866 0.0668587 0.0643253 0.077875 0.0616554 0.0591608 0.0995723 0.0591128 0.0561404 0.0556412 0.0571 0.0542192
threshold=0.2106875 0.071910416666666699 0.40760208333333331 522.17500000000007 35.000000000000007 0.16593749999999999 3.4025000000000003 -1.0000000180025095e-35 -19.698862139379663 0.25592430124223603 -25.334999999999994 4.8392261512681356e-07 0.24117216039531877 22.500000000000004 -0.90880922144842613 0.13485416666666669 -38.301969188570922 0.19499225118470112 24.807142857142864 3.2488374928491353 -0.94128245028753155 -1500.0000000000005 4.2046428571428587 -382.00692136171932 -10.979036306097386 7.3509754901506223 -11.43673603455384 0.86178099509960637 0.27400863095238098 0.26337797619047626
decision_type=2 2 2 2 2 2 2 2 2 2 2 2 2 2 2 2 2 2 2 2 2 2 2 2 2 2 2 2 2 2
left_child=7 2 3 4 6 -6 -2 8 9 16 -11 12 13 14 -9 -14 -1 25 22 -20 21 -13 -19 -4 -25 -10 -18 28 -3 -15
right_child=1 27 23 -5 5 -7 -8 11 17 10 -12 20 15 29 -16 -17 26 18 19 -21 -22 -23 -24 24 -26 -27 -28 -29 -30 -31
leaf_value=-6.9691954648579e-05 -4.9388246256081982e-05 0.0011831963017961242 -0.0008801474399093924 0.00071274331419169561 0.00039028193658043758 -0.00015007534777445352 0.0001192775662140233 0.002832692976593971 2.0755972676268044e-06 -0.0017727762442478474 0.00010148111272913713 4.3610791940888463e-06 0.00060095831117266041 -6.7431800407539589e-05 0.00046507246966592309 0.0029424222389665931 0.00017883158936654131 -0.00020664679326096709 -0.0003228041604010279 -0.00089059166647493843 -3.6762097170254242e-05 0.00056191543341217352 0.00055093350410369204 0.0013719901815357227 0.00025487755251760478 0.0012484749049879609 -0.00051100715239330637 -0.0004953455374861732 0.00032641784845277425 0.00060098926175269289
leaf_weight=9998 4841 79 28 136 489 3279 10060 24 273 46 35 616 30 1205 326 25 1570 1611 718 269 12413 365 100 92 369 39 111 63 900 119
leaf_count=9998 4841 79 28 136 489 3279 10060 24 273 46 35 616 30 1205 326 25 1570 1611 718 269 12413 365 100 92 369 39 111 63 900 119
internal_value=2.73681e-06 6.47579e-05 4.95945e-05 4.02824e-05 3.5185e-05 -7.90685e-05 6.42809e-05 -3.93561e-05 -8.47826e-05 -4.70033e-05 -0.000934965 4.81432e-06 0.000183714 0.000129368 0.000643578 0.00175237 -4.05084e-05 -0.000231325 -0.000279002 -0.000481332 -1.80674e-05 0.000215226 -0.000160321 0.000400766 0.000486796 0.000170951 0.00013122 0.000342336 0.000399753 -4.68229e-06
internal_weight=50229 20336 19294 18805 18669 3768 14901 29893 14770 11760 81 15123 1729 1674 350 55 11679 3010 2698 987 13394 981 1711 489 461 312 1681 1042 979 1324
internal_count=50229 20336 19294 18805 18669 3768 14901 29893 14770 11760 81 15123 1729 1674 350 55 11679 3010 2698 987 13394 981 1711 489 461 312 1681 1042 979 1324
is_linear=0
shrinkage=0.03


Tree=136
num_leaves=31
num_cat=0
split_feature=11 66 21 69 64 11 70 57 35 36 36 63 64 61 63 0 0 70 57 46 22 47 19 7 10 10 20 70 47 21
split_gain=0.137312 0.118908 0.120709 0.109086 0.0922701 0.0849924 0.119098 0.1401 0.116918 0.10181 0.147359 0.0791383 0.0767439 0.0861513 0.0788645 0.075588 0.0640245 0.139974 0.123387 0.121981 0.148337 0.132548 0.131295 0.0907266 0.122312 0.0796835 0.11751 0.0765692 0.096637 0.0741136
threshold=0.19897708333333333 0.071910416666666699 0.00521064234023894 -0.95747632178960107 111.50000000000001 0.33789583333333334 0.1500498401600889 99.950000000000031 3.5927468132173819 5.951666666666668 6.3916666666666666 -99.154999999999987 90.500000000000014 -32.754999999999988 -152.92999999999998 27.500000000000004 15.000000000000002 -0.22610730998347103 38.150000000000013 21.832142857142863 0.15989732142857141 0.20068563793837546 0.00079385662013574073 -1500.0000000000005 0.26941041666666671 0.26337797619047626 0.22129464285714287 0.77756834408811348 0.17032612545051698 0.0019510752857021089
decision_type=2 2 2 2 2 2 2 2 2 2 2 2 2 2 2 2 2 2 2 2 2 2 2 2 2 2 2 2 2 2
left_child=16 2 3 4 11 6 8 -8 -4 15 -11 -2 14 -14 -5 -7 17 18 29 20 -19 -21 -23 -20 -25 -18 -27 28 -28 -1
right_child=1 -3 5 12 -6 9 7 -9 -10 10 -12 -13 13 -15 -16 -17 25 19 23 21 -22 22 -24 24 -26 26 27 -29 -30 -31
leaf_value=0.00128306155479942 -0.00051602451565828334 0.00035957300440945031 -8.4649300989509001e-05 0.0014999399342072697 0.001954181064572185 0.00017237199899822206 -1.8880085602791066e-05 -0.00036311134341305646 0.00015913151112947942 0.0014556646731827163 0.00011085098595960984 0.00055693655251786323 3.1437673478717013e-05 -0.0010773718283991469 0.00013545290848045944 -0.00010299534957014148 -7.5953689472748598e-05 0.0014688895294018608 -0.00019572731462238501 0.00026197195400057879 -0.00011664566052813997 4.4567737138247464e-05 -0.00032145542784688119 0.00031120487466872171 -0.00061400376185774801 0.0014391887382856415 0.0010158994508279902 -0.000561162718054321 -9.3794711730151896e-05 0.000412159271993504
leaf_weight=113 66 1129 3550 38 39 2526 2590 1829 3516 121 198 551 160 98 3920 1376 20674 100 660 748 105 1451 2197 1376 139 71 120 107 159 502
leaf_count=113 66 1129 3550 38 39 2526 2590 1829 3516 121 198 551 160 98 3920 1376 20674 100 660 748 105 1451 2197 1376 139 71 120 107 159 502
internal_value=2.67083e-06 5.95828e-05 4.29616e-05 0.000173411 0.000534281 2.29666e-06 -3.98168e-05 -0.000162084 3.62354e-05 0.000117577 0.000633283 0.000436659 0.000116436 -0.000380689 0.000149686 7.44964e-05 -4.05381e-05 3.51923e-05 0.000203073 -6.59792e-05 0.000645599 -9.9984e-05 -0.000175074 9.52173e-05 0.00022399 -6.71687e-05 0.000322997 0.000106747 0.000374702 0.000578872
internal_weight=50229 21707 20578 4872 656 15706 11485 4419 7066 4221 319 617 4216 258 3958 3902 28522 7391 2790 4601 205 4396 3648 2175 1515 21131 457 386 279 615
internal_count=50229 21707 20578 4872 656 15706 11485 4419 7066 4221 319 617 4216 258 3958 3902 28522 7391 2790 4601 205 4396 3648 2175 1515 21131 457 386 279 615
is_linear=0
shrinkage=0.03


Tree=137
num_leaves=31
num_cat=0
split_feature=11 66 65 70 0 40 19 39 57 8 46 46 70 23 37 35 73 7 66 0 52 22 5 34 7 8 18 47 46 35
split_gain=0.129298 0.0824542 0.0662842 0.123698 0.0962367 0.127355 0.0988784 0.160167 0.0947419 0.0761056 0.089722 0.0727467 0.12388 0.0718077 0.0708398 0.0634562 0.0640118 0.0749372 0.0660724 0.0738423 0.0669851 0.0637669 0.0631371 0.0619279 0.0610885 0.058605 0.0574455 0.0550405 0.0654831 0.0533833
threshold=0.2106875 0.071910416666666699 -0.0062083333333333079 0.13300977955191609 27.500000000000004 3.4025000000000003 0.02552369315042469 0.026726124191283247 28.050000000000008 0.33293750000000005 24.596428571428579 24.146428571428576 -0.49749486057528974 0.0037406764153810113 1.0000000180025095e-35 18.142839837319773 -1.0000000180025095e-35 -19.698862139379663 0.010000000000000038 72.500000000000014 14.321428571428575 0.24885327380952382 -38.301969188570922 9.3821428571428598 -1500.0000000000005 0.19320833333333334 0.19284623015873012 0.19499225118470112 25.196428571428577 7.3509754901506223
decision_type=2 2 2 2 2 2 2 2 2 2 2 2 2 2 2 2 2 2 2 2 2 2 2 2 2 2 2 2 2 2
left_child=15 2 3 11 5 23 8 -8 -6 10 -5 12 -2 -7 -11 16 17 21 -18 24 -21 22 -1 -4 -20 -13 -17 29 -29 -19
right_child=1 -3 4 9 6 13 7 -9 -10 14 -12 25 -14 -15 -16 26 18 27 19 20 -22 -23 -24 -25 -26 -27 -28 28 -30 -31
leaf_value=-6.8241694993485477e-05 -0.00037630872617829594 0.00032131789652866511 -0.00010160946299424254 -0.0002116360557936289 -0.00033297024818759139 0.00053514538643720136 -0.00027394634197256302 0.00057659351883757959 -8.4111035379140615e-06 0.00095613565040486201 -0.00080763510894322999 0.00095921141209914101 0.00029728662261768838 0.00016815588714933809 -0.00012618361599993184 -0.00095874157682382735 -3.2096524819871995e-05 5.2383205433627045e-08 -9.5063215027926706e-05 0.00091894925607645752 -0.00024089758998245209 -0.0012733214390341584 0.00013009845840972027 0.00017428304792911685 0.00021214906183017525 0.00016878556235922943 0.00011022177467157235 -0.00015747178398401129 -0.00048780196922979549 0.0012115945898756187
leaf_weight=10039 624 1042 2572 682 1117 526 312 532 3007 69 357 94 400 6746 232 125 10352 273 696 46 711 37 1678 1019 3214 1005 63 1826 796 37
leaf_count=10039 624 1042 2572 682 1117 526 312 532 3007 69 357 94 400 6746 232 125 10352 273 696 46 711 37 1678 1019 3214 1005 63 1826 796 37
internal_value=2.60297e-06 6.10139e-05 4.67844e-05 -7.16541e-05 7.2885e-05 0.000122965 -3.60198e-05 0.000258674 -9.71058e-05 -0.000297653 -0.000419885 6.96527e-05 -0.000110225 0.000195183 0.000114333 -3.70339e-05 -3.34392e-05 -7.79956e-05 9.93185e-06 0.000103786 -0.000165341 -4.38194e-05 -3.95726e-05 -2.24589e-05 0.000156686 0.00023993 -0.000585964 -0.000213919 -0.000259047 0.000157733
internal_weight=50229 20336 19294 3463 15831 10863 4968 844 4124 1340 1039 2123 1024 7272 301 29893 29705 14686 15019 4667 757 11754 11717 3591 3910 1099 188 2932 2622 310
internal_count=50229 20336 19294 3463 15831 10863 4968 844 4124 1340 1039 2123 1024 7272 301 29893 29705 14686 15019 4667 757 11754 11717 3591 3910 1099 188 2932 2622 310
is_linear=0
shrinkage=0.03


Tree=138
num_leaves=31
num_cat=0
split_feature=12 21 46 33 70 68 35 51 69 35 53 70 69 11 35 66 56 57 44 66 0 46 23 21 39 0 70 10 8 23
split_gain=0.123824 0.0954748 0.0806151 0.077446 0.130162 0.115888 0.0957203 0.0782792 0.0765911 0.0817153 0.158643 0.13582 0.0796176 0.157875 0.102504 0.0972614 0.0898819 0.0853993 0.0741482 0.0713296 0.174912 0.0960804 0.0663783 0.0641354 0.0546254 0.0825046 0.108247 0.0654171 0.0593553 0.107375
threshold=0.24335416666666668 0.00443857721286428 15.946428571428575 0.46445052020005539 0.84750952922804634 3.9177897235878016 18.142839837319773 2.1930626551747823 0.87379901192678255 0.3797049172401184 6.130673892424789 0.13300977955191609 0.64534213713577271 0.11022916666666667 2.697802064245909e-08 0.21196458333333332 3.9000000000000026 94.450000000000031 27.192857142857147 0.016919871794871841 72.500000000000014 31.346428571428579 0.013950045030793905 0.035461039544622895 5.0888246878867606e-08 92.500000000000014 0.82873938879806197 0.37232291666666667 0.35623125 0.026988690287599867
decision_type=2 2 2 2 2 2 2 2 2 2 2 2 2 2 2 2 2 2 2 2 2 2 2 2 2 2 2 2 2 2
left_child=2 24 -1 19 5 6 -5 -7 12 10 11 -10 14 -14 15 -3 -16 -15 -6 -4 23 -22 -11 -21 27 -26 -27 28 29 -2
right_child=1 8 3 4 18 7 -8 -9 9 22 -12 -13 13 17 16 -17 -18 -19 -20 20 21 -23 -24 -25 25 26 -28 -29 -30 -31
leaf_value=-0.00027983210163147693 0.0013041256451382277 0.00026545572122524207 -8.5346746248106989e-05 3.0155462173372695e-05 -0.00018557969245694981 -3.5259319559022448e-05 -0.00056283610392519803 0.00033743788313784009 -0.00027043310294080127 0.00010067281948858511 -0.0015429731914990627 0.000716321571765875 -0.0012453743673542163 0.00019433724051750247 -0.0004653041085215001 -0.00070425285995679582 1.0085006546683e-05 -0.00031876168545618539 -0.00097839380937846001 7.8059053490256284e-05 -0.00018719620781247409 -0.0019218325830064713 0.00056023114710925252 0.00040313901267293931 0.00020740435062995569 -0.0010468208444347968 0.0012441289063162084 0.0013507678036718334 -0.00024581396332550275 0.00020618259438306519
leaf_weight=1118 116 2060 16216 9799 1012 669 250 1927 332 518 58 199 120 495 375 95 7307 695 121 1318 1126 29 676 969 2049 96 21 72 106 285
leaf_count=1118 116 2060 16216 9799 1012 669 250 1927 332 518 58 199 120 495 375 95 7307 695 121 1318 1126 29 676 969 2049 96 21 72 106 285
internal_value=2.522e-06 7.25089e-05 -2.9141e-05 -2.06608e-05 3.37363e-05 6.15379e-05 1.50499e-05 0.00024026 3.81089e-05 0.000220684 -6.41107e-05 9.43799e-05 8.6191e-06 -0.000210646 3.81422e-05 0.000221009 -1.27884e-05 -0.000102827 -0.000273683 -5.89393e-05 6.45889e-05 -0.00023497 0.00036362 0.000217222 0.000233381 0.000161979 -0.000603142 0.000494577 0.000364663 0.000533709
internal_weight=50229 15675 34554 33436 13778 12645 10049 2596 12930 1783 589 531 11147 1310 9837 2155 7682 1190 1133 19658 3442 1155 1194 2287 2745 2166 117 579 507 401
internal_count=50229 15675 34554 33436 13778 12645 10049 2596 12930 1783 589 531 11147 1310 9837 2155 7682 1190 1133 19658 3442 1155 1194 2287 2745 2166 117 579 507 401
is_linear=0
shrinkage=0.03


Tree=139
num_leaves=31
num_cat=0
split_feature=10 65 1 23 23 69 57 61 44 69 21 11 44 52 44 2 62 57 53 20 17 21 68 66 11 2 41 45 47 21
split_gain=0.115753 0.100305 0.0927381 0.112417 0.0876681 0.0860834 0.157685 0.0835856 0.0810936 0.102195 0.0892182 0.0787373 0.0718968 0.0678389 0.117763 0.175926 0.103432 0.0913748 0.0596292 0.0596062 0.0575075 0.0644313 0.0615065 0.0562613 0.0913647 0.064611 0.0539222 0.0738685 0.0466602 0.0455325
threshold=0.33322916666666674 -0.049916666666666644 0.15000000000000005 0.031853659780353399 0.103489836598653 -0.90149333598846371 102.45000000000003 -29.04999999999999 19.26428571428572 0.93535928755917841 0.060800607669844305 0.40283333333333332 16.692857142857147 81.750000000000014 26.550000000000008 5.9150000000000009 -41.274999999999984 37.150000000000013 0.42581531362631969 0.35236636904761903 -47.223783951115315 0.078543534342812957 -114.01663395075492 -0.21127916666666668 0.35662083333333333 6.6350000000000007 0.059614143907685359 0.053452248382534831 0.62247291304324925 0.060800607669844305
decision_type=2 2 2 2 2 2 2 2 2 2 2 2 2 2 2 2 2 2 2 2 2 2 2 2 2 2 2 2 2 2
left_child=1 26 20 5 11 6 -4 -6 9 -5 -10 13 -7 14 16 -16 -2 19 -19 -15 23 22 -22 25 -25 -3 -1 -28 -13 -29
right_child=4 2 3 8 7 12 -8 -9 10 -11 -12 28 -14 17 15 -17 -18 18 -20 -21 21 -23 -24 24 -26 -27 27 29 -30 -31
leaf_value=0.00035221724726297718 0.00065536984188294426 -0.00092380385766474289 0.00040583675121991599 -0.00031090583184505805 0.0011310674030974041 -0.00026025767752570385 -2.7102257049837984e-05 -0.00073632673430256541 0.00025680187657007799 0.0010858756903873975 -2.2930836405414461e-05 0.00060431701232511916 -1.5523970261984154e-05 0.00035227527120150628 -0.00068245738817693724 0.00044215846685955715 0.00015652921113120738 0.00020479860732884676 -0.00010462358451285025 -0.0011442170193118866 -0.0010355796963032269 -0.0015390536763297859 -0.00014344792794521817 -3.6414540126039307e-05 0.00075810121626856215 0.00052695144103332 -0.00097997355439640105 -0.00038216210016152319 4.3646643472046959e-06 0.00013244386610335133
leaf_weight=97 505 123 1213 537 132 1177 1981 23 3919 50 1364 423 13567 27 307 207 1544 858 1611 103 72 31 2428 16637 130 32 154 605 175 197
leaf_count=97 505 123 1213 537 132 1177 1981 23 3919 50 1364 423 13567 27 307 207 1544 858 1611 103 72 31 2428 16637 130 32 154 605 175 197
internal_value=2.44093e-06 -1.41377e-05 -7.02156e-06 3.26024e-05 0.000127133 -4.52888e-06 0.000136454 0.000831796 0.000146564 -0.000185183 0.00018402 0.000107509 -3.52806e-05 6.9022e-05 0.000178716 -0.000223744 0.000281197 -3.80254e-05 1.72825e-06 -0.00081019 -5.56697e-05 -0.00018929 -0.000170745 -3.5497e-05 -3.00306e-05 -0.000603604 -0.000303363 -0.000373315 0.000434054 -0.000252013
internal_weight=50229 44314 43261 23808 5915 17938 3194 155 5870 587 5283 5760 14744 5162 2563 514 2049 2599 2469 130 19453 2531 2500 16922 16767 155 1053 956 598 802
internal_count=50229 44314 43261 23808 5915 17938 3194 155 5870 587 5283 5760 14744 5162 2563 514 2049 2599 2469 130 19453 2531 2500 16922 16767 155 1053 956 598 802
is_linear=0
shrinkage=0.03


Tree=140
num_leaves=31
num_cat=0
split_feature=18 2 57 20 23 3 12 57 71 47 46 46 40 7 28 51 22 35 40 23 39 12 21 66 46 62 2 63 35 42
split_gain=0.101206 0.0967789 0.0693449 0.152669 0.137861 0.146155 0.107943 0.0934948 0.121818 0.0833156 0.063732 0.0801999 0.118882 0.119541 0.153226 0.0628308 0.0600841 0.0581692 0.0577809 0.0569845 0.185543 0.193867 0.172974 0.0811649 0.0768023 0.0566028 0.056023 0.0548358 0.0352543 0.026713
threshold=0.23177083333333334 8.3550000000000022 38.150000000000013 0.21165605590062112 0.099847358532316674 26.350000000000005 0.34173333333333339 102.45000000000003 -0.5342403773301444 3.4995878367650633e-08 15.703571428571431 18.060714285714287 3.3682142857142865 -15.717749836445998 -15.938915713542565 2.7516228977513815 0.19361607142857143 7.0625015802648337 4.2446428571428578 0.033762951966537384 5.0888246878867606e-08 0.048468750000000005 0.0076790446547560275 -0.0085138257575757947 22.246428571428577 222.49500000000003 6.4650000000000007 13.575000000000005 6.9629967716945655 20.516666666666673
decision_type=2 2 2 2 2 2 2 2 2 2 2 2 2 2 2 2 2 2 2 2 2 2 2 2 2 2 2 2 2 2
left_child=10 2 3 6 9 -6 15 17 27 -5 -1 12 -12 14 -14 -2 -15 18 -4 23 21 -21 -22 24 -13 -10 -8 -9 -25 -19
right_child=1 -3 7 4 5 -7 26 8 25 -11 11 19 13 16 -16 -17 -18 29 -20 20 22 -23 -24 28 -26 -27 -28 -29 -30 -31
leaf_value=-0.00027005237787668324 0.00096860519748750236 0.0020072634140758409 0.00015000641659308314 9.9981345013231828e-05 -0.00057152190757606299 0.00066529970994589781 2.6410817137691485e-05 2.2558768291636328e-06 5.56864123257841e-05 -0.00030756567066101586 -0.0004039287570310989 0.00012290150616547005 0.00066711287218145312 -0.0001496805548002677 -0.00031741222619893956 -0.00047496168335367528 0.0014941917663534819 -0.00097057243490902075 0.00040955447522096524 -0.00099601372895438385 0.0007476567656773841 -8.2046013012748709e-05 9.4900789169307691e-05 -1.3909823527407023e-05 -0.00019496244821740085 0.0004426197671581597 -0.0017549646992331622 -0.00045586208869551715 -0.00021872065112045263 0.00019868066148566346
leaf_weight=979 242 22 2669 567 112 337 46 362 8285 2030 189 778 325 20 247 27 117 53 1127 229 399 2423 4522 17114 5072 357 21 608 794 20
leaf_count=979 242 22 2669 567 112 337 46 362 8285 2030 189 778 325 20 247 27 117 53 1127 229 399 2423 4522 17114 5072 357 21 608 794 20
internal_value=-9.53586e-07 5.87833e-05 5.59445e-05 -6.49964e-05 -0.000132782 0.000349532 0.000539182 8.65102e-05 3.60007e-05 -0.000217427 -3.14187e-05 -2.40686e-05 0.000254934 0.000435115 0.000236929 0.000811378 0.00123313 0.000211177 0.000227942 -3.21689e-05 3.92575e-05 -0.000162444 0.000148578 -5.50635e-05 -0.000152163 7.2067e-05 -0.000505411 -0.000281979 -2.31699e-05 -0.000611333
internal_weight=50093 16885 16863 3382 3046 449 336 13481 9612 2597 33208 32229 898 709 572 269 137 3869 3796 31331 7573 2652 4921 23758 5850 8642 67 970 17908 73
internal_count=50093 16885 16863 3382 3046 449 336 13481 9612 2597 33208 32229 898 709 572 269 137 3869 3796 31331 7573 2652 4921 23758 5850 8642 67 970 17908 73
is_linear=0
shrinkage=0.03


Tree=141
num_leaves=31
num_cat=0
split_feature=65 8 7 7 2 53 70 70 0 37 8 55 47 6 12 41 65 41 11 39 17 40 12 44 11 23 73 40 7 68
split_gain=0.131805 0.0967514 0.10305 0.0755935 0.0760572 0.0721627 0.122365 0.114421 0.0636697 0.107898 0.106951 0.0634237 0.0719134 0.0603838 0.102428 0.0686775 0.0568879 0.0567927 0.0645984 0.0566496 0.0550635 0.0523766 0.0405832 0.038116 0.0353768 0.0668492 0.0470217 0.0300565 0.0332018 0.0298485
threshold=0.044620833333333394 0.16388750000000002 -23.983361525901802 -9.5886808507247459 8.3550000000000022 3.9240729586687029 0.34157076916785584 -0.94695267581281539 72.500000000000014 0.0057735026918961357 0.2930416666666667 13.199999999999992 1.1298157002288061 -33.336671365249977 0.12757708333333331 0.31326708051800006 -0.059120833333333352 0.68222728317055892 0.12164583333333331 5.0888246878867606e-08 -12.684094473495124 3.0975000000000006 0.15735416666666666 24.764285714285723 0.35662083333333333 0.11135810152313683 -0.013287488794432532 3.7375000000000003 -8.6237594755763762 2.9424096139081652
decision_type=2 2 2 2 2 2 2 2 2 2 2 2 2 2 2 2 2 2 2 2 2 2 2 2 2 2 2 2 2 2
left_child=1 2 13 4 5 6 -3 -7 24 10 19 27 21 16 29 -16 -1 -4 -19 22 -18 -13 -10 -20 25 -2 -26 -5 -29 -15
right_child=8 3 17 11 -6 7 -8 -9 9 -11 -12 12 -14 14 15 -17 20 18 23 -21 -22 -23 -24 -25 26 -27 -28 28 -30 -31
leaf_value=-0.00059444156849587496 0.00034309893433618412 1.1410072441861528e-05 -0.00015219301743954759 0.00018490642137411852 0.0013099706378532571 -0.0002253018397772728 -0.00020344897086365033 0.00010954950524147678 -0.0006000951168406213 0.0014872431713156401 0.00057381414267605713 -5.1762977723431775e-05 -0.0015002110603451726 -0.00014547778993355604 -0.00041604504070097675 0.00092053139157738904 -2.7142688814144668e-05 -0.00014221759516368549 -0.00034668028523498503 -0.0016048308910802005 -0.00047203129653627165 0.00016916940591024893 0.00022486128440747657 -0.001120054481257857 0 -0.00079139379078294438 0.0015883699006441494 0 0.00084411168253089425 0.000467028141738741
leaf_weight=164 1334 8766 3015 225 39 1043 3265 7393 171 35 105 1329 24 372 37 222 17825 265 112 39 254 3360 71 161 28 46 45 49 212 87
leaf_count=164 1334 8766 3015 225 39 1043 3265 7393 171 35 105 1329 24 372 37 222 17825 265 112 39 254 3360 71 161 28 46 45 49 212 87
internal_value=-9.20803e-07 -1.05761e-05 -5.60275e-05 2.91169e-05 3.06044e-06 3.59668e-07 -4.66616e-05 6.77722e-05 0.000245789 -7.3115e-05 -0.000225828 0.000131292 9.67816e-05 -2.80557e-05 0.000241035 0.000717188 -3.88235e-05 -0.000204408 -0.000490637 -0.00053624 -3.35848e-05 0.000105913 -0.000345787 -0.000816145 0.00034024 0.000302564 0.000998206 0.000458912 0.000682066 -2.20973e-05
internal_weight=50093 48219 22514 25705 20506 20467 12031 8436 1874 421 386 5199 4713 18961 718 259 18243 3553 538 281 18079 4689 242 273 1453 1380 73 486 261 459
internal_count=50093 48219 22514 25705 20506 20467 12031 8436 1874 421 386 5199 4713 18961 718 259 18243 3553 538 281 18079 4689 242 273 1453 1380 73 486 261 459
is_linear=0
shrinkage=0.03


Tree=142
num_leaves=31
num_cat=0
split_feature=65 8 7 7 69 7 39 52 47 39 9 0 37 8 55 47 6 12 65 39 17 40 66 47 52 64 0 69 69 22
split_gain=0.124104 0.0911009 0.0970409 0.0711091 0.072939 0.0866192 0.15813 0.136228 0.0815809 0.127455 0.0917772 0.059841 0.10167 0.100743 0.0597286 0.0678354 0.0567877 0.0962882 0.0535385 0.0533408 0.0518161 0.0493029 0.0485074 0.0454171 0.0647715 0.0450303 0.0436134 0.0571311 0.0412123 0.0402484
threshold=0.044620833333333394 0.16388750000000002 -23.983361525901802 -9.5886808507247459 -0.95747632178960107 -19.065795315971855 0.62536084810749781 58.535714285714292 0.64648244862222171 0.0053452248386557473 0.16390652173913042 72.500000000000014 0.0057735026918961357 0.2930416666666667 13.199999999999992 1.1298157002288061 -33.336671365249977 0.12757708333333331 -0.059120833333333352 5.0888246878867606e-08 -12.684094473495124 3.0975000000000006 -0.015516666666666649 0.20542103640523837 85.035714285714292 30.500000000000004 27.500000000000004 0.73248728852523659 -0.30081702196488969 0.15699630754475705
decision_type=2 2 2 2 2 2 2 2 2 2 2 2 2 2 2 2 2 2 2 2 2 2 2 2 2 2 2 2 2 2
left_child=1 2 16 4 5 7 -7 -3 10 -10 -6 -2 13 19 -5 21 18 25 -1 -13 -20 -16 26 24 -24 -18 27 -4 -28 -19
right_child=11 3 22 14 8 6 -8 -9 9 -11 -12 12 -14 -15 15 -17 17 29 20 -21 -22 -23 23 -25 -26 -27 28 -29 -30 -31
leaf_value=-0.00057671640273183585 0.00033007279070164743 -0.00068674645964790179 -0.00057436265137717933 0.00044532552043712758 0.00027368754444793064 0.00014948054315499208 -0.00073935096754694702 0.00052109642359952414 -0.00098505114526392852 0.00010488290377265185 -7.6351551834885663e-05 -0.00033508976765931291 0.0014438652399306495 0.00055676211827469747 -5.0211256367419573e-05 -0.0014570049791783092 -0.00011890724101247631 0.00097059341709348644 -2.632845397387741e-05 -0.0015578895832411943 -0.00045792588910117043 0.00016409583304613257 -5.5626039236972516e-05 -0.00017858783977893665 0.00085182795702348811 0.00093249496541538963 -0.00016525851604571316 0.00052302636648528277 0.0011577027634434077 0.00014064810601329165
leaf_weight=164 1453 91 664 486 709 1193 211 800 97 5071 12334 242 35 105 1329 24 420 169 17825 39 254 3360 250 2235 95 39 245 42 22 90
leaf_count=164 1453 91 664 486 709 1193 211 800 97 5071 12334 242 35 105 1329 24 420 169 17825 39 254 3360 250 2235 95 39 245 42 22 90
internal_value=-8.97043e-07 -1.02679e-05 -5.43734e-05 2.82464e-05 2.9701e-06 0.000162437 1.33362e-05 0.000393742 -1.69694e-05 8.36586e-05 -5.70744e-05 0.000238496 -7.04893e-05 -0.000218929 0.000127345 9.38311e-05 -2.7224e-05 0.000233713 -3.76705e-05 -0.000520363 -3.25831e-05 0.000102718 -0.000198367 -0.000128442 0.000187322 -2.12177e-05 -0.000380377 -0.000504188 -4.11434e-05 0.000695384
internal_weight=50093 48219 22514 25705 20506 2295 1404 891 18211 5168 13043 1874 421 386 5199 4713 18961 718 18243 281 18079 4689 3553 2580 345 459 973 706 267 259
internal_count=50093 48219 22514 25705 20506 2295 1404 891 18211 5168 13043 1874 421 386 5199 4713 18961 718 18243 281 18079 4689 3553 2580 345 459 973 706 267 259
is_linear=0
shrinkage=0.03


Tree=143
num_leaves=31
num_cat=0
split_feature=65 8 7 2 42 9 69 19 67 0 0 37 18 31 70 0 41 11 12 39 65 69 12 12 11 12 46 11 27 47
split_gain=0.116778 0.0857072 0.0912822 0.0688756 0.0763542 0.115239 0.151506 0.0893471 0.116038 0.10208 0.0562906 0.0958292 0.0952329 0.0562865 0.134518 0.112483 0.0528846 0.0600734 0.052656 0.0504902 0.0486069 0.0479435 0.0458618 0.0408644 0.0399811 0.0397943 0.0336609 0.0334166 0.0399753 0.0260252
threshold=0.044620833333333394 0.16388750000000002 -23.983361525901802 8.3550000000000022 27.116666666666671 0.17427083333333332 -0.66484924122790601 0.0029348638683805929 -0.39979686584960467 22.500000000000004 72.500000000000014 0.0057735026918961357 0.22129166666666664 1.0144699217198213e-06 0.76110425866077458 15.000000000000002 0.68222728317055892 0.12164583333333331 0.17944999999999997 5.4177531919797329e-09 -0.074664583333333381 -0.3896268414500369 0.17187499999999997 0.19432916666666669 0.074477083333333319 0.31539583333333338 24.453571428571433 0.35662083333333333 0.69132125363426944 0.080178372573726911
decision_type=2 2 2 2 2 2 2 2 2 2 2 2 2 2 2 2 2 2 2 2 2 2 2 2 2 2 2 2 2 2
left_child=1 2 13 4 7 -6 -7 9 -9 -3 27 12 19 20 15 -15 21 -18 -16 24 -1 22 -4 -23 -12 -22 -19 -2 -29 -14
right_child=10 3 16 -5 5 6 -8 8 -10 -11 11 -13 29 14 18 -17 17 26 -20 -21 25 23 -24 -25 -26 -27 -28 28 -30 -31
leaf_value=-0.00084424254401986077 0.00028351763832104419 0.00021153769352501439 -0.00016141552889626057 0.0012728278191760183 0.000266271286810795 -0.00077592194430798635 -0.00010219890168612071 -9.3586548333097008e-05 8.0699462936519557e-05 -2.8060143596873219e-06 0.00072066832304251596 0.0014017525188003976 -9.4323587318120337e-05 0.00034414703262038469 -0.00021627857138368964 -8.8166688802473781e-06 -0.00013222628184059732 -0.00031823349966902595 -0.0011448338293703272 -0.0015087642829951851 -4.2587034434357198e-05 -6.1688604074368268e-05 -0.00054583739081313139 0.00047546669366177712 -0.00049784116689694825 -0.00043852516610599982 -0.0010556973252678289 0.0015556440770539432 3.4606546629220242e-05 0.00075469577497355841
leaf_weight=69 1380 4908 1399 39 624 341 2645 6419 7401 3328 25 35 43 1517 619 1714 265 106 62 42 14747 1109 364 143 192 233 167 42 31 84
leaf_count=69 1380 4908 1399 39 624 341 2645 6419 7401 3328 25 35 43 1517 619 1714 265 106 62 42 14747 1109 364 143 192 233 167 42 31 84
internal_value=-8.69818e-07 -9.96163e-06 -5.2743e-05 2.73928e-05 2.53339e-05 -0.000102289 -0.000180376 4.63621e-05 -3.53242e-08 0.000124572 0.000231348 -6.81536e-05 -0.000212465 -2.64059e-05 7.46428e-05 0.000156032 -0.000192403 -0.000468609 -0.00030677 -0.000547011 -5.28761e-05 -0.000141983 -0.000242751 0 -0.000341037 -4.89746e-05 -0.000782511 0.000320177 0.000959461 0.000445304
internal_weight=50093 48219 22514 25705 25666 3610 2986 22056 13820 8236 1874 421 386 18961 3912 3231 3553 538 681 259 15049 3015 1763 1252 217 14980 273 1453 73 127
internal_count=50093 48219 22514 25705 25666 3610 2986 22056 13820 8236 1874 421 386 18961 3912 3231 3553 538 681 259 15049 3015 1763 1252 217 14980 273 1453 73 127
is_linear=0
shrinkage=0.03


Tree=144
num_leaves=31
num_cat=0
split_feature=65 18 69 2 57 21 57 26 5 35 18 46 6 46 17 22 63 73 41 12 40 69 10 23 72 41 17 2 18 3
split_gain=0.110025 0.0785887 0.0887766 0.0835186 0.0834087 0.104788 0.0996237 0.0814893 0.0768336 0.0572082 0.0642661 0.0537186 0.0963468 0.132381 0.0814032 0.046443 0.0457759 0.0379075 0.037198 0.0310852 0.0270878 0.0261907 0.0233602 0.0212216 0.0464787 0.0116632 0.0108106 0.0178321 0.00817133 0.00521592
threshold=0.044620833333333394 0.23177083333333334 0.99699193743116299 8.3550000000000022 37.150000000000013 0.073964548699263846 102.45000000000003 -827.94735672064212 -380.35913989347461 18.142839837319773 0.19693125000000011 15.946428571428575 -12.404156020734215 17.589285714285719 -19.52810688984631 0.34145979904757079 212.69000000000003 -1.6949161719617221 2.0255200518231092e-07 0.038662499999999954 3.2475000000000009 -0.99628894895067444 0.15975000000000003 0.0022391680654752248 -0.9414033887019676 0.62275729490034604 -73.344233805646311 6.8350000000000009 0.027083333333333324 24.450000000000003
decision_type=2 2 2 2 2 2 2 2 2 2 2 2 2 2 2 2 2 2 2 2 2 2 2 2 2 2 2 2 2 2
left_child=1 9 3 4 5 -3 -6 -4 -9 11 16 23 14 -14 -13 18 -11 -10 26 -20 -18 29 -23 28 -25 -12 27 -2 -1 -21
right_child=15 2 7 -5 6 -7 -8 8 17 10 25 12 13 -15 -16 -17 20 -19 19 21 -22 22 -24 24 -26 -27 -28 -29 -30 -31
leaf_value=-0.00030693753106149477 -0.00080162850988161705 -0.00019163067930304571 -0.00086817392025841404 0.0018827270982279016 0.00019456423328723221 0.00026192227151705823 1.0925862036832028e-05 0.0024006929992819608 -0.00054325132540543558 -0.0018315606358637276 0.00080481726482552901 -1.9703888860123943e-05 0.0012051126635913255 0.00010655212433186466 -0.00015886382445026961 0.0013746475651860235 -0.00076724271395824464 0.00064949803292019574 -0.00056902524393517525 -0.00080637039563485554 0.0003352914906360886 0.00013542112248464782 0.00037224234325574729 0.0002190400987560679 -0.000824234136042054 0 0.00015504160776202167 0.00011998552842331782 -0.00010145724093072439 0
leaf_weight=306 57 2534 31 21 3746 554 9291 22 23 36 21 23547 103 2305 4525 31 88 250 39 20 21 694 973 47 138 39 20 20 571 20
leaf_count=306 57 2534 31 21 3746 554 9291 22 23 36 21 23547 103 2305 4525 31 88 250 39 20 21 694 973 47 138 39 20 20 571 20
internal_value=-8.54889e-07 -9.68163e-06 4.34031e-05 3.32915e-05 3.05803e-05 -0.000109232 6.39328e-05 0.000533396 0.00069325 -3.73197e-05 -0.000536626 -3.39626e-05 -2.65399e-05 0.000155268 -4.22472e-05 0.000224546 -0.000881342 0.000536445 0.000202839 0.000235692 -0.000526438 0.000256156 0.000275589 -0.000243949 -0.000543304 0.000248049 -0.000354274 -0.000525317 -0.000176838 -0.000467494
internal_weight=50093 48219 16472 16146 16125 3088 13037 326 295 31747 205 31542 30480 2408 28072 1874 145 273 1843 1746 109 1707 1667 1062 185 60 97 77 877 40
internal_count=50093 48219 16472 16146 16125 3088 13037 326 295 31747 205 31542 30480 2408 28072 1874 145 273 1843 1746 109 1707 1667 1062 185 60 97 77 877 40
is_linear=0
shrinkage=0.03


Tree=145
num_leaves=31
num_cat=0
split_feature=5 65 23 63 35 70 66 3 70 41 39 27 35 23 5 7 66 52 8 70 50 41 21 66 61 35 64 22 20 20
split_gain=0.098979 0.0945554 0.0998937 0.132602 0.146478 0.131551 0.108161 0.103906 0.10304 0.101579 0.181523 0.195933 0.149601 0.123918 0.0978345 0.094802 0.0835127 0.0649804 0.0573956 0.0568185 0.077992 0.0592918 0.0662532 0.0484543 0.0483559 0.0408608 0.0470701 0.0392004 0.0832346 0.0479867
threshold=-11.293698073974552 -0.049916666666666644 0.038243909284260379 5.6100000000000021 1.1900340903867199 0.1500498401600889 -0.055839583333333352 25.450000000000003 -0.48248986924805465 0.22376032114448105 0.0053452248386557473 4.6752247592075857 0.2541955637208973 0.055894538339183883 -118.66115580616578 -670.3948323260496 -0.017624999999999991 67.178571428571431 0.048585416666666659 -0.99271195016773384 77.642857142857153 0.64115195089761357 0.0056591409525986449 -0.020306249999999953 181.50000000000003 7.9184784281207843e-07 56.500000000000007 0.22108113354037265 0.28378869047619054 0.12798273809523805
decision_type=2 2 2 2 2 2 2 2 2 2 2 2 2 2 2 2 2 2 2 2 2 2 2 2 2 2 2 2 2 2
left_child=1 16 3 4 6 23 -3 -7 -6 12 13 -12 15 -11 -14 -4 25 -2 -19 20 -20 24 -23 -5 -21 27 -27 29 -29 -1
right_child=17 2 9 5 8 7 -8 -9 -10 10 11 -13 14 -15 -16 -17 -18 18 19 21 -22 22 -24 -25 -26 26 -28 28 -30 -31
leaf_value=-0.00031672086604521611 0.00099048637875644727 -0.00047503979138235176 -5.9040189891747052e-05 -0.00032902047255228427 -4.7943541612346767e-05 -0.00026256214230317015 -5.319135867594999e-05 -0.00088869081039336171 0.00016824303550659104 0.00029869799287989733 0.00030869929017789685 -0.00019527101495848793 0.0013388724323524458 -0.00060789682578726888 0.00039946648973530452 0.00023689945981939225 -0.00057633877199991389 -0.00016665783105021138 -0.0012516402437382753 0.00014673668659581141 -7.6819368720619342e-05 0.00026400571833541561 -6.9895232359571072e-05 -3.7535718074493047e-05 0.0009111012199571561 -6.0945181146819204e-05 -0.0010034282178914343 -0.0012601414406444966 0.00031178255975068713 0.0009817009496638396
leaf_weight=31 69 568 1823 654 3175 711 15889 376 5210 164 1493 1290 127 679 556 2060 518 844 57 6724 482 675 2560 2529 76 202 65 40 112 89
leaf_count=31 69 568 1823 654 3175 711 15889 376 5210 164 1493 1290 127 679 556 2060 518 844 57 6724 482 675 2560 2529 76 202 65 40 112 89
internal_value=-1.25902e-06 -2.44512e-05 -1.64337e-05 -4.25417e-05 -1.58621e-05 -0.000197016 -6.79614e-05 -0.000482519 8.60298e-05 7.59741e-05 -4.19032e-05 7.40308e-05 0.00017023 -0.000427825 0.000580232 9.72092e-05 -0.000304286 7.59257e-05 7.005e-05 8.92413e-05 -0.000208702 0.000105562 0 -9.84528e-05 0.000155853 -3.66935e-05 -0.000304471 0.000215325 -8.78063e-05 0.000621637
internal_weight=49848 38361 37304 29112 24842 4270 16457 1087 8385 8192 3626 2783 4566 843 683 3883 1057 11487 11418 10574 539 10035 3235 3183 6800 539 267 272 152 120
internal_count=49848 38361 37304 29112 24842 4270 16457 1087 8385 8192 3626 2783 4566 843 683 3883 1057 11487 11418 10574 539 10035 3235 3183 6800 539 267 272 152 120
is_linear=0
shrinkage=0.03


Tree=146
num_leaves=31
num_cat=0
split_feature=65 18 65 41 39 23 0 29 73 66 64 22 10 48 62 40 69 46 23 70 23 73 65 23 10 0 18 37 39 11
split_gain=0.0959575 0.0962504 0.0835183 0.0716041 0.0885186 0.0626636 0.125076 0.125393 0.103467 0.0900672 0.0606258 0.0595709 0.0576137 0.0583108 0.0744064 0.0657006 0.0496474 0.0536799 0.048244 0.0452742 0.0470885 0.0396538 0.0395924 0.0856483 0.0582834 0.0373347 0.0689803 0.0841934 0.0417788 0.0464634
threshold=0.044620833333333394 0.32224375000000005 -0.027560171568627449 0.7934290577664258 0.35278483932442561 0.040394414871022501 57.500000000000007 43.841204980352479 3.655687398809921 -0.028741666666666641 1335.5000000000002 0.12948511904761906 0.41405929487179488 82.500000000000014 -48.914999999999992 3.2189285714285725 -0.11593352601052358 21.832142857142863 0.078161557674125678 -0.73829900574246976 0.078161557674125678 0.96935740042783192 -0.11321249999999997 0.072067347486752531 0.25081250000000005 72.500000000000014 0.22129166666666664 0.028867513459481253 5.4177531919797329e-09 0.13838958333333332
decision_type=2 2 2 2 2 2 2 2 2 2 2 2 2 2 2 2 2 2 2 2 2 2 2 2 2 2 2 2 2 2
left_child=1 2 19 12 -5 9 7 -7 -8 10 -4 -11 13 15 -15 -3 17 -6 -14 20 -1 -18 23 -21 -24 -2 27 28 29 -27
right_child=25 3 5 4 16 6 8 -9 -10 11 -12 -13 18 14 -16 -17 21 -19 -20 22 -22 -23 24 -25 -26 26 -28 -29 -30 -31
leaf_value=9.7005193150461334e-05 0.00028265438421638811 -0.00028028634544118952 -0.00014926602602071206 -0.0011478360153448124 0.00057870540346639712 0.00017791417527250567 -0.00024019541988872415 -0.00028421400654933863 0.00077123541059518166 -5.7692449628660709e-05 -0.00081753439564517761 2.8251915023027794e-05 0.00027619388474838858 -0.00083741801793997485 4.0474685089718746e-05 0.00024941058939391192 -0.00011260634395370007 -0.00080060178423621532 0.0012463995528382223 0.00038198132053080344 -0.0012932006426803443 -0.00095302567283977709 -0.00033229653301874778 -0.00052461015769584077 -0.0010897969685477811 0.00056955465646460653 0.00046554989059734522 0.0013018971155583856 -0.0014569368512445204 -0.00054030392594029038
leaf_weight=437 1442 223 3623 77 151 5031 1445 585 95 15223 128 13822 156 89 2457 2636 324 28 73 192 22 62 815 180 108 39 154 24 36 171
leaf_count=437 1442 223 3623 77 151 5031 1445 585 95 15223 128 13822 156 89 2457 2636 324 28 73 192 22 62 815 180 108 39 154 24 36 171
internal_value=-1.23291e-06 -9.50296e-06 -2.60432e-05 9.99209e-05 -0.00019817 -1.70639e-05 6.32151e-05 0.0001292 -0.000175395 -3.46735e-05 -0.000173082 -1.66902e-05 0.00013445 0.000113953 8.29178e-06 0.000206962 -6.16465e-05 0.000343032 0.000602591 -0.000228735 2.1184e-05 -0.000257462 -0.000319579 -4.88795e-05 -0.000425262 0.000209706 -3.14096e-05 -0.000326603 -0.000502254 -0.000318247
internal_weight=49848 47982 41706 6276 642 39952 7156 5616 1540 32796 3751 29045 5634 5405 2546 2859 565 179 229 1754 459 386 1295 372 923 1866 424 270 246 210
internal_count=49848 47982 41706 6276 642 39952 7156 5616 1540 32796 3751 29045 5634 5405 2546 2859 565 179 229 1754 459 386 1295 372 923 1866 424 270 246 210
is_linear=0
shrinkage=0.03


Tree=147
num_leaves=31
num_cat=0
split_feature=1 10 44 44 60 7 63 69 46 70 69 65 66 63 12 26 5 62 69 70 28 65 50 2 70 8 39 66 12 11
split_gain=0.0922127 0.0948321 0.0974702 0.0862574 0.0779721 0.0817487 0.0807326 0.0861642 0.0832478 0.0800039 0.0786523 0.0699129 0.0847725 0.0634914 0.0601557 0.0593989 0.0562739 0.115461 0.0692269 0.0546421 0.0497901 0.0478029 0.0460002 0.0778564 0.043518 0.0432327 0.0429552 0.0600347 0.0418978 0.0415456
threshold=1.9500000000000002 0.39902083333333344 26.650000000000002 23.907142857142862 59.805000000000014 -1500.0000000000005 106.59500000000001 0.45972848220565493 27.003571428571437 -0.39754281428255622 0.7206604759859373 -0.0547083333333334 -0.012500000000000002 522.17500000000007 0.14697916666666669 -20.484206116223891 -11.936202021326173 10.639999999999988 -0.90149333598846371 0.20088311396693925 -13.321003374565281 0.0085833333333332918 74.071428571428584 4.7750000000000012 -0.79354221435844496 0.26147916666666671 0.71627010062086283 -0.020945833333333299 0.18668749999999998 0.24745624999999996
decision_type=2 2 2 2 2 2 2 2 2 2 2 2 2 2 2 2 2 2 2 2 2 2 2 2 2 2 2 2 2 2
left_child=1 11 3 20 13 10 7 8 -7 -9 22 12 29 16 -14 -8 17 18 -2 -12 -3 26 -6 -24 -19 -15 27 -13 -28 -1
right_child=4 2 -4 -5 5 6 15 9 -10 -11 19 21 14 25 -16 -17 -18 24 -20 -21 -22 -23 23 -25 -26 -27 28 -29 -30 -31
leaf_value=0.00026108549776716688 0.00037231136730016799 -0.00087915750694545825 -0.0013712737257778643 0.0011188855239107234 9.1013352684967671e-06 0.00025111268318638052 -0.0016472119557474796 0.00079217704862427608 -0.00049862324672643129 0.00028106283799828838 -0.00047388852115776939 -0.00014519290201719717 -9.4890657316227593e-05 -0.00030607003334111397 -0.00093210131170278778 5.4059643421095563e-05 6.4532866693099217e-05 -4.9554471308157087e-05 -8.0865341737183591e-06 0.00075791801101363749 0.00035433227916045024 9.6583442406277363e-05 0.00022123974819291141 0.0017460096048918076 -0.00033883254893121272 0.0008191851083249464 -4.6847056653406488e-05 -2.9863405350775212e-05 0.00018324470860316469 -0.00034009077362895298
leaf_weight=218 520 32 24 145 441 650 31 501 165 675 358 5042 127 34 238 36 8525 770 2401 33 221 2491 140 40 1309 144 1363 21525 1455 194
leaf_count=218 520 32 24 145 441 650 31 501 165 675 358 5042 127 34 238 36 8525 770 2401 33 221 2491 140 40 1309 144 1363 21525 1455 194
internal_value=-1.20221e-06 -3.03177e-05 0.000415426 0.000533852 5.60308e-05 0.000192807 0.000301439 0.000337035 9.52241e-05 0.000501845 -2.52249e-05 -3.61829e-05 -0.000317556 2.51569e-05 -0.00065005 -0.000701626 1.74982e-05 -6.20929e-05 5.87099e-05 -0.000360604 0.00018366 -2.92203e-05 0.000181357 0.000584427 -0.00023321 0.00058698 -3.99899e-05 -5.18687e-05 7.09134e-05 -1.48668e-05
internal_weight=49848 33075 422 398 16773 3070 2058 1991 815 1176 1012 32653 777 13703 365 67 13525 5000 2921 391 253 31876 621 180 2079 178 29385 26567 2818 412
internal_count=49848 33075 422 398 16773 3070 2058 1991 815 1176 1012 32653 777 13703 365 67 13525 5000 2921 391 253 31876 621 180 2079 178 29385 26567 2818 412
is_linear=0
shrinkage=0.03


Tree=148
num_leaves=31
num_cat=0
split_feature=65 8 7 28 40 73 69 21 10 21 47 46 48 69 8 19 0 70 66 10 3 33 23 53 33 64 23 20 41 23
split_gain=0.0884175 0.0868393 0.086072 0.0764295 0.0850195 0.0819935 0.0771133 0.131363 0.0882049 0.0848121 0.128877 0.075606 0.0684133 0.058336 0.0565997 0.054312 0.0958254 0.105188 0.0740664 0.0515961 0.0478647 0.0559078 0.0807027 0.0539155 0.0478494 0.0475208 0.0432495 0.0399485 0.0355422 0.0429497
threshold=0.013083333333333296 0.17006249999999998 -19.698862139379663 -9.6964025175245272 3.2610714285714293 1.0430213944775419 -0.9523687564627995 0.0062755891500190768 0.22000625000000004 0.034846411591348291 0.63906697098707377 20.925000000000004 11.16666666666667 -0.32533907195844763 0.17960416666666668 0.024681724007856492 15.000000000000002 -0.22610730998347103 0.040833333333333305 0.16251250000000003 25.850000000000005 1.180810105813632e-07 0.06042115567041615 2.7655653397363875 0.71547512267184354 16.500000000000004 0.048563752235602199 0.13588605442176874 1.6126339592443037e-08 0.030496709190109429
decision_type=2 2 2 2 2 2 2 2 2 2 2 2 2 2 2 2 2 2 2 2 2 2 2 2 2 2 2 2 2 2
left_child=1 2 15 6 13 14 7 8 -3 10 -8 -9 -11 25 -6 16 17 -1 -17 -18 21 27 -23 -22 -15 -5 -20 -4 -2 -30
right_child=28 3 20 4 5 -7 9 11 -10 12 -12 -13 -14 24 -16 18 19 -19 26 -21 23 22 -24 -25 -26 -27 -28 -29 29 -31
leaf_value=0.0003418036418560297 -0.00028414963732737336 0.0011818233446200736 6.1543443345374583e-06 0.00012998565658406617 0.0011607350706609922 -0.0011782538970766931 -0.0001355741862168821 0.00053422299769741144 0.00032303364987288101 -0.0014784058359218761 7.7516789082282759e-05 -9.1333958546630742e-05 0.00012112348323401678 0.00069383276118991917 0.00019655887202456212 -0.00030480094284222095 -6.7782301004205037e-05 1.3481019114334378e-05 0.00040497387339078611 0.00033732118482907535 -0.00023997295208084962 -0.00018385581844583283 0.00035438492207383538 -0.00088493068135088134 -0.00025435262831019002 -0.00098241032747817887 -0.00066772529997519755 -0.0011925838833834093 6.051024739490136e-05 0.00026089906935203695
leaf_weight=1197 172 140 30 1305 56 37 8006 202 545 23 3731 1211 3107 48 4010 1237 13056 3370 228 286 369 1933 284 185 939 34 37 75 2232 1763
leaf_count=1197 172 140 30 1305 56 37 8006 202 545 23 3731 1211 3107 48 4010 1237 13056 3370 228 286 369 1933 284 185 939 34 37 75 2232 1763
internal_value=-1.1624e-06 -1.32904e-05 -5.57109e-05 2.69952e-05 0.000115096 0.000197316 -6.21925e-06 0.000163775 0.000504393 -3.04197e-05 -6.75796e-05 0 0.000107943 -2.86707e-05 0.000210858 -3.28289e-05 -1.8107e-05 0.000100246 -0.00020624 -5.8849e-05 -0.000209041 -0.000147233 -0.000113425 -0.000461959 -0.000204548 9.87887e-05 0.000241975 -0.000824958 0.000131043 0.000149736
internal_weight=49848 45681 22287 23394 6429 4103 16965 2098 685 14867 11737 1413 3130 2326 4066 19411 17909 4567 1502 13342 2876 2322 2217 554 987 1339 265 105 4167 3995
internal_count=49848 45681 22287 23394 6429 4103 16965 2098 685 14867 11737 1413 3130 2326 4066 19411 17909 4567 1502 13342 2876 2322 2217 554 987 1339 265 105 4167 3995
is_linear=0
shrinkage=0.03


Tree=149
num_leaves=31
num_cat=0
split_feature=1 10 44 23 41 44 47 7 53 22 65 66 34 40 12 33 23 45 22 67 22 33 0 21 71 53 25 41 12 17
split_gain=0.0840722 0.0879725 0.0917503 0.0822895 0.101127 0.0812789 0.0766072 0.115235 0.283935 0.11462 0.0685089 0.0684853 0.0661073 0.0631655 0.118977 0.101267 0.0687181 0.0615991 0.0794106 0.0776391 0.0604366 0.0576536 0.100114 0.10213 0.0667115 0.0572451 0.140361 0.0735061 0.0567222 0.0532047
threshold=1.9500000000000002 0.39902083333333344 26.650000000000002 0.032499669872877425 0.85367820839173458 23.907142857142862 4.8392261512681356e-07 -224.33674845121263 0.53452248382486289 0.23293491200828159 -0.0547083333333334 -0.012500000000000002 5.2750000000000012 4.5353571428571433 0.082572916666666663 3.4801477801134642 0.082055656401641711 0.34156502553198642 0.34145979904757079 0.23554672412378433 0.13070986394557824 0.24397501823713344 22.500000000000004 0.005031984751135715 1.0671018355898882 1.3259870882634732 4.3767019738758508 0.18679482779859433 0.14697916666666669 -12.44687355491026
decision_type=2 2 2 2 2 2 2 2 2 2 2 2 2 2 2 2 2 2 2 2 2 2 2 2 2 2 2 2 2 2
left_child=1 6 5 21 13 29 7 25 -9 -10 11 -8 -6 15 20 16 -5 18 -12 -19 -15 22 23 -2 -23 27 -27 -1 -13 -3
right_child=3 2 -4 4 12 -7 10 8 9 -11 17 28 -14 14 -16 -17 -18 19 -20 -21 -22 24 -24 -25 -26 26 -28 -29 -30 -31
leaf_value=1.2018320101465568e-05 0.0013077447984016625 -0.0012443175447572556 -0.0013322455953061578 0.00012622964152935763 0.00019236469090659747 0.0010834053080809646 -3.909089035626626e-05 0.00019258633637134071 0.0025479222488865049 0.00021149172171229316 -7.3524724499003606e-05 -9.7405128808546355e-05 -0.00049951777061381765 1.8548230893152229e-06 0.00070286947410016869 0.00044289727733486328 -0.00033303401432725375 -3.7604705677440698e-05 -0.00052113906286894746 0.00013695494035317662 -0.0015728247906439576 -2.9227126520916726e-05 7.3831842779709293e-05 4.0992320286618031e-05 0.00026158866333548576 0.00024593532487086764 -0.0011821169564500452 0.00097116052804552516 -0.00091846321528528396 0.00031461355212302757
leaf_weight=2887 133 20 24 2079 196 145 355 824 70 30 15137 126 316 117 511 852 338 9269 367 3044 25 10251 1085 109 761 123 118 73 230 233
leaf_count=2887 133 20 24 2079 196 145 355 824 70 30 15137 126 316 117 511 852 338 9269 367 3044 25 10251 1085 109 761 123 118 73 230 233
internal_value=-1.12136e-06 -2.89247e-05 0.000400378 5.35243e-05 0.000164418 0.000515454 -3.45769e-05 8.5977e-05 0.000380911 0.00188573 -5.2116e-05 -0.000343331 -0.00022895 0.00021658 0.000488065 0.0001613 6.06531e-05 -4.45526e-05 -8.43468e-05 5.31364e-06 -0.000263459 1.34216e-05 0.000200247 0.000752045 -8.83555e-06 0 -0.000442876 3.7006e-05 -0.000637354 0.000175153
internal_weight=49848 33075 422 16773 4434 398 32653 4125 924 100 28528 711 512 3922 653 3269 2417 27817 15504 12313 142 12339 1327 242 11012 3201 241 2960 356 253
internal_count=49848 33075 422 16773 4434 398 32653 4125 924 100 28528 711 512 3922 653 3269 2417 27817 15504 12313 142 12339 1327 242 11012 3201 241 2960 356 253
is_linear=0
shrinkage=0.03


Tree=150
num_leaves=31
num_cat=0
split_feature=66 11 21 23 9 53 41 39 65 18 57 7 51 23 44 7 21 41 23 47 48 50 41 53 3 47 45 12 41 39
split_gain=0.0891303 0.0796969 0.0708211 0.144425 0.168615 0.116595 0.0999758 0.149119 0.126218 0.117828 0.0821854 0.0850168 0.0780035 0.101329 0.0769344 0.0684161 0.0590631 0.0770002 0.162492 0.0938625 0.0914658 0.116042 0.0607733 0.0574399 0.0532435 0.0517552 0.0479124 0.0427014 0.0323771 0.0431607
threshold=0.0082062499999999965 0.40760208333333331 0.0076790446547560275 0.066237767824749869 0.24002083333333332 1.6404236393993912e-07 0.01988980632491321 5.4177531919797329e-09 0.024766666666666656 0.29100555555555557 16.150000000000009 -1500.0000000000143 0.97590007294853465 0.03420063370132894 15.864285714285717 -1500.0000000000014 0.0013913894905745008 0.20158710930355303 0.11604376524140346 6.7348721585318313e-07 18.833333333333339 17.071428571428573 0.14064216928154974 0.72627303919902164 25.950000000000003 0.63091160242567212 0.49473417585802304 0.16106249999999997 0.27168986844448612 1.0000000180025095e-35
decision_type=2 2 2 2 2 2 2 2 2 2 2 2 2 2 2 2 2 2 2 2 2 2 2 2 2 2 2 2 2 2
left_child=1 2 3 10 27 -6 12 9 -9 -8 11 -1 23 -14 -12 -2 24 20 19 -19 21 -18 -22 -4 -17 28 -27 -5 29 -3
right_child=15 25 6 4 5 -7 7 8 -10 -11 14 -13 13 -15 -16 16 17 18 -20 -21 22 -23 -24 -25 -26 26 -28 -29 -30 -31
leaf_value=0.001168844198522975 -0.00010640252345514111 0.00081469258471307429 0.00015213877836486642 0.0016210764234022396 -0.0014816033577508463 0.0006583462091859873 -0.00046505120978165425 -9.7884604841628618e-05 0.0002663203262595798 0.0003504793624287205 -0.00017470756312451782 -8.0538669141279773e-05 -0.00044943819467549803 0.0019400789780502621 7.4687877095294965e-05 0.00037295884459110143 0 0.0011828217770142311 -0.0024154693550080993 4.450494185450165e-05 0.00020033460081473483 -0.0015712012939752553 0.00055331994111937842 -0.00069122506666156511 -0.00081521266990862147 -0.0011902227156202901 0.00015677594457826527 0.00070974531159834393 0.00063043897837644321 -0.00057079098703196414
leaf_weight=48 1827 32 1303 81 48 40 1458 11290 922 174 1244 9122 21 46 10127 43 209 65 23 7817 2674 52 543 75 117 32 75 165 328 51
leaf_count=48 1827 32 1303 81 48 40 1458 11290 922 174 1244 9122 21 46 10127 43 209 65 23 7817 2674 52 543 75 117 32 75 165 328 51
internal_value=-2.85908e-06 -2.70857e-05 -3.24579e-05 3.33333e-06 0.000621312 -0.000478723 -8.1519e-05 -0.000106434 -7.01221e-05 -0.000376103 -6.59882e-06 -7.3545e-05 0.000155015 0.00115141 4.7127e-05 6.33817e-05 9.05216e-05 9.88024e-05 4.65513e-05 5.44217e-05 0.000216652 -0.000317441 0.000261001 0.000103594 -0.000476925 0.000341533 -0.000225578 0.00102731 0.000496646 0
internal_weight=50052 36682 36164 20875 334 88 15289 13844 12212 1632 20541 9170 1445 67 11371 13370 11543 11383 7905 7882 3478 261 3217 1378 160 518 107 246 411 83
internal_count=50052 36682 36164 20875 334 88 15289 13844 12212 1632 20541 9170 1445 67 11371 13370 11543 11383 7905 7882 3478 261 3217 1378 160 518 107 246 411 83
is_linear=0
shrinkage=0.03


Tree=151
num_leaves=31
num_cat=0
split_feature=10 66 65 19 0 53 12 0 45 3 63 70 40 11 11 34 12 23 44 68 53 47 44 46 73 47 19 12 73 8
split_gain=0.0855429 0.0827526 0.0644331 0.0750476 0.0679468 0.113905 0.0743801 0.0628911 0.0882814 0.0906043 0.0941899 0.0868073 0.0898163 0.0623285 0.078743 0.0601381 0.0598862 0.0540864 0.0937446 0.109888 0.107704 0.0535304 0.0584322 0.0660819 0.066175 0.0525575 0.0842402 0.0511618 0.0487475 0.0408893
threshold=0.40760208333333331 0.0082062499999999965 0.018333333333333365 0.029703501856169816 22.500000000000004 1.0271051820262118 0.33739583333333339 57.500000000000007 0.18898223650460455 29.250000000000004 -210.23499999999999 0.5488226286565131 3.5735714285714288 0.34418750000000004 0.36808712121212123 4.3678571428571447 0.15477708333333332 0.099847358532316674 26.307142857142864 -67.903984763538219 2.0542103640525147 0.61626310921571259 26.157142857142862 24.06071428571429 0.10060166897831115 3.4995878367650633e-08 0.00031273139581105945 0.085410416666666669 12.533250156617074 0.053981250000000008
decision_type=2 2 2 2 2 2 2 2 2 2 2 2 2 2 2 2 2 2 2 2 2 2 2 2 2 2 2 2 2 2
left_child=1 2 3 4 5 -1 -6 8 9 10 -3 12 -10 16 -15 -13 -5 25 20 -20 -19 22 23 -2 -25 27 -27 -9 -11 -4
right_child=21 7 29 13 6 -7 -8 17 11 28 -12 15 -14 14 -16 -17 -18 18 19 -21 -22 -23 -24 24 -26 26 -28 -29 -30 -31
leaf_value=0.00024176324070279356 0.00026280741534506281 -0.00040891992870918426 -0.00037903132730610415 -3.357210347710824e-05 -6.0759673900250089e-05 -1.2584992504338225e-05 -0.0003860817301095552 -0.0001903120971652573 -6.2448472788196718e-05 -0.00023293571487361108 0.00036418689195697064 -2.0986300153121747e-05 0.00019758617234144141 0.0006456439505634655 -0.00025418293075265614 -0.0004447485221616663 -0.0003619144964812763 4.6524194113255753e-05 -0.0011550418921578965 0.00066060970663547782 -0.0020774015921713974 -0.00014334671264327705 -0.00092026287215677175 0.0013165881936438382 -0.00022506316875418026 -0.00040480769725457567 -3.2926255002774481e-05 0.00025341709171309575 0.00077432671052891694 0.00021216159296271063
leaf_weight=1746 224 147 110 783 12905 16930 669 351 1950 440 2239 845 3031 168 175 482 1495 73 31 329 28 130 21 147 26 824 1696 670 46 1341
leaf_count=1746 224 147 110 783 12905 16930 669 351 1950 440 2239 845 3031 168 175 482 1495 73 31 329 28 130 21 147 26 824 1696 670 46 1341
internal_value=-2.76378e-06 -6.95327e-06 -3.0374e-05 -3.85961e-05 -2.59389e-05 1.10448e-05 -7.70416e-05 5.73506e-05 0.000100708 0.000238749 0.000315148 3.73556e-05 9.51916e-05 -0.000193122 0.000178423 -0.000177386 -0.000250436 -4.13568e-05 0.00026242 0.000493185 -0.000527469 0.000369555 0.000536191 0.000622889 0.00106769 -8.18151e-05 -0.000155828 9.78992e-05 -0.000130044 0.000165047
internal_weight=50052 49504 36322 34871 32250 18676 13574 13182 9180 2872 2386 6308 4981 2621 343 1327 2278 4002 461 360 101 548 418 397 173 3541 2520 1021 486 1451
internal_count=50052 49504 36322 34871 32250 18676 13574 13182 9180 2872 2386 6308 4981 2621 343 1327 2278 4002 461 360 101 548 418 397 173 3541 2520 1021 486 1451
is_linear=0
shrinkage=0.03


Tree=152
num_leaves=31
num_cat=0
split_feature=66 22 65 21 23 9 41 45 7 45 35 70 33 27 63 29 35 21 12 40 73 41 41 21 34 53 12 19 5 40
split_gain=0.0788241 0.0726695 0.0664952 0.0884714 0.127234 0.165495 0.0921647 0.15618 0.0634797 0.0579179 0.0570363 0.0549216 0.100494 0.0855915 0.0830531 0.0700398 0.0679902 0.0606562 0.0548206 0.0516897 0.083052 0.0599635 0.0517831 0.0505134 0.0485875 0.0476469 0.038329 0.0369441 0.0340283 0.0294235
threshold=0.0082062499999999965 0.37053422619047621 0.024766666666666656 0.010743893824077257 0.059387236046570806 0.24002083333333332 0.025419556372091263 0.053452248382483851 -1500.0000000000014 0.037796447300918815 0.7097631547845612 0.50494235051780223 2.1652009694472087 59.860474030167076 -187.31499999999997 0.82260547700072373 5.5835118285740366 0.044799828102988416 0.25581041666666671 3.6510714285714294 -0.14055402398111558 0.17906503208132371 0.76575754347222458 0.001541908362513449 0.34285714285714308 0.51887452166277337 0.085410416666666669 0.050703338970838605 -86.973579246610043 2.8817857142857148
decision_type=2 2 2 2 2 2 2 2 2 2 2 2 2 2 2 2 2 2 2 2 2 2 2 2 2 2 2 2 2 2
left_child=1 2 3 4 24 -6 9 -8 -2 -5 -3 19 13 14 -13 -14 -17 -15 27 20 21 -10 -22 28 -1 -12 -25 -4 -21 -27
right_child=8 10 18 6 5 -7 7 -9 11 -11 25 12 15 17 -16 16 -18 -19 -20 23 22 -23 -24 26 -26 29 -28 -29 -30 -31
leaf_value=-7.0930879955393518e-05 -0.00010393647394650093 0.00079795939234457913 0.00016782279138859667 6.6945693068455386e-05 0.00071123795799704832 -0.00032768917712564866 -0.00039327202593595083 -8.4433139377272374e-05 0.00057954085831913877 0.0007869722110526306 -0.00088831575361546114 -0.00010877209916400746 0.00028264032682636747 -0.00021404914240081809 0.00028804508371467268 -0.00015788832439346108 -0.00072116528261546896 -0.0016322667628195823 0.00059701077595382228 -0.00098070741932500477 0.00015487570993300793 -0.00049691465285813018 -0.0001621111001611644 1.3298804047645454e-05 1.833856289777675e-05 -0.00029226751690369159 0.00023917726140363561 -0.00035551556391263755 0.00011585808412637561 0.00019948868662360294
leaf_weight=9643 1827 124 732 1065 464 191 1811 8159 50 112 39 724 167 121 1329 517 326 37 239 54 2324 368 570 845 12649 115 4072 142 39 1197
leaf_count=9643 1827 124 732 1065 464 191 1811 8159 50 112 39 724 167 121 1329 517 326 37 239 54 2324 368 570 845 12649 115 4072 142 39 1197
internal_value=-2.69695e-06 -2.54832e-05 -3.41996e-05 -4.17233e-05 -7.89896e-06 0.000403673 -0.000111077 -0.000140867 5.95925e-05 0.000138618 0.000180418 8.57421e-05 -1.86293e-05 9.36257e-05 0.00014666 -0.000267185 -0.000379866 -0.000573208 0.000193409 0.000126497 3.34186e-05 -0.000359916 9.13715e-05 0.000187411 -2.01442e-05 0.00012097 0.00020098 7.90576e-05 -0.000492602 0.00015391
internal_weight=50052 36682 35207 34094 22947 655 11147 9970 13370 1177 1475 11543 3221 2211 2053 1010 843 158 1113 8322 3312 418 2894 5010 22292 1351 4917 874 93 1312
internal_count=50052 36682 35207 34094 22947 655 11147 9970 13370 1177 1475 11543 3221 2211 2053 1010 843 158 1113 8322 3312 418 2894 5010 22292 1351 4917 874 93 1312
is_linear=0
shrinkage=0.03


Tree=153
num_leaves=31
num_cat=0
split_feature=10 66 21 23 9 53 41 39 10 7 57 7 51 46 7 41 23 52 21 66 73 44 15 44 12 69 35 17 43 23
split_gain=0.0792817 0.0731464 0.0635081 0.125982 0.157245 0.104111 0.0889193 0.119964 0.136184 0.113487 0.0751418 0.0798439 0.0720834 0.0720545 0.0568934 0.0525697 0.136282 0.0840611 0.115572 0.0970344 0.0714038 0.0426247 0.0549076 0.0820409 0.0404207 0.0377144 0.0310889 0.0295574 0.0298647 0.0398253
threshold=0.40760208333333331 0.0082062499999999965 0.0076790446547560275 0.066237767824749869 0.24002083333333332 1.6404236393993912e-07 0.01988980632491321 5.4177531919797329e-09 0.31506250000000002 -18.817043710259536 16.150000000000009 -1500.0000000000143 1.9023794624237225 16.13928571428572 -1500.0000000000014 0.20158710930355303 0.11604376524140346 35.321428571428577 0.067816122522635761 0.20528958333333333 -0.10234454407312742 26.157142857142862 -11.481057301972141 24.007142857142863 0.16106249999999997 0.64534213713577271 0.72931173310240927 -10.75252225111681 1.0000000180025095e-35 0.035853045883215383
decision_type=2 2 2 2 2 2 2 2 2 2 2 2 2 2 2 2 2 2 2 2 2 2 2 2 2 2 2 2 2 2
left_child=1 2 3 10 24 -6 12 8 -8 -9 11 -1 25 -12 27 17 20 19 -19 -16 -17 22 23 -2 -5 -4 -24 28 -3 -30
right_child=21 14 6 4 5 -7 7 9 -10 -11 13 -13 -14 -15 15 16 -18 18 -20 -21 -22 -23 26 -25 -26 -27 -28 -29 29 -31
leaf_value=0.0011359650537001006 -0.0003730468874331564 -0.00016923660848615829 0.00020524069860949163 0.0015504721298632098 -0.0014282997307576695 0.00061779540272143018 -0.00044818935984984425 8.0643448735449321e-07 0.0003277690720148864 -0.00019006394117058819 -0.00015400729554248247 -7.4858396412926648e-05 0.0016910746683812853 7.5543357335467495e-05 3.3883913728637946e-05 -0.00010899880751917923 -0.0021742890669219192 0.00018213570809488892 0.00077051543543912859 -0.00096970837988192215 9.6976548829898982e-05 -0.00089866356619379732 -0.00083807515183633027 0.0013486312399215352 0.00066430575568148312 -0.00014686218336108507 0.00029462363414134598 -0.0011352626928314566 -8.5447017107447915e-05 0.0004334255349405332
leaf_weight=48 29 1227 1078 81 48 38 1430 7988 232 4293 1395 9122 26 10022 855 2047 24 2253 352 95 5729 21 21 103 165 356 374 24 376 200
leaf_count=48 29 1227 1078 81 48 38 1430 7988 232 4293 1395 9122 26 10022 855 2047 24 2253 352 95 5729 21 21 103 165 356 374 24 376 200
internal_value=-2.61722e-06 -6.6527e-06 -2.86752e-05 5.23073e-06 0.000584147 -0.000493019 -7.49154e-05 -9.83707e-05 -0.000337937 -6.56808e-05 -3.98747e-06 -6.80701e-05 0.000146943 4.72217e-05 5.37987e-05 7.89475e-05 3.48787e-05 0.000174758 0.000263057 -6.42349e-05 4.23616e-05 0.000355814 0.000413092 0.000947866 0.000973334 0.000115697 0.000224864 -0.00010082 -8.47658e-05 8.99567e-05
internal_weight=50052 49504 36322 20919 332 86 15403 13943 1662 12281 20587 9170 1460 11417 13182 11355 7800 3555 2605 950 7776 548 527 132 246 1434 395 1827 1803 576
internal_count=50052 49504 36322 20919 332 86 15403 13943 1662 12281 20587 9170 1460 11417 13182 11355 7800 3555 2605 950 7776 548 527 132 246 1434 395 1827 1803 576
is_linear=0
shrinkage=0.03


Tree=154
num_leaves=31
num_cat=0
split_feature=10 65 71 45 73 69 0 14 26 63 34 11 16 29 73 22 9 53 4 40 69 37 6 6 73 70 34 61 17 41
split_gain=0.0744443 0.0635223 0.0954908 0.0780017 0.0795325 0.079714 0.0773765 0.0860913 0.115638 0.186029 0.0846721 0.0432018 0.0420639 0.048314 0.0626772 0.0420744 0.0596107 0.0407775 0.0405971 0.123009 0.0850657 0.0377473 0.0394228 0.0357106 0.0348139 0.0436249 0.0406162 0.0371389 0.0409522 0.0283125
threshold=0.40760208333333331 -0.0024166666666666082 -0.2850286989144965 0.4276179870599619 8.7327444275782273 0.92913280730858816 47.500000000000007 -1499.999999999997 -1499.9999999999936 -173.37499999999997 0.085714285714285451 0.40283333333333332 -419.37643851723647 27.003744278808824 3.9280730791643212 0.32763959627329192 0.29840833333333333 1.6404236393993912e-07 59.500000000000007 4.8939285714285727 0.6583954877256819 0.12124355652982104 -772.49667620541811 -779.72093828537174 -0.09058567972204655 0.34157076916785584 0.19285714285714303 -9.3999999999999986 -9.7570307612333504 0.12346641666443575
decision_type=2 2 2 2 2 2 2 2 2 2 2 2 2 2 2 2 2 2 2 2 2 2 2 2 2 2 2 2 2 2
left_child=1 2 3 21 5 -5 7 -3 9 -9 -10 18 15 17 -15 16 -4 -14 19 -8 -20 -1 -23 -6 25 -2 -26 -28 -29 -13
right_child=24 6 12 4 23 -7 11 8 10 -11 -12 29 13 14 -16 -17 -18 -19 20 -21 -22 22 -24 -25 26 -27 27 28 -30 -31
leaf_value=-0.00015945908865047829 0.0010390421365828091 -0.00013734853855030692 -0.00022323810364317077 -9.388597018148452e-05 -0.0014445887632423106 0.00049614636694737292 0.0010282388641362022 0.00010520943285175531 -0.00010693049637223328 0.00084091195492601821 6.5028760066507808e-05 0.001693848599812814 0.00046162359297720161 0.00048384497892457187 -0.00021475024902554342 -0.0013406491012844656 0.00053141499598153403 -1.5632806790757857e-05 -6.0157110961701599e-05 -2.044565034587743e-05 -0.00038363972201398811 -8.5808839889261793e-05 -0.00055118421004897119 -0.00019072240158760301 -0.00086213397814426573 0 0.00099608253950732024 -0.00098938551097391874 0.00024331270904119002 0
leaf_weight=688 114 2181 926 1868 52 230 101 1148 2979 429 18615 20 165 412 153 27 102 5446 4453 7514 884 225 822 44 29 53 54 25 273 20
leaf_count=688 114 2181 926 1868 52 230 101 1148 2979 429 18615 20 165 412 153 27 102 5446 4453 7514 884 225 822 44 29 53 54 25 273 20
internal_value=-2.53497e-06 -6.44724e-06 -6.94744e-05 -0.000188523 -6.78855e-05 -2.7567e-05 1.18199e-05 4.23897e-05 5.94424e-05 0.000307654 4.11633e-05 -4.76005e-05 -4.35704e-06 2.5131e-05 0.000289322 -0.000179682 -0.000145001 -9.84031e-07 -5.0894e-05 -6.00955e-06 -0.000114361 -0.000339219 -0.000454215 -0.000908719 0.000344786 0.000710854 0.000175037 0.000271185 0.000126902 0.0009209
internal_weight=50052 49504 11160 3929 2194 2098 38344 25352 23171 1577 21594 12992 7231 6176 565 1055 1028 5611 12952 7615 5337 1735 1047 96 548 167 381 352 298 40
internal_count=50052 49504 11160 3929 2194 2098 38344 25352 23171 1577 21594 12992 7231 6176 565 1055 1028 5611 12952 7615 5337 1735 1047 96 548 167 381 352 298 40
is_linear=0
shrinkage=0.03


Tree=155
num_leaves=31
num_cat=0
split_feature=68 35 15 0 23 28 11 7 23 42 41 53 23 27 2 23 23 57 33 70 35 22 10 44 17 23 7 8 11 70
split_gain=0.0677005 0.150588 0.0869974 0.108682 0.127631 0.125447 0.164149 0.194109 0.152075 0.106601 0.0984207 0.0978725 0.0864897 0.0822106 0.153052 0.0768943 0.0768571 0.0714218 0.0892118 0.0712719 0.0682399 0.0741452 0.071951 0.0715765 0.0666465 0.060119 0.0597352 0.0587489 0.0583847 0.0549105
threshold=-3.8826221264575635 7.0625015802648337 -1499.999999999997 47.500000000000007 0.099847358532316674 -1499.9999999999936 0.25534791666666673 -477.63447974794991 0.055029833615456721 26.300000000000008 0.051097837635159182 0.49724515809884634 0.096095801051490085 8.7183163436742227e-06 5.7150000000000007 0.034996970435460253 0.10804151805699826 102.45000000000003 5.503959598296813 -0.72658061058372014 1.7176843596587592 0.21488333333333332 0.38456250000000008 21.292857142857148 -41.370047796659541 0.037743922908421018 -10.246278817848571 0.37694791666666666 0.21825543478260867 0.82873938879806197
decision_type=2 2 2 2 2 2 2 2 2 2 2 2 2 2 2 2 2 2 2 2 2 2 2 2 2 2 2 2 2 2
left_child=1 17 -2 5 13 6 7 -4 -8 10 -6 -11 15 14 -5 -7 -14 20 24 28 22 25 27 -23 -19 -22 -26 -1 -20 -3
right_child=2 29 3 4 9 12 8 -9 -10 11 -12 -13 16 -15 -16 -17 -18 18 19 -21 21 23 -24 -25 26 -27 -28 -29 -30 -31
leaf_value=-6.0891540471207391e-05 -0.00011125769983840393 -0.00042153027207906911 0.00020478613298660143 -0.001052132020495012 0.00065846192001869593 3.1029608866578064e-05 -0.0011187046148727847 0.0010751507474747685 0.00015055435851439516 2.4130197693701681e-05 -0.0011891329236176057 0.0011542730956369232 -0.00068404472202016043 -3.93656800817721e-05 -0.00013420868265619343 0.00017087663150241648 0.0004530163304056399 8.6381650148392546e-05 0 0 6.8929377530938345e-05 0.00014818883116222948 0.0010947980317487236 0.00066948591935003202 -0.00050780935421620662 -0.00037595303631079242 0.00014316513153220603 -0.0012978014703307831 0.0018968571304128722 -0.0013186203560684449
leaf_weight=7008 3955 428 553 208 44 17801 96 409 682 115 57 195 249 8189 804 4444 64 282 25 160 1474 938 47 328 951 334 138 34 38 77
leaf_count=7008 3955 428 553 208 44 17801 96 409 682 115 57 195 249 8189 804 4444 64 282 25 160 1474 938 47 328 951 334 138 34 38 77
internal_value=1.78801e-06 -5.94098e-05 2.16863e-05 3.72831e-05 -4.79185e-05 7.11119e-05 0.000316817 0.000578674 -3.44765e-06 0.000467713 -0.000356264 0.000746098 5.20134e-05 -7.13256e-05 -0.000326687 5.91089e-05 -0.00044129 -3.73239e-05 -0.000224031 0.000324819 -7.72578e-06 0.000109963 -5.91906e-05 0.000286038 -0.000315662 -1.17598e-05 -0.000422509 -6.74729e-05 0.00117113 -0.000566579
internal_weight=50127 12262 37865 33910 9612 24298 1740 962 778 411 101 310 22558 9201 1012 22245 313 11757 1594 223 10163 3074 7089 1266 1371 1808 1089 7042 63 505
internal_count=50127 12262 37865 33910 9612 24298 1740 962 778 411 101 310 22558 9201 1012 22245 313 11757 1594 223 10163 3074 7089 1266 1371 1808 1089 7042 63 505
is_linear=0
shrinkage=0.03


Tree=156
num_leaves=31
num_cat=0
split_feature=65 0 66 14 7 40 41 68 6 72 41 7 3 4 8 66 28 41 38 68 39 21 67 7 66 65 46 21 8 8
split_gain=0.0665368 0.0927656 0.0999898 0.0772018 0.0849643 0.10227 0.0702717 0.063987 0.0618508 0.0585921 0.0738787 0.0690775 0.0764362 0.0676549 0.0569455 0.0557436 0.044735 0.0446297 0.0419471 0.0416417 0.0415028 0.0895702 0.0484366 0.0712 0.0413671 0.0810684 0.0784757 0.0445652 0.143023 0.067971
threshold=-0.0051583333333333472 47.500000000000007 0.066416666666666707 -1499.999999999997 -1500.0000000000014 4.3539285714285727 0.01988980632491321 1.7070553798024768 -934.77487909309696 -0.28412035733147961 0.86178099509960637 -42.996218812858899 30.350000000000005 13.500000000000002 0.3989166666666667 0.11381250000000002 -8.3883585416504189 0.35278483932439969 3.2907142857142864 -1.3466782570729887 5.4177531919797329e-09 0.02795552590403972 -0.80432537774275958 -28.3368826121838 0.10301041666666672 -0.00012499999999999835 30.803571428571434 0.023784055571877752 0.2930416666666667 0.25302083333333336
decision_type=2 2 2 2 2 2 2 2 2 2 2 2 2 2 2 2 2 2 2 2 2 2 2 2 2 2 2 2 2 2
left_child=6 2 3 -2 -5 -6 -1 20 -9 11 13 12 -4 -11 24 -13 18 -10 -16 -12 21 -8 23 -22 27 -26 -27 29 -29 -3
right_child=1 14 9 4 5 -7 7 8 17 10 19 15 -14 -15 16 -17 -18 -19 -20 -21 22 -23 -24 -25 25 26 -28 28 -30 -31
leaf_value=0.0004143039207462364 -0.00013897465002430401 -3.3448027599340249e-05 0.00036241618467166143 -9.4165211616260787e-05 2.9064638970418258e-05 0.00017789112178003341 -4.3338213859899906e-05 -0.00094607007943947488 -0.00019416263902429865 -0.0010493306294083594 -0.00077990320429986184 -6.0696638441171312e-05 -0.00090505467852693968 0.00043816635279034786 -0.00023729810139371286 -0.0014985992164608646 -0.00050638839628162056 0.00015566861288335035 0.0010134866795787172 0.00012714402228852529 -9.9731229622893099e-05 -0.0010147692883374954 -5.7756636909436433e-05 -0.00049143431937984637 0.0012863412337377666 -0.00034994532831123941 0.00069897832408714194 -5.4542886024323355e-05 0.00046160294845274937 -0.00024953929755491583
leaf_weight=250 2184 7792 271 3312 15686 5687 211 53 410 26 73 60 49 1389 26 46 28 1536 107 107 1130 151 3564 687 29 983 66 1993 634 1587
leaf_count=250 2184 7792 271 3312 15686 5687 211 53 410 26 73 60 49 1389 26 46 28 1536 107 107 1130 151 3564 687 29 983 66 1993 634 1587
internal_value=1.73706e-06 1.6849e-05 4.70416e-05 3.16023e-05 4.68206e-05 6.88117e-05 -7.75521e-05 -9.38737e-05 5.1187e-05 0.000250705 0.000334422 -5.57663e-05 0.000156774 0.000407994 -4.87792e-05 -0.000720903 0.000508421 8.03605e-05 0.000746638 -0.000226416 -0.000144888 -0.000458492 -0.000123152 -0.000249672 -5.59032e-05 -0.000234406 -0.00028049 -3.96077e-05 6.90104e-05 -7.03549e-05
internal_weight=50127 42135 28890 26869 24685 21373 7992 7742 1999 2021 1595 426 320 1415 13245 106 161 1946 133 180 5743 362 5381 1817 13084 1078 1049 12006 2627 9379
internal_count=50127 42135 28890 26869 24685 21373 7992 7742 1999 2021 1595 426 320 1415 13245 106 161 1946 133 180 5743 362 5381 1817 13084 1078 1049 12006 2627 9379
is_linear=0
shrinkage=0.03


Tree=157
num_leaves=31
num_cat=0
split_feature=68 63 15 23 51 47 25 69 21 12 66 63 69 65 36 20 35 69 8 33 35 36 22 10 11 12 32 22 50 60
split_gain=0.0627142 0.168532 0.0780464 0.0757011 0.125624 0.128748 0.0663661 0.12124 0.0634008 0.0620176 0.0579665 0.120198 0.056464 0.0560349 0.0559013 0.0519147 0.0478515 0.102742 0.0545225 0.0781379 0.0503629 0.0750811 0.0702637 0.0647042 0.0559464 0.0477406 0.0488233 0.0577404 0.0474038 0.0530555
threshold=-3.8826221264575635 21.195000000000004 -1499.999999999997 0.035853045883215383 0.69006555934306912 0.37416573867739406 0.090272728862158272 0.94970904815366264 0.0080291816469627107 0.23421874999999998 -0.055839583333333352 -188.60499999999996 -0.98801351631316325 -0.005938963210702349 6.0166666666666684 0.045591964285714291 6.5703232998652821 -0.35769492645306972 0.24931249999999996 7.9859400237691416 1.7176843596587592 6.7900000000000018 0.21488333333333332 0.39902083333333344 0.3870333333333334 0.38962708333333335 3.22857142857143 0.22108113354037265 80.928571428571445 72.325000000000017
decision_type=2 2 2 2 2 2 2 2 2 2 2 2 2 2 2 2 2 2 2 2 2 2 2 2 2 2 2 2 2 2
left_child=1 16 -2 10 5 12 7 -6 -8 -7 11 -4 -5 -12 -13 -15 20 -18 -19 -20 23 22 -22 24 -1 26 27 -3 29 -28
right_child=2 25 3 4 6 9 8 -9 -10 -11 13 14 -14 15 -16 -17 17 18 19 -21 21 -23 -24 -25 -26 -27 28 -29 -30 -31
leaf_value=-5.80251066818747e-05 -0.0001050891995517269 -0.00036771165026264278 -0.0011811225752188068 -0.00037069675186322901 0.00060338532790631561 -7.8330587587534771e-05 0.00062152428818466009 -0.0011841632570938341 0.00013543759403261509 -0.00067366263847664341 -9.9985048117842365e-05 -0.00015640220668718845 9.8958659291779655e-05 -0.00011227116324857253 0.0010478161795666285 5.0463131002511046e-05 0.00016097185112166163 -0.0003958542023647169 -0.0021748101429641246 0 -4.6972961456710352e-05 0.0017947417445197374 0.00022175608137646742 0.001158117185275142 -0.0014313905015846506 0.00025425799497866026 0.00027596916974971199 -0.0011567784980505752 -0.00049558001693327631 -0.00099903567196535197
leaf_weight=7220 3955 189 105 240 671 334 271 34 2601 321 3158 724 4366 1933 35 19117 169 117 49 25 2002 22 1537 38 26 81 174 176 403 34
leaf_count=7220 3955 189 105 240 671 334 271 34 2601 321 3158 724 4366 1933 35 19117 169 117 49 25 2002 22 1537 38 26 81 174 176 403 34
internal_value=1.66482e-06 -5.72339e-05 2.08185e-05 3.55945e-05 0.000111115 1.72281e-05 0.000248321 0.000511373 0.000182549 -0.000375244 8.85015e-06 -0.000232219 7.37605e-05 1.75872e-05 -9.56187e-05 3.53723e-05 -2.27742e-05 -0.000362828 -0.000840344 -0.00148847 -1.11771e-05 8.09245e-05 6.89192e-05 -5.66205e-05 -6.35638e-05 -0.000419331 -0.000478507 -0.000758511 -0.000305369 4.9418e-05
internal_weight=50127 12262 37865 33910 8838 5261 3577 705 2872 655 25072 864 4606 24208 759 21050 11205 360 191 74 10845 3561 3539 7284 7246 1057 976 365 611 208
internal_count=50127 12262 37865 33910 8838 5261 3577 705 2872 655 25072 864 4606 24208 759 21050 11205 360 191 74 10845 3561 3539 7284 7246 1057 976 365 611 208
is_linear=0
shrinkage=0.03


Tree=158
num_leaves=31
num_cat=0
split_feature=11 65 0 66 27 14 26 22 41 45 52 59 70 71 46 23 29 44 23 25 11 11 36 27 41 21 47 3 41 10
split_gain=0.0608444 0.0665737 0.103665 0.0951164 0.0853568 0.0694452 0.0891369 0.0660758 0.0634441 0.0773573 0.0685914 0.0870865 0.0657052 0.0574699 0.0533807 0.0509627 0.0986191 0.0870411 0.0861779 0.0764782 0.0733001 0.049318 0.048395 0.0581389 0.0627728 0.0570506 0.0461933 0.122112 0.0440648 0.0405718
threshold=0.37702291666666665 -0.0024166666666666082 47.500000000000007 0.10831875000000001 92.258542139486579 -1499.999999999997 -1499.9999999999936 0.29985208333333341 0.010894095588037743 0.46188021535183993 57.035714285714292 24.775000000000006 -0.38961601727460732 -0.32007077178161664 16.13928571428572 0.099847358532316674 50.83382011335673 26.364285714285721 0.048563752235602199 25.708328058114642 0.096716666666666659 0.25272083333333334 5.7316666666666665 0.033424825680066696 0.17906503208132371 0.032636202942953087 0.63091160242567212 23.550000000000004 0.042761798705988001 0.25612083333333335
decision_type=2 2 2 2 2 2 2 2 2 2 2 2 2 2 2 2 2 2 2 2 2 2 2 2 2 2 2 2 2 2
left_child=1 8 3 5 7 -3 -7 -5 -1 13 12 -12 -11 14 -10 18 17 -17 21 -20 -18 -4 23 24 25 -2 29 -28 -27 -25
right_child=22 2 15 4 -6 6 -8 -9 9 10 11 -13 -14 -15 -16 16 20 -19 19 -21 -22 -23 -24 26 -26 28 27 -29 -30 -31
leaf_value=0.00044336344802035818 -0.0011416833676397798 -0.00012668796057356774 -7.536496437969438e-06 0.00042565510795277469 -0.0015561885132337919 0.00030351836790146609 3.7160824870744189e-05 -0.00034418684106633481 0.00052507943071048845 0.00034815092888051627 -0.00015031461973992702 0.00013465088975503716 -0.00058188910866909503 -9.2819807240847118e-05 -0.00033529694967463972 -0.00029720781861882032 -0.0017443787883579108 0.00067889071524182098 -0.00031482334511138645 0.00030767915028128096 0.0003201343834080035 -0.00020398326990050329 0.0014463281684483473 -0.00019607901504649865 -0.0019646174860713274 -0.00026422244244325981 8.6764687626897803e-05 -0.0012496877216240938 0.0015597817296428339 0.00029800596967018475
leaf_weight=208 29 2135 8886 1035 20 1203 19875 106 64 83 1429 2940 305 3955 1675 107 35 304 1754 192 23 1327 25 158 22 22 631 67 20 1492
leaf_count=208 29 2135 8886 1035 20 1203 19875 106 64 83 1429 2940 305 3955 1675 107 35 304 1754 192 23 1327 25 158 22 22 631 67 20 1492
internal_value=1.59778e-06 -5.86118e-06 1.31005e-05 4.93091e-05 0.000314519 3.59024e-05 5.25188e-05 0.00035127 -7.1962e-05 -8.25467e-05 6.14648e-06 4.07456e-05 -0.000374842 -0.000157159 -0.000301625 -5.65485e-05 0.000248614 0.000417386 -6.85855e-05 -0.000251737 -0.000883295 -3.33725e-05 0.000146919 0.000131795 -0.000593175 -0.000105169 0.000162028 -3.88319e-05 0.000550658 0.000248786
internal_weight=50127 47661 37002 24374 1161 23213 21078 1141 10659 10451 4757 4369 388 5694 1739 12628 469 411 12159 1946 58 10213 2466 2441 93 71 2348 698 42 1650
internal_count=50127 47661 37002 24374 1161 23213 21078 1141 10659 10451 4757 4369 388 5694 1739 12628 469 411 12159 1946 58 10213 2466 2441 93 71 2348 698 42 1650
is_linear=0
shrinkage=0.03


Tree=159
num_leaves=31
num_cat=0
split_feature=20 68 57 69 70 0 66 23 44 66 41 15 72 40 12 4 50 32 19 31 26 27 22 19 47 8 7 15 7 12
split_gain=0.0589282 0.0574409 0.133918 0.0904131 0.092047 0.0699473 0.131012 0.102806 0.0977253 0.0878747 0.0863382 0.0826586 0.0816003 0.0768548 0.0711763 0.0685445 0.0660295 0.0517776 0.0460934 0.0898233 0.049349 0.0458881 0.0560409 0.0516142 0.0409245 0.040456 0.0744915 0.0326921 0.0314574 0.0309218
threshold=0.40362408252774801 -3.8826221264575635 102.45000000000003 0.91236630913977512 -0.78295110140207613 47.500000000000007 0.10301041666666672 0.099847358532316674 26.364285714285721 0.083322463768115987 0.051097837635159182 -1499.999999999997 -0.30497713848236424 3.6396428571428578 0.13262916666666666 13.500000000000002 75.785714285714292 3.22857142857143 0.059750104721919516 0.17320508075683375 -9.6281977108194852 45.618691138900182 0.32314648033126298 0.042598171281856563 0.46880723093811105 0.23189583333333338 -610.1242659854953 -8.6620768567889694 -1500.0000000000143 0.042506250000000009
decision_type=2 2 2 2 2 2 2 2 2 2 2 2 2 2 2 2 2 2 2 2 2 2 2 2 2 2 2 2 2 2
left_child=1 2 21 4 17 6 11 18 10 -10 -9 29 14 -13 -8 -14 -6 -4 20 -20 -7 25 23 -23 -5 28 -27 -2 -1 -3
right_child=27 5 3 24 16 7 12 8 9 -11 -12 13 15 -15 -16 -17 -18 -19 19 -21 -22 22 -24 -25 -26 26 -28 -29 -30 -31
leaf_value=0.00050069769167491941 0.00084659541437169538 0.00030746854457741623 -0.00028761229525900797 -0.00043022771065377377 -0.00010003660833071339 -7.4716130777792845e-05 0.00055360083926755651 0.00064065897016941258 0.0016377456715917619 0.00039747920269831354 -0.0010313787525040371 -1.8291910764601233e-05 -0.0010339212646293971 9.321610111664656e-05 -0.0013724639720325781 0.00046736381294300799 -0.0005984787995624134 0.00035923003873033842 -0.00059150662870452193 0.0014138836697675289 0.00015261220563303501 -0.00015748481307423083 0.00060430503997486074 -0.0010647362060146406 0.00058733702445169908 0.00031274560316303434 -5.8941724770938324e-05 0.00019319306868279012 -2.9130415440667342e-05 -0.00016290137060539933
leaf_weight=101 99 128 230 43 335 9439 25 44 68 254 67 9416 26 13457 43 1033 1000 213 270 20 937 1629 81 59 143 1015 907 289 6458 2298
leaf_count=101 99 128 230 43 335 9439 25 44 68 254 67 9416 26 13457 43 1033 1000 213 270 20 937 1629 81 59 143 1015 907 289 6458 2298
internal_value=1.54048e-06 -1.27593e-06 -5.78379e-05 -0.000284787 -0.000351463 1.70555e-05 4.36578e-05 -4.60107e-05 0.000405663 0.000672946 -0.000342001 2.94229e-05 0.000360234 4.71823e-05 -0.000623113 0.000426734 -0.000475816 1.67495e-05 -6.46646e-05 -0.000438511 -5.38855e-05 -1.4036e-05 -0.000153125 -0.000191583 0.000335008 1.46367e-05 0.000135845 0.000369372 -2.04394e-05 -0.000136731
internal_weight=50127 49739 12214 1964 1778 37525 26426 11099 433 322 111 25299 1127 22873 68 1059 1335 443 10666 290 10376 10250 1769 1688 186 8481 1922 388 6559 2426
internal_count=50127 49739 12214 1964 1778 37525 26426 11099 433 322 111 25299 1127 22873 68 1059 1335 443 10666 290 10376 10250 1769 1688 186 8481 1922 388 6559 2426
is_linear=0
shrinkage=0.03


Tree=160
num_leaves=31
num_cat=0
split_feature=65 10 11 25 65 12 11 47 73 11 66 12 46 66 11 28 68 10 12 41 63 11 39 47 47 10 14 46 15 1
split_gain=0.064208 0.0559126 0.0880538 0.0595892 0.057904 0.0743365 0.0741332 0.0936511 0.0976461 0.0881344 0.0709758 0.0640456 0.0598366 0.057677 0.0525429 0.0681861 0.0504439 0.048148 0.0472679 0.0405654 0.0359173 0.0344651 0.0474264 0.0314125 0.038208 0.0309428 0.0304852 0.0293744 0.0273034 0.026078
threshold=0.044620833333333394 0.33322916666666674 0.15949374999999996 36.8315598119461 -0.049916666666666644 0.15051250000000002 0.40283333333333332 0.35948681370920837 -0.035027818895800415 0.35147916666666662 -0.097814393939393937 0.31840181159420294 25.160714285714292 -0.028741666666666641 0.19501249999999998 -8.4715354914921406 -75.937473825677188 0.13343333333333326 0.077454166666666671 0.01988980632491321 -165.35499999999996 0.3340833333333334 0.29481228894719597 6.9724412593888901e-08 0.026726124191250446 0.15975000000000003 -9.6044619364637835 25.38214285714286 -36.619906949277549 3.2500000000000004
decision_type=2 2 2 2 2 2 2 2 2 2 2 2 2 2 2 2 2 2 2 2 2 2 2 2 2 2 2 2 2 2
left_child=1 4 -3 14 5 10 9 8 -8 13 -1 19 -11 -6 15 -4 -16 -12 29 -7 -5 23 -23 28 -25 -26 -9 -22 -20 -2
right_child=18 2 3 20 6 11 7 26 -10 12 17 -13 -14 -15 16 -17 -18 -19 21 -21 27 22 -24 24 25 -27 -28 -29 -30 -31
leaf_value=-0.0011531231168328837 -0.00037715088327310698 0.0014544189046802264 -0.0015598985979566348 -0.00018782023374183939 -0.00010241659324347595 0.00025419588965412817 -0.0030281837488023134 0.00077603946666100201 -0.00027127463536130058 7.6156067313225029e-05 -0.00019283537507274289 0.00068972544112177775 0.0007747668531739245 3.6366403288272657e-07 -0.00070849487411544176 0.00047509472763964116 7.6579196712864422e-05 0.00057921419403929666 -0.00080702849239325854 -0.00055064075373835507 0.00041857457828018595 0.00024799639357407703 0.0013810157535089685 0.001475380375494503 0 0.00029247546352085613 -0.00070059908503158528 0.0014982192664034662 0.00034075960539747032 0.00056023083303669658
leaf_weight=33 186 41 39 28 5703 56 25 27 26 253 110 42 211 35065 73 20 5539 188 51 627 63 108 54 21 481 930 21 49 24 28
leaf_count=33 186 41 39 28 5703 56 25 27 26 253 110 42 211 35065 73 20 5539 188 51 627 63 108 54 21 481 930 21 49 24 28
internal_value=1.78578e-06 -4.86388e-06 8.19648e-05 7.15165e-05 -1.6924e-05 -0.000236324 -1.12402e-05 -0.000827413 -0.00171264 -9.18773e-06 0.000129098 -0.000407238 0.000401278 -1.39428e-05 5.5783e-05 -0.000823649 6.57082e-05 0.000284504 0.000173642 -0.00047999 0.000682645 0.000228397 0.00065023 0.00018066 0.000213456 0.000191518 6.76719e-05 0.000926546 -0.000400612 -0.000238514
internal_weight=50122 48239 5852 5811 42387 1056 41331 99 51 41232 331 725 464 40768 5671 59 5612 298 1883 683 140 1669 162 1507 1432 1411 48 112 75 214
internal_count=50122 48239 5852 5811 42387 1056 41331 99 51 41232 331 725 464 40768 5671 59 5612 298 1883 683 140 1669 162 1507 1432 1411 48 112 75 214
is_linear=0
shrinkage=0.03


Tree=161
num_leaves=31
num_cat=0
split_feature=65 8 35 2 7 6 34 69 7 64 52 73 38 0 52 64 69 9 47 10 0 37 22 14 38 21 30 23 29 20
split_gain=0.0605242 0.054578 0.0769317 0.0697341 0.0555239 0.0590646 0.0684459 0.0535223 0.096405 0.0725481 0.0722596 0.0554596 0.112356 0.0558769 0.0504241 0.096022 0.0573977 0.0497111 0.0431717 0.0477186 0.038705 0.0516825 0.0421837 0.0315776 0.0269675 0.0349984 0.0259255 0.0533788 0.0218088 0.0305774
threshold=0.044620833333333394 0.16388750000000002 18.142839837319773 8.3550000000000022 -23.983361525901802 -35.09322419871166 3.5250000000000012 -0.98211651112579568 -685.18107541467532 70.500000000000014 65.035714285714292 -0.31325034911103516 6.9407142857142867 57.500000000000007 85.035714285714292 32.500000000000007 -0.45206801762443477 0.15810416666666668 6.9724412593888901e-08 0.15975000000000003 57.500000000000007 0.028867513459481253 0.079369196428571404 -28.682263318096965 6.9407142857142867 0.0461005351141811 12.900000000000004 0.051889621045792936 0.49057885526222539 0.31696428571428575
decision_type=2 2 2 2 2 2 2 2 2 2 2 2 2 2 2 2 2 2 2 2 2 2 2 2 2 2 2 2 2 2
left_child=1 2 4 7 5 17 -7 8 9 -3 -10 12 -9 -13 16 -16 -6 -1 23 20 24 22 -22 -2 25 -20 28 -28 29 -21
right_child=18 3 -4 -5 14 6 -8 11 10 -11 -12 13 -14 -15 15 -17 -18 -19 19 26 21 -23 -24 -25 -26 -27 27 -29 -30 -31
leaf_value=-1.2265053905929156e-05 -0.00059164582401780149 0.00052917053596320332 -0.00099325278652249343 0.001364703756703862 -0.00034823480934113675 0.0005100169239575169 -3.9526033602729961e-05 -9.4799563902054525e-05 -0.0012569018396948065 0.0023834204956550489 0.00011491881343169299 5.97228093930685e-05 0.001916948199011385 -6.5227900959694495e-05 -2.3138316545633121e-05 0.0013296382000297308 -6.5078111530234026e-05 -0.00020399625219980408 1.1687688665347643e-05 0.00040498295407502983 0.00028138299505500231 0.00097306488744914525 -0.00066847935530727962 0.00057001574915193482 -0.00056435331636059437 0.00057497744215504354 0.00035382436929777376 0.0021205259409287701 0.00018810671892184841 0.0016147244279475315
leaf_weight=16818 104 263 75 34 1344 406 390 4556 34 21 1682 15059 24 4076 795 49 1297 1316 252 252 50 24 171 23 37 176 67 22 683 22
leaf_count=16818 104 263 75 34 1344 406 390 4556 34 21 1682 15059 24 4076 795 49 1297 1316 252 252 50 24 171 23 37 176 67 22 683 22
internal_value=1.7411e-06 -4.71323e-06 -3.89088e-05 2.50381e-05 -3.55376e-05 -1.50983e-05 0.000237293 2.30972e-05 0.00017219 0.000684689 8.52748e-05 1.03902e-05 -8.31866e-05 3.29479e-05 -0.000145664 5.333e-05 -0.000210389 -2.63551e-05 0.000168596 0.000208354 1.40384e-05 -0.000285778 -0.000439765 -0.000355019 0.000178718 0.000251114 0.000337246 0.000842579 0.000286288 0.000518543
internal_weight=50122 48239 22490 25749 22415 18930 796 25715 2000 284 1716 23715 4580 19135 3485 844 2641 18134 1883 1756 710 245 221 127 465 428 1046 89 957 274
internal_count=50122 48239 22490 25749 22415 18930 796 25715 2000 284 1716 23715 4580 19135 3485 844 2641 18134 1883 1756 710 245 221 127 465 428 1046 89 957 274
is_linear=0
shrinkage=0.03


Tree=162
num_leaves=31
num_cat=0
split_feature=65 10 22 4 2 48 6 22 65 12 66 12 12 8 47 12 0 44 10 53 12 41 72 21 20 66 68 1 38 12
split_gain=0.0571981 0.0518084 0.0674082 0.0616163 0.197502 0.121966 0.113415 0.0887034 0.0543327 0.0697178 0.0669317 0.0602381 0.0560436 0.0711808 0.0884431 0.0569401 0.0699742 0.0460426 0.045244 0.0450718 0.0426771 0.0381324 0.0312666 0.02609 0.0434348 0.0396606 0.0319728 0.0240616 0.0223561 0.0312754
threshold=0.044620833333333394 0.33322916666666674 0.25670431547619049 18.500000000000004 7.6950000000000012 40.166666666666679 -789.90820973885104 0.31456622023809527 -0.049916666666666644 0.15051250000000002 -0.097814393939393937 0.31840181159420294 0.39531250000000001 0.41402083333333334 0.049724515809885676 0.36347708333333334 15.000000000000002 16.692857142857147 0.13343333333333326 0.46880723093850646 0.077454166666666671 0.01988980632491321 -3.7490519021394344 0.031142483624942225 0.17893720238095237 -0.040999999999999932 -0.54854343463881061 3.2500000000000004 3.2478571428571437 0.25110416666666674
decision_type=2 2 2 2 2 2 2 2 2 2 2 2 2 2 2 2 2 2 2 2 2 2 2 2 2 2 2 2 2 2
left_child=1 8 19 4 -4 7 -7 -5 9 10 -1 21 15 14 -14 17 -17 -10 -12 -3 27 -11 -22 -24 25 -25 -26 -2 -21 -30
right_child=20 2 3 5 -6 6 -8 -9 12 11 18 -13 13 -15 -16 16 -18 -19 -20 28 22 -23 23 24 26 -27 -28 -29 29 -31
leaf_value=-0.0011197107454542726 -0.00036099572587798144 -0.00012034017985154474 -0.0024868956812318754 0.00027179640917050784 0.00083308735545724625 -0.00044002352269975598 8.4655309773976512e-05 0.0015050018769847651 -0.00015565014707834041 0.00024585723238506989 -0.00018597641917467871 0.0006687659081071615 0.00054600159402112835 0.00084899496157532148 -0.0013801932347627978 0.0006254273589627391 0 -5.841603292183999e-06 0.00056191197532369562 0.00015247871513877594 -0.00029053712755973849 -0.00053344772746877309 6.5887086096319108e-05 -0.0010484801805983096 0.00020273963965094442 0.00020657774724322915 0.00073813621671908519 0.00053835872470015856 0.0025336930017386163 0.000831728834903946
leaf_weight=33 186 27 32 151 29 398 5051 87 1942 56 110 42 25 22 89 281 360 38612 188 20 97 627 512 22 178 556 304 28 20 37
leaf_count=33 186 27 32 151 29 398 5051 87 1942 56 110 42 25 22 89 281 360 38612 188 20 97 627 512 22 178 556 304 28 20 37
internal_value=1.70226e-06 -4.57052e-06 7.90079e-05 6.46699e-05 -0.000872176 7.53978e-05 4.57081e-05 0.000739553 -1.61818e-05 -0.00022871 0.000124963 -0.000394262 -1.06738e-05 -0.000616748 -0.00093062 -8.58516e-06 0.00027152 -1.30931e-05 0.000276114 0.000834722 0.000163909 -0.0004649 0.000215987 0.000249314 0.000334939 0.000151898 0.000547457 -0.000227413 0.00120532 0.00151402
internal_weight=50122 48239 5852 5748 61 5687 5449 238 42387 1056 331 725 41331 136 114 41195 641 40554 298 104 1883 683 1669 1572 1060 578 482 214 77 57
internal_count=50122 48239 5852 5748 61 5687 5449 238 42387 1056 331 725 41331 136 114 41195 641 40554 298 104 1883 683 1669 1572 1060 578 482 214 77 57
is_linear=0
shrinkage=0.03


Tree=163
num_leaves=31
num_cat=0
split_feature=1 41 21 20 57 35 72 7 69 69 41 28 57 50 7 7 47 70 48 45 28 35 29 29 68 57 72 62 38 41
split_gain=0.0560249 0.084534 0.074944 0.042938 0.0490295 0.127438 0.127358 0.109993 0.0954359 0.0814394 0.0781361 0.0753314 0.0734625 0.072952 0.0698863 0.127402 0.0624348 0.0614055 0.0432947 0.0317606 0.0352537 0.0540041 0.0313235 0.030228 0.02932 0.0272686 0.0388932 0.0361734 0.0289388 0.0195925
threshold=12.850000000000003 0.7990316935560855 0.037351960291270934 0.40362408252774801 102.45000000000003 1.1900340903867199 -0.40745110534727752 -24.881070544551488 0.5772862706790628 0.93228057993045244 0.52506409865111481 -55.935361080516699 56.550000000000004 81.214285714285737 -1500.0000000000143 -1500.0000000000191 4.8392261512681356e-07 0.18399153619612912 76.166666666666671 1.0000000180025095e-35 -9.5625712575837376 2.237646182423378 0.23619099404401064 0.47519886194187289 3.9177897235878016 192.95000000000005 -0.010321589371459437 84.330000000000013 3.2621428571428579 0.21974073127057048
decision_type=2 2 2 2 2 2 2 2 2 2 2 2 2 2 2 2 2 2 2 2 2 2 2 2 2 2 2 2 2 2
left_child=3 2 19 4 5 14 9 12 -9 13 -11 18 -7 -6 15 -1 -16 -13 -8 20 21 -2 -22 -3 -25 28 27 -27 -4 -5
right_child=1 23 25 29 6 7 11 8 -10 10 -12 17 -14 -15 16 -17 -18 -19 -20 -21 22 -23 -24 24 -26 26 -28 -29 -30 -31
leaf_value=-0.00066146281050584682 -0.00019926815131130342 0.00051384761938970771 -0.00051366762940992239 -0.00049633750372699329 -0.00019867662181503518 5.6567195040833116e-05 -0.00022089314331766218 -0.00011118302451539921 0.00052761311671973925 -0.00034252849598637755 0.001015262977659909 2.5062009341575648e-05 0.00025809978554796768 -0.00061679392661091802 7.3761269972453898e-05 0.0018333739878144116 -5.3249973557716084e-05 -0.000133332898621322 -0.0014031215241621894 7.3044123780726568e-05 -7.0133304463759487e-06 0.00074374574116595519 0.00099090114640109392 -0.00030741225306033182 0.00064409828770520359 0.0021027351651854557 0.00029287361005644294 0.00080407368561360407 0.00046726667120431856 0.00039760805099817495
leaf_weight=27 145 47 34 20 1105 2960 74 2482 228 67 80 9209 3744 597 4257 47 18815 2889 53 1770 30 84 111 538 28 28 115 129 98 311
leaf_count=27 145 47 34 20 1105 2960 74 2482 228 67 80 9209 3744 597 4257 47 18815 2889 53 1770 30 84 111 538 28 28 115 129 98 311
internal_value=1.66093e-06 0.000124022 0.000200791 -6.5028e-06 -8.98555e-06 1.11618e-05 -5.58068e-05 0.000104284 -5.61579e-05 -0.000287911 0.000378002 -2.04357e-05 0.000169587 -0.000347375 -2.65864e-05 0.000886413 -2.9683e-05 -1.25226e-05 -0.000744809 0.000128094 0.000382449 0.000135327 0.000758898 -0.000189498 -0.000253997 0.000577193 0.000752682 0.00106651 0.000190083 0.000333225
internal_weight=50122 3157 2544 46965 46634 32560 14074 9414 2710 1849 147 12225 6704 1702 23146 74 23072 12098 127 2140 370 229 141 613 566 404 272 157 132 331
internal_count=50122 3157 2544 46965 46634 32560 14074 9414 2710 1849 147 12225 6704 1702 23146 74 23072 12098 127 2140 370 229 141 613 566 404 272 157 132 331
is_linear=0
shrinkage=0.03


Tree=164
num_leaves=31
num_cat=0
split_feature=6 57 70 44 6 35 46 39 7 49 7 12 64 26 7 73 46 47 34 7 7 47 21 41 38 35 54 73 41 46
split_gain=0.0542426 0.078738 0.132046 0.134839 0.165369 0.128584 0.123048 0.134433 0.119699 0.0938889 0.083042 0.0798479 0.0756459 0.075487 0.121763 0.0730958 0.0997367 0.0710913 0.0684832 0.0660035 0.120223 0.064443 0.111066 0.0603708 0.0597854 0.0568148 0.0599365 0.0545546 0.0537811 0.0537221
threshold=-11.0061506998306 102.45000000000003 0.16704543776228128 24.007142857142863 -763.93092410869838 1.1900340903867199 19.867857142857151 0.84757075834715712 -24.881070544551488 1.0000000180025095e-35 -1500.0000000000005 0.22439583333333332 76.500000000000014 -49.5415108961923 -1499.9999999999936 4.5009092758392706 19.053571428571434 0.20542103640523837 1.5357142857142876 -1500.0000000000143 -1500.0000000000191 4.8392261512681356e-07 0.0045204175090873691 0.41740465779184749 4.4950000000000019 18.142839837319773 75.450000000000003 0.095274915128565688 0.38885892522887561 25.196428571428577
decision_type=2 2 2 2 2 2 2 2 2 2 2 2 2 2 2 2 2 2 2 2 2 2 2 2 2 2 2 2 2 2
left_child=1 5 10 6 -5 19 7 -4 15 -6 29 17 -13 28 -15 23 -17 -10 -8 20 -1 22 -21 -7 25 26 -2 -27 -12 -3
right_child=24 2 3 4 9 8 18 -9 11 -11 13 12 -14 14 -16 16 -18 -19 -20 21 -22 -23 -24 -25 -26 27 -28 -29 -30 -31
leaf_value=-0.00064232764102052891 5.8066660378506947e-05 -0.00058744800480886432 -0.00013908926933761499 0.0010050869130676515 -0.00020350286898114769 3.9267530424226597e-05 0.0017630330957472324 -0.0012014334811488302 0.00032373487766599283 -0.00085377185895786547 -0.0009377843698690412 8.0159921339295766e-05 0.0016721823431684502 0.00036115466503688454 -1.2260256977471081e-05 0.00040092902646717064 -0.00026736157141219602 -0.0003084207098014405 0.00022618588785667211 -0.00011723453008814818 0.0017795186296134487 -5.4950973550422727e-05 0.0001990396858247291 0.00026187250177680849 0.00063334915462655772 -0.00012632911630716001 0.00050148442846052396 -0.0011763765326240128 -4.4331471957422314e-05 -0.00012718615302974716
leaf_weight=27 7667 303 932 56 313 1498 28 122 179 632 119 919 27 950 4452 280 693 1218 390 1629 47 18719 2552 4465 167 220 286 58 138 1036
leaf_count=27 7667 303 932 56 313 1498 28 122 179 632 119 919 27 950 4452 280 693 1218 390 1629 47 18719 2552 4465 167 220 286 58 138 1036
internal_value=1.61802e-06 -1.23226e-05 -8.84013e-05 -0.000276891 -0.000545956 9.92677e-06 -9.16361e-05 -0.000265921 0.000104243 -0.000642006 -2.13329e-05 -8.02578e-05 0.000130484 2.84747e-05 5.29082e-05 0.000167003 -7.17535e-05 -0.000225102 0.000340255 -2.80389e-05 0.00085909 -3.1074e-05 7.50971e-05 0.00020647 7.12298e-05 5.93849e-05 7.44507e-05 -0.000359588 -0.000471691 -0.000233937
internal_weight=50122 41724 9471 2473 1001 32253 1472 1054 9279 945 6998 2343 946 5659 5402 6936 973 1397 418 22974 74 22900 4181 5963 8398 8231 7953 278 257 1339
internal_count=50122 41724 9471 2473 1001 32253 1472 1054 9279 945 6998 2343 946 5659 5402 6936 973 1397 418 22974 74 22900 4181 5963 8398 8231 7953 278 257 1339
is_linear=0
shrinkage=0.03


Tree=165
num_leaves=31
num_cat=0
split_feature=65 70 67 63 46 53 69 23 65 73 0 23 21 18 25 41 66 18 64 40 46 49 0 0 67 8 8 45 8 73
split_gain=0.0582071 0.107598 0.095244 0.076145 0.0893307 0.0696583 0.0795939 0.0727048 0.0967888 0.0721503 0.0681077 0.0871972 0.109419 0.0937624 0.161359 0.110995 0.0765392 0.0693569 0.081709 0.0687158 0.13354 0.0746029 0.062137 0.0617778 0.0570613 0.0568574 0.0532624 0.076043 0.0529704 0.0515081
threshold=-0.0051583333333333472 0.081673369964559248 -0.56901912047010572 -58.129999999999988 24.596428571428579 8.6920766895976467 -0.413274780713969 0.039854514080687055 -0.0547083333333334 5.453350968133635 47.500000000000007 0.041896041601306562 0.009387115187723909 0.14343888888888898 122.25691573535906 0.17345867544724294 -0.053579166666666636 0.1219480676328502 605.50000000000011 3.3567857142857149 19.167857142857148 0.99999999999998279 35.000000000000007 15.000000000000002 -1.3980149449990742 0.33293750000000005 0.29597916666666674 0.037796447300923318 0.19560416666666666 8.7327444275782273
decision_type=2 2 2 2 2 2 2 2 2 2 2 2 2 2 2 2 2 2 2 2 2 2 2 2 2 2 2 2 2 2
left_child=1 5 3 29 -5 7 9 -1 -9 -7 11 16 17 15 -15 -14 22 18 -13 21 -21 -18 -2 -19 -10 26 -4 -28 -24 -3
right_child=10 2 25 4 -6 6 -8 8 24 -11 -12 12 13 14 -16 -17 19 23 -20 20 -22 -23 28 -25 -26 -27 27 -29 -30 -31
leaf_value=-1.3344957884338342e-05 -0.00017014488258645645 2.3076946523421453e-05 -8.1206605756527385e-05 -0.00032155382226355648 -0.00098256016841778162 0.0005191450570496179 -0.00090185819478595956 -0.000120970262655638 4.6338109389468088e-05 -0.001095200775789139 -4.184154848797768e-05 0.0011058467647688511 0.00014644407184735684 0.00022456116606584225 -0.0018459771249771993 -0.0003163395467252785 0.00010079245716923639 0.00073644142238571137 0 0.00021099699229116015 9.1715682291907893e-06 -0.00015098400011549917 -0.00019974678456406659 -5.2676682586790869e-06 0.00070897162806548479 0.00030338467641828799 -0.0022686631640662317 -0.00037031925982876639 -0.0016331787151369179 -0.00078929247729289513
leaf_weight=3448 541 418 1543 491 316 97 152 326 177 32 13223 236 975 2882 33 885 1508 145 84 3742 14108 3475 50 303 414 301 22 160 54 82
leaf_count=3448 541 418 1543 491 316 97 152 326 177 32 13223 236 975 2882 33 885 1508 145 84 3742 14108 3475 50 303 414 301 22 160 54 82
internal_value=3.81594e-07 -7.38649e-05 -0.000203983 -0.000404066 -0.000584995 1.8859e-05 -0.000437056 4.89893e-05 0.000286399 9.02661e-05 1.44776e-05 4.02426e-05 0.000147314 9.30275e-05 0.000199467 -7.2191e-05 1.48306e-05 0.00048038 0.000820851 2.40623e-05 5.16589e-05 -7.41823e-05 -0.000306858 0.000229218 0.000515999 -7.32913e-05 -0.000140894 -0.000627326 -0.000981066 -0.000105473
internal_weight=50223 7979 3333 1307 807 4646 281 4365 917 129 42244 29021 5543 4775 2915 1860 23478 768 320 22833 17850 4983 645 448 591 2026 1725 182 104 500
internal_count=50223 7979 3333 1307 807 4646 281 4365 917 129 42244 29021 5543 4775 2915 1860 23478 768 320 22833 17850 4983 645 448 591 2026 1725 182 104 500
is_linear=0
shrinkage=0.03


Tree=166
num_leaves=31
num_cat=0
split_feature=1 41 21 21 67 54 0 19 21 29 70 61 34 58 46 70 57 28 8 39 57 9 44 68 41 12 67 19 70 19
split_gain=0.0500687 0.0627359 0.0662813 0.0805473 0.0632872 0.0584976 0.0574127 0.0844892 0.0800687 0.0453805 0.0677296 0.0558061 0.0422396 0.0413638 0.0630197 0.0996929 0.101271 0.0629128 0.080041 0.058807 0.0840303 0.0545801 0.0507028 0.0449999 0.0444605 0.055544 0.0518835 0.0444595 0.0390588 0.0384083
threshold=3.9500000000000006 0.59585127025323914 0.091608245019516019 0.087672614082607694 -0.39979686584960467 81.050000000000026 57.500000000000007 1.6737707832675011e-08 0.073964548699263846 0.27649144505239043 -0.74979862697202038 27.585000000000008 3.7857142857142869 10.305000000000007 19.053571428571434 -0.96227343267549392 101.25000000000001 -9.7643344874351019 0.15969375000000005 0.79182128116444994 102.45000000000003 0.13863276515151515 19.678571428571434 -27.039273377866529 0.24754674876778623 0.24593958333333335 0.47954542893307611 0.004065508145543636 0.13300977955191609 1.6967817986466882e-10
decision_type=2 2 2 2 2 2 2 2 2 2 2 2 2 2 2 2 2 2 2 2 2 2 2 2 2 2 2 2 2 2
left_child=13 5 3 4 12 6 7 8 -2 11 -11 -8 -3 24 15 27 21 19 -19 20 -16 -17 -21 -18 25 -1 29 -15 -9 -26
right_child=1 2 -4 -5 -6 -7 9 28 -10 10 -12 -13 -14 14 17 16 23 18 -20 22 -22 -23 -24 -25 26 -27 -28 -29 -30 -31
leaf_value=-0.00011231914594783709 0.00050681200525691463 4.3700591725073845e-05 0.0010281749715213664 -0.0019037937660302433 6.7905578142539899e-05 0.00059787860735458984 0.00019099024171328606 0.00014063456424037241 -0.0003638870164890809 0.00021375546719337669 -0.00021046851326148096 -0.00079187277100496245 -0.00024896321772788872 -6.8291658987023154e-05 -1.8841713938834136e-05 -0.0001309213544758249 -0.00089230038410124284 -0.00039504310550045465 0.00031147618409653829 -0.00053581606607573716 -0.00018798640230572173 0.00038192756406566517 0.00018970545936776006 6.0806517347320843e-06 -0.00077006158590666016 0.00044100449128321397 6.5165405007301219e-05 -0.0008998605397147392 -4.8453139793347869e-05 -0.00017369217907299003
leaf_weight=363 801 618 51 20 2344 214 72 3387 103 669 684 151 1439 138 24631 203 51 166 945 89 2970 1518 1541 1282 103 287 868 111 1356 3048
leaf_count=363 801 618 51 20 2344 214 72 3387 103 669 684 151 1439 138 24631 203 51 166 945 89 2970 1518 1541 1282 103 287 868 111 1356 3048
internal_value=3.54159e-07 5.41371e-05 -3.41454e-05 -4.73083e-05 -3.77596e-05 0.000107624 9.26026e-05 0.000137454 0.000403999 -6.61872e-05 0 -0.000461707 -0.0001596 -1.62857e-05 -4.579e-06 0.000119723 0.000167542 -1.82128e-05 0.000202953 -2.6728e-05 -3.71573e-05 0.000319652 0.000147947 -2.66853e-05 -9.99829e-05 0.000127688 -0.000137573 -0.000453108 8.59441e-05 -0.000194376
internal_weight=50223 11909 4472 4421 4401 7437 7223 5647 904 1576 1353 223 2057 38314 33645 3303 3054 30342 1111 29231 27601 1721 1630 1333 4669 650 4019 249 4743 3151
internal_count=50223 11909 4472 4421 4401 7437 7223 5647 904 1576 1353 223 2057 38314 33645 3303 3054 30342 1111 29231 27601 1721 1630 1333 4669 650 4019 249 4743 3151
is_linear=0
shrinkage=0.03


Tree=167
num_leaves=31
num_cat=0
split_feature=65 68 23 65 0 53 21 23 10 64 58 59 18 64 22 69 21 58 64 0 62 20 23 25 51 45 69 23 73 6
split_gain=0.0542892 0.0910851 0.114248 0.132429 0.0636624 0.113627 0.105918 0.130994 0.113315 0.105999 0.107895 0.103267 0.150106 0.191201 0.101769 0.104674 0.10176 0.103035 0.156156 0.0986507 0.0963621 0.0870161 0.0751845 0.0733202 0.070652 0.0654034 0.0639671 0.0605457 0.0604675 0.0799685
threshold=-0.0051583333333333472 -4.1892881758991205 0.044561479065545549 -0.049916666666666644 22.500000000000004 1.0271051820262118 0.023784055571877752 0.028547442157069797 0.26337797619047626 291.50000000000006 17.675000000000004 24.255000000000006 0.18064384920634916 92.500000000000014 0.21259077380952382 -0.70252096857941215 0.015622290764089285 21.755000000000003 76.500000000000014 47.500000000000007 -101.72499999999998 0.31319851190476194 0.082055656401641711 40.741907966288046 1.5118578920369068 0.048795003647424798 0.61866567420209762 0.066237767824749869 8.7327444275782273 -246.7671952611297
decision_type=2 2 2 2 2 2 2 2 2 2 2 2 2 2 2 2 2 2 2 2 2 2 2 2 2 2 2 2 2 2
left_child=1 28 -3 -4 5 16 7 -6 19 26 -11 -7 24 -14 22 -16 17 18 -2 21 -19 -8 -10 27 -13 -21 -9 -18 29 -1
right_child=4 2 3 -5 6 11 8 9 14 10 -12 12 13 -15 15 -17 23 20 -20 25 -22 -23 -24 -25 -26 -27 -28 -29 -30 -31
leaf_value=-5.0262372871047726e-05 0.00028377059265230741 -7.3593584605628553e-05 -9.0392203776412138e-05 0.0005791843425883565 -3.4582051766786213e-05 -8.257995016722788e-05 0.00021311580308158932 -1.6359388282736272e-05 0 -0.0011729221255540256 -0.00033785425909484427 -0.00019729076399802153 0.00015785413035537777 0.0013970088590300926 -0.00018097708767891163 0.0004074080929056761 0.0002167323686616013 0 0.0010757617371305759 -0.00025386909759029359 -0.0022719947030501704 -0.00066448462264225732 0.0021084125247434714 0.0012171280171890603 2.8012196738001357e-05 4.6789035591632433e-05 -0.00063912889834568005 -0.00020390880194903147 -0.00087291995837542231 -0.00046523610480693034
leaf_weight=1181 748 4948 483 572 12695 5644 1908 888 25 213 449 1573 5895 114 362 1022 623 78 330 1397 20 105 47 46 6084 1192 180 606 132 663
leaf_count=1181 748 4948 483 572 12695 5644 1908 888 25 213 449 1573 5895 114 362 1022 623 78 330 1397 20 105 47 46 6084 1192 180 606 132 663
internal_value=3.34235e-07 -7.13681e-05 -1.26735e-05 0.000270003 1.39497e-05 4.97238e-05 -2.39107e-05 -6.82323e-05 8.11244e-05 -0.000313267 -0.000612428 2.51214e-05 6.98238e-05 0.000182091 0.00031175 0.000251324 0.00024224 0.000443754 0.00052977 7.45449e-06 -0.000467912 0.000165543 0.00141282 5.38193e-05 -1.79004e-05 -0.00011432 -0.000124627 6.88484e-06 -0.000248065 -0.000201261
internal_weight=50223 7979 6003 1055 42244 21761 20483 14425 6058 1730 662 19310 13666 6009 1456 1384 2451 1176 1078 4602 98 2013 72 1275 7657 2589 1068 1229 1976 1844
internal_count=50223 7979 6003 1055 42244 21761 20483 14425 6058 1730 662 19310 13666 6009 1456 1384 2451 1176 1078 4602 98 2013 72 1275 7657 2589 1068 1229 1976 1844
is_linear=0
shrinkage=0.03


Tree=168
num_leaves=31
num_cat=0
split_feature=65 68 23 65 6 69 73 29 0 8 12 7 63 26 43 15 28 12 38 19 34 23 28 73 51 46 46 47 0 53
split_gain=0.0511399 0.0811783 0.112815 0.124449 0.0752953 0.105942 0.0780458 0.070761 0.0678904 0.0783307 0.125546 0.0908237 0.0735934 0.0670635 0.0662236 0.0648392 0.112261 0.0631129 0.0618468 0.0626481 0.060459 0.0601174 0.0597681 0.0564824 0.0547857 0.0545703 0.0533602 0.0531048 0.0522626 0.0507384
threshold=-0.0024166666666666082 -8.5146410076302566 0.044561479065545549 -0.0547083333333334 -249.42499056596446 0.42888796625999276 8.7327444275782273 3.4207300500375797 47.500000000000007 0.17802083333333332 0.10734374999999996 -19.376677537754741 -226.72499999999997 -5.3297663897079142 0.057735026918961117 -1499.999999999997 -1499.9999999999936 0.3336041666666667 3.301428571428572 0.0088071874384614817 4.7214285714285724 0.073855010678231706 -218.3537046110022 25.493882828435009 0.37796447300922781 16.317857142857147 29.56071428571429 0.49561261204550516 15.000000000000002 2.8718030481306291
decision_type=2 2 2 2 2 2 2 2 2 2 2 2 2 2 2 2 2 2 2 2 2 2 2 2 2 2 2 2 2 2
left_child=1 4 7 14 6 -6 17 13 9 11 26 15 -12 25 21 -2 -17 20 29 -20 -1 -4 28 -14 -13 -3 -11 -16 -9 -5
right_child=8 2 3 18 5 -7 -8 22 -10 10 12 24 23 -15 27 16 -18 -19 19 -21 -22 -23 -24 -25 -26 -27 -28 -29 -30 -31
leaf_value=4.5263893533183896e-05 -0.00012026230899535041 -0.00057699199655524512 -5.7127984671457534e-05 0.00068789498115168701 -0.00082481994360694743 0.0002448706384203563 -0.00078070061750593587 -0.00077780011263065278 -3.9036920063691057e-05 0.00086274455356178813 -0.0013047282391036039 -0.00069160997218329127 7.985029532813829e-05 0.00015054939939869796 0.00051864074816388133 0.0003691787322436539 2.9625817886416798e-05 -0.00087743694789824069 0.00028715656576832769 0.00094804952779630088 -0.0007239644033375732 -0.00099613377095333173 0.00014753531331717666 0.0006556965727451743 -0.00012802809794436237 -0.00012972563273604717 0 -0.00062039324616392454 0 -0.0003835138742147506
leaf_weight=1274 2037 263 166 61 346 104 149 121 13010 269 33 169 11631 738 170 985 8167 79 255 303 98 104 1947 156 2337 4795 76 44 226 110
leaf_count=1274 2037 263 166 61 346 104 149 121 13010 269 33 169 11631 738 170 985 8167 79 255 303 98 104 1947 156 2337 4795 76 44 226 110
internal_value=3.15513e-07 -5.56353e-05 -1.76183e-05 0.000251593 -0.000226603 -0.000570956 -0.000127583 -5.83803e-05 1.67356e-05 4.49108e-05 0.000100316 -4.08908e-06 8.35295e-05 -0.00011441 -0.000116216 3.2252e-05 6.65349e-05 -5.79587e-05 0.000499724 0.000652449 -7.98326e-06 -0.00043223 8.18644e-05 8.7781e-05 -0.000167492 -0.000153685 0.000664858 0.000268697 -0.000277356 0
internal_weight=50223 11353 9303 1213 2050 450 1600 8090 38870 25860 12165 13695 11820 5796 484 11189 9152 1451 729 558 1372 270 2294 11787 2506 5058 345 214 347 171
internal_count=50223 11353 9303 1213 2050 450 1600 8090 38870 25860 12165 13695 11820 5796 484 11189 9152 1451 729 558 1372 270 2294 11787 2506 5058 345 214 347 171
is_linear=0
shrinkage=0.03


Tree=169
num_leaves=31
num_cat=0
split_feature=28 53 30 73 57 35 67 71 69 50 9 15 22 21 52 43 69 35 73 62 23 29 23 20 49 66 19 5 8 42
split_gain=0.0462655 0.0834133 0.090389 0.0660731 0.0638853 0.105648 0.0953177 0.0792657 0.104288 0.0984951 0.0671521 0.0642196 0.0611669 0.065761 0.0585655 0.084782 0.074254 0.0563637 0.0553568 0.050617 0.0663709 0.0673504 0.0503661 0.135094 0.109401 0.0898831 0.0581483 0.05761 0.0498916 0.0453038
threshold=-9.6964025175245272 1.8708286933869713 15.900000000000004 1.1195495942336289 102.45000000000003 1.3033873800785722 1.2924083222812819 -0.57749256393351611 0.87795195455888941 66.928571428571445 0.42170625000000006 -48.000654221838253 0.21645627352719743 0.053270363791790162 82.750000000000014 0.057735026918962123 0.68391308835034159 21.522784318061451 4.5009092758392706 61.590000000000011 0.082055656401641711 0.27649144505239043 0.05399966404244691 0.043424107142857146 0.57735026918961918 -0.013749999999999934 0.0024285507597557694 -30.487472408607534 0.16872916666666662 20.116666666666674
decision_type=2 2 2 2 2 2 2 2 2 2 2 2 2 2 2 2 2 2 2 2 2 2 2 2 2 2 2 2 2 2
left_child=4 2 19 17 5 22 12 8 14 -9 11 -11 18 -14 16 -16 -6 28 -7 -2 21 -21 25 26 -25 27 -24 -1 -3 -19
right_child=1 3 -4 -5 7 6 -8 9 -10 10 -12 -13 13 -15 15 -17 -18 29 -20 20 -22 -23 23 24 -26 -27 -28 -29 -30 -31
leaf_value=-0.00026619919577207862 0.00031685099559425778 -0.00014646210155654725 0.00095680532535039379 -0.00082145752940258323 -0.00010172045609118322 9.4160263743985717e-06 0.00027577177593632421 0.0010048517869530769 0.00030719933738606713 -0.00050848811684346988 0.0014376453637248939 -4.0352380913989772e-05 0.00013012607311724245 0.0010225403568922325 0.00012301553392698506 -0.00091019430407880849 -0.00072097959822678219 -0.0013083925261744298 -0.00033849411323120512 -0.00039660478174359146 -0.001417071159929037 0.00023977016118263776 0.0017104137075089271 -1.5881159301133488e-05 0.00041000654534832653 -1.9670749770306089e-05 0 7.1061224093876352e-05 7.7295805980550581e-05 -0.00017152683998722487
leaf_weight=2363 997 1071 147 83 802 3721 2052 79 236 274 26 7529 2398 77 86 312 228 47 460 211 28 500 62 4332 618 15477 26 548 5316 117
leaf_count=2363 997 1071 147 83 802 3721 2052 79 236 274 26 7529 2398 77 86 312 228 47 460 211 28 500 62 4332 618 15477 26 548 5316 117
internal_value=2.93782e-07 6.40647e-05 0.000240326 1.35537e-05 -1.26585e-05 7.52149e-06 9.68068e-05 -8.07115e-05 -0.00026917 -4.06478e-05 -5.17077e-05 -5.72383e-05 4.11494e-05 0.000159503 -0.000366672 -0.00067967 -0.000242275 2.47148e-05 -2.8216e-05 0.000177413 -6.8249e-06 4.6411e-05 -2.55426e-05 5.82176e-05 3.67564e-05 -4.86566e-05 0.00121772 -0.000201677 3.92884e-05 -0.000521473
internal_weight=50223 8517 1883 6634 41706 32134 8708 9572 1664 7908 7829 7803 6656 2475 1428 398 1030 6551 4181 1736 739 711 23426 5038 4950 18388 88 2911 6387 164
internal_count=50223 8517 1883 6634 41706 32134 8708 9572 1664 7908 7829 7803 6656 2475 1428 398 1030 6551 4181 1736 739 711 23426 5038 4950 18388 88 2911 6387 164
is_linear=0
shrinkage=0.03


Tree=170
num_leaves=31
num_cat=0
split_feature=27 23 47 43 71 40 23 41 39 41 63 53 27 37 0 7 73 70 23 73 0 52 38 57 21 9 4 50 47 4
split_gain=0.0499923 0.0545823 0.0967724 0.0922871 0.0826998 0.0752056 0.0695065 0.0668172 0.091658 0.0869167 0.0575486 0.0543237 0.0820802 0.0808785 0.127905 0.119023 0.0623993 0.0613405 0.0606525 0.0939376 0.0570696 0.083547 0.0533431 0.0495184 0.0492227 0.0822277 0.0757248 0.111887 0.0796823 0.114368
threshold=45.618691138900182 0.035392939981101344 1.162568677788925 0.32145502536643372 -3.1489699612156623 4.3103571428571437 0.07584776394466157 0.20158710930355303 0.0053452248386557473 0.13072914705646185 51.465000000000011 3.9779612647910709 3.8102872183033303 0.0057735026918961357 22.500000000000004 -1500.0000000000005 -0.53193762509622011 -0.98798606843101155 0.0085285602378744624 -0.063970589692106991 22.500000000000004 76.321428571428598 3.5007142857142868 54.650000000000013 0.041204474186519575 0.35623125 47.500000000000007 56.785714285714292 0.14525460784051222 41.500000000000007
decision_type=2 2 2 2 2 2 2 2 2 2 2 2 2 2 2 2 2 2 2 2 2 2 2 2 2 2 2 2 2 2
left_child=1 11 3 7 5 -5 10 9 -9 -3 -4 13 16 14 15 -1 -13 -18 -15 -20 21 -14 -6 -22 25 -2 28 -28 29 -26
right_child=24 2 6 4 22 -7 -8 8 -10 -11 -12 12 20 18 -16 -17 17 -19 19 -21 23 -23 -24 -25 26 -27 27 -29 -30 -31
leaf_value=-0.00028709819384219409 -8.4160746109594714e-05 5.7256354651175759e-05 -0.00011473708162627858 -0.00095642530518748304 8.0106885069287752e-05 0.00012573263935525627 -0.0017198150722842131 -0.00026244043612875232 4.5138429500567091e-05 0.0003805937046707402 -0.0014647678908976639 -0.00035228605473147011 0.00027917460237861339 -1.640332043593643e-05 -2.5668458250752864e-05 0.00035808147900023054 -0.00041366360656183894 2.3426021706756583e-05 -0.00033065242302370094 -6.8662831959055251e-05 -0.00019098281035788252 -0.00014144855511747829 0.00046309664244824329 0.00019756894220457615 -0.002422407028377056 0.0013945008904180105 -0.0017053982405405906 -0.00013927059535908095 0.00049619347081632811 0.00022358482388517585
leaf_weight=305 3367 4472 264 84 486 169 34 1250 2844 907 32 465 2687 4079 11289 1491 300 7121 2045 3193 707 494 1153 502 24 33 80 93 106 31
leaf_count=305 3367 4472 264 84 486 169 34 1250 2844 907 32 465 2687 4079 11289 1491 300 7121 2045 3193 707 494 1153 502 24 33 80 93 106 31
internal_value=1.74354e-06 1.03064e-05 6.63783e-05 8.13212e-05 0.000272849 -0.000224101 -0.000437874 4.27267e-05 -4.80816e-05 0.000112395 -0.000275228 -8.5185e-06 4.20891e-05 -3.63853e-05 1.15091e-05 0.000246748 -1.54479e-05 5.29876e-06 -0.000103965 -0.000171564 0.000146109 0.000212886 0.000351479 -2.71394e-05 -0.00010377 -6.85211e-05 -0.000452363 -0.000886372 0 -0.000900098
internal_weight=50107 46373 11695 11365 1892 253 330 9473 4094 5379 296 34678 12276 22402 13085 1796 7886 7421 9317 5238 4390 3181 1639 1209 3734 3400 334 173 161 55
internal_count=50107 46373 11695 11365 1892 253 330 9473 4094 5379 296 34678 12276 22402 13085 1796 7886 7421 9317 5238 4390 3181 1639 1209 3734 3400 334 173 161 55
is_linear=0
shrinkage=0.03


Tree=171
num_leaves=31
num_cat=0
split_feature=17 9 51 5 65 0 38 19 8 21 63 25 46 67 70 73 69 46 51 72 40 6 32 11 51 37 21 21 40 47
split_gain=0.0462691 0.0566006 0.0486193 0.0459714 0.0456825 0.0732153 0.110299 0.112338 0.146265 0.10374 0.102475 0.0886181 0.0640464 0.063901 0.0635896 0.0769679 0.0674598 0.0644239 0.0629616 0.0629502 0.0542616 0.0631783 0.0535083 0.0443136 0.0434971 0.0385019 0.0489805 0.0390491 0.0369355 0.0338993
threshold=-1499.999999999997 0.12818749999999998 8.0280299811943645e-07 -1500.000000000008 -0.0051583333333333472 22.500000000000004 3.382142857142858 0.0023791642342855437 0.17006249999999998 0.034846411591348291 -237.86999999999998 122.25691573535906 27.696428571428577 -0.49575156418589067 0.081673369964559248 4.934491270529862 -0.85206963063867713 19.582142857142859 1.1338934190322891 -0.31544587333821544 3.4989285714285718 -23.825193519590385 2.542857142857144 0.3990625000000001 7.6313888145007818 0.0057735026918961357 0.043475944873451182 0.051421712694405451 2.7082142857142864 0.026726124191250446
decision_type=2 2 2 2 2 2 2 2 2 2 2 2 2 2 2 2 2 2 2 2 2 2 2 2 2 2 2 2 2 2
left_child=1 3 -3 -1 13 6 18 8 -8 20 12 -12 -11 14 15 17 24 -2 -6 -9 23 -22 -18 -7 -16 27 -27 -4 -20 -15
right_child=4 2 25 -5 5 9 7 19 -10 10 11 -13 -14 29 16 -17 22 -19 28 -21 21 -23 -24 -25 -26 26 -28 -29 -30 -31
leaf_value=0.00017125175526336883 -0.00032678044881175191 -0.0011801360191608017 0.00036302783673361651 -9.459890731606831e-05 0.00018402208205154597 7.1178434241974127e-05 8.8522302568994304e-05 -0.00011017217383050593 0.00037189896727856205 -0.0020803513914346692 0.00017254537920545498 -0.0010348101281433958 0 0.0004186751334475601 -0.0009039079833178498 -0.00079691423276230565 -1.8108851612193958e-05 9.2011828341063666e-05 -0.00032505362634377449 8.1348608250942948e-05 -5.4701361128392215e-05 -0.00028537858371379261 -0.00045399407020753254 0.0013762205718085168 0.00010216555065225537 -0.0004119937670211091 0.00048450678861454915 -0.00097621346011080522 -6.4667061478829835e-05 1.5188917230436668e-06
leaf_weight=750 424 54 140 2595 834 2085 4579 2192 2588 29 3313 54 27 183 229 115 619 1487 573 5178 11746 1185 447 23 40 658 56 21 3829 4054
leaf_count=750 424 54 140 2595 834 2085 4579 2192 2588 29 3313 54 27 183 229 115 619 1487 573 5178 11746 1185 447 23 40 658 56 21 3829 4054
internal_value=1.67652e-06 -9.2644e-05 -0.000300091 -3.40612e-05 1.05393e-05 2.39461e-05 6.40932e-05 0.000106684 0.000191306 -1.88906e-05 0.000129893 0.00015199 -0.00112542 -5.65261e-05 -0.000154294 -4.65763e-05 -0.000315364 0 -5.35798e-05 2.39719e-05 -5.29607e-05 -7.60931e-05 -0.000203952 8.74858e-05 -0.000743371 -0.000241069 -0.000336905 0.000164878 -9.93086e-05 2.03387e-05
internal_weight=50107 4274 929 3345 45833 38235 19773 14537 7167 18462 3423 3367 56 7598 3361 2026 1335 1911 5236 7370 15039 12931 1066 2108 269 875 714 161 4402 4237
internal_count=50107 4274 929 3345 45833 38235 19773 14537 7167 18462 3423 3367 56 7598 3361 2026 1335 1911 5236 7370 15039 12931 1066 2108 269 875 714 161 4402 4237
is_linear=0
shrinkage=0.03


Tree=172
num_leaves=31
num_cat=0
split_feature=27 22 47 53 69 47 57 3 9 29 45 66 0 38 70 44 66 39 0 36 64 38 12 21 0 45 70 22 11 17
split_gain=0.0464564 0.0589074 0.049043 0.0748956 0.108651 0.164406 0.101096 0.0890591 0.11517 0.0842392 0.0570992 0.084816 0.0970588 0.0728036 0.0829271 0.132272 0.111585 0.0621461 0.0549274 0.0529649 0.0734774 0.0546453 0.061328 0.0543617 0.0479601 0.0727769 0.0476309 0.0459393 0.109519 0.081585
threshold=45.618691138900182 0.32973541666666673 4.8392261512681356e-07 0.26726124191244749 -0.69016699705532225 6.9724412593888901e-08 4.2000000000000011 28.050000000000004 0.25490833333333335 21.811610976811696 0.37416573867764941 -0.0093770833333333952 15.000000000000002 3.1864285714285723 0.1159303052754759 23.964285714285719 -0.08491666666666664 5.4177531919797329e-09 27.500000000000004 3.5200000000000014 41.500000000000007 4.5292857142857157 0.17789583333333334 0.013158385334772444 47.500000000000007 0.19518001458908227 0.92589048012183106 0.22955833333333334 0.21825543478260867 -1500.0000000000025
decision_type=2 2 2 2 2 2 2 2 2 2 2 2 2 2 2 2 2 2 2 2 2 2 2 2 2 2 2 2 2 2
left_child=2 27 3 19 5 -5 -7 9 -9 -6 11 12 17 18 16 -16 -15 -4 -12 20 -1 23 -23 -21 25 -13 -14 28 -2 -30
right_child=1 -3 10 4 7 6 -8 8 -10 -11 13 24 26 14 15 -17 -18 -19 -20 21 -22 22 -24 -25 -26 -27 -28 -29 29 -31
leaf_value=0.00039651339529788983 -0.0001306169774561246 0.00055220210468279152 -0.00033836913904093267 2.9312922547138488e-05 0 0.0028246131013586837 0.00030903481330722573 0.00024707200461968922 0.0020514406234558137 -0.0017536730089949351 -0.00014465835359127506 0.00012692192728676151 -0.0001897388909082583 0.0008224736252621089 0.00010512146542123253 -0.00015789705600335982 0.00011523959685165631 6.3048492731968518e-05 0.00018846977139657035 -0.00040780450313609485 -0.00069619550512535337 -2.2328927450697598e-05 0.00025295672029475178 4.1110110721614722e-05 -5.4783753694349594e-05 -4.1183788903526681e-05 -0.00057336364871351348 -0.0003272365963149171 -0.00059871493844205841 0.00069165882539334693
leaf_weight=629 2532 118 402 70 214 52 24 156 41 27 2715 4988 3394 207 4008 3012 7557 2489 525 484 58 2038 1118 464 7080 4292 329 779 50 255
leaf_count=629 2532 118 402 70 214 52 24 156 41 27 2715 4988 3394 207 4008 3012 7557 2489 525 484 58 2038 1118 464 7080 4292 329 779 50 255
internal_value=1.61672e-06 -0.000100095 9.87333e-06 9.50776e-05 0.000416322 0.00112593 0.00208351 0.000170927 0.000646216 -0.000206256 -1.22616e-06 -3.26554e-05 -0.000123318 3.86678e-05 6.701e-05 -7.30834e-06 0.000134585 6.09543e-06 -8.97121e-05 5.52147e-05 0.000299023 1.3608e-05 7.42888e-05 -0.00018511 3.81931e-06 4.88537e-05 -0.00022459 -0.000122358 -6.49481e-05 0.000469053
internal_weight=50107 3734 46373 5375 584 146 76 438 197 241 40998 22974 6614 18024 14784 7020 7764 2891 3240 4791 687 4104 3156 948 16360 9280 3723 3616 2837 305
internal_count=50107 3734 46373 5375 584 146 76 438 197 241 40998 22974 6614 18024 14784 7020 7764 2891 3240 4791 687 4104 3156 948 16360 9280 3723 3616 2837 305
is_linear=0
shrinkage=0.03


Tree=173
num_leaves=31
num_cat=0
split_feature=5 47 29 70 0 69 57 38 65 66 4 35 22 64 23 6 6 47 33 40 10 24 9 65 23 20 22 27 25 43
split_gain=0.0444185 0.0452575 0.0582933 0.101075 0.0659513 0.0736393 0.0905076 0.0651398 0.0533161 0.0516856 0.0521538 0.0495489 0.0875128 0.135025 0.115204 0.0799382 0.0823275 0.0770724 0.0483809 0.0482279 0.041512 0.0425013 0.0370002 0.0328021 0.0321822 0.0257555 0.0227091 0.022285 0.0253049 0.017027
threshold=-3.1331713933842975 4.8392261512681356e-07 67.256105664570086 0.57727023316007786 47.500000000000007 -0.79356426026969629 14.850000000000007 5.3707142857142873 0.044620833333333394 0.20528958333333333 43.500000000000007 0.36131627495810031 0.21726747448979591 1335.5000000000002 0.10588466360597949 -253.03251879383927 -11.885719719069924 0.45482758476974511 0.60670852812124976 5.404642857142858 0.15817424242424236 -1499.999999999997 0.12989583333333332 -0.00037499999999999854 0.012243092921567252 0.1939517857142857 0.40903701321108155 0.44650235786947196 0.40906519694882743 1.0214368964029703
decision_type=2 2 2 2 2 2 2 2 2 2 2 2 2 2 2 2 2 2 2 2 2 2 2 2 2 2 2 2 2 2
left_child=1 2 4 19 5 6 -1 -5 11 23 -11 12 14 -14 -3 17 -17 -13 -7 -4 21 -10 -23 -6 26 -21 -2 28 -22 -29
right_child=24 8 3 7 9 18 -8 -9 20 10 -12 15 13 -15 -16 16 -18 -19 -20 25 27 22 -24 -25 -26 -27 -28 29 -30 -31
leaf_value=0.00101681731500751 -2.6955637686156296e-05 -2.5593652533779469e-05 0.0010803835882023641 -0.0026195201183695136 0.0005296853923907474 0.00015266265252246989 0.00017412916343972239 -0.00017206621901797397 -0.00070951797614154748 -7.9616767721983904e-05 0.0016844153438948771 -5.4067974857288809e-05 -0.00015342081948111443 -0.00090890319525396433 -0.0013556904702770947 -8.8560983434717022e-05 4.0588291717033693e-05 0.00012909972854364946 -0.0010146168877836316 -4.4960711759896094e-05 0.00039338626912264807 0.00016777700047385341 -0.00041833017153272765 -2.2030213163505538e-05 0.00054828367524870992 -0.0012382432726550509 0.00076908597090126322 0.00011815487002343691 0.0015117528153244743 0.00074202629961073391
leaf_weight=213 261 12188 27 26 99 1667 271 20 72 22 32 2930 1906 242 58 10218 7821 6868 31 87 330 513 117 3124 225 21 35 618 21 44
leaf_count=213 261 12188 27 26 99 1667 271 20 72 22 32 2930 1906 242 58 10218 7821 6868 31 87 330 513 117 3124 225 21 35 618 21 44
internal_value=1.57156e-06 -1.26624e-06 7.8661e-05 -0.000446635 9.67059e-05 0.000224524 0.000552499 -0.00164554 -1.15939e-05 1.06402e-05 0.000922809 -1.83177e-05 -6.35209e-05 -0.000240315 -3.22485e-05 4.9497e-06 -3.24015e-05 7.40191e-05 0.000129002 -6.96437e-06 0.000152143 -2.12239e-05 5.36837e-05 -3.99376e-06 0.00027689 -0.000313742 5.93425e-05 0.000275146 0.000472924 0.000165202
internal_weight=50107 49586 5640 181 5459 2182 484 46 43946 3277 54 42231 14394 2148 12246 27837 18039 9798 1698 135 1715 702 630 3223 521 108 296 1013 351 662
internal_count=50107 49586 5640 181 5459 2182 484 46 43946 3277 54 42231 14394 2148 12246 27837 18039 9798 1698 135 1715 702 630 3223 521 108 296 1013 351 662
is_linear=0
shrinkage=0.03


Tree=174
num_leaves=31
num_cat=0
split_feature=27 20 23 47 43 71 40 69 41 51 72 65 70 57 42 53 40 33 70 38 37 52 45 23 47 21 73 50 53 57
split_gain=0.0432358 0.0636304 0.0470144 0.0890451 0.0934973 0.0807842 0.0699165 0.0660664 0.0646 0.102167 0.0731634 0.0518534 0.0763011 0.0703695 0.0662426 0.0539141 0.0699486 0.0778092 0.0536675 0.0512549 0.0491009 0.0575353 0.0468082 0.0454655 0.0447102 0.0444009 0.0428227 0.0423579 0.0418247 0.100544
threshold=45.618691138900182 0.34891636904761908 0.035853045883215383 1.162568677788925 0.32145502536643372 -3.1489699612156623 4.3103571428571437 0.91585580712236381 0.21974073127057048 0.53452248382485068 -0.053226500608133158 -0.0062083333333333079 0.030119189164198128 93.550000000000026 16.750000000000007 3.9779612647910709 3.0975000000000006 0.10690449676701726 -0.90146829171281539 3.5007142857142868 0.011547005383792225 76.750000000000014 0.5345224838248942 0.0038463280593348478 1.4866161139961813 0.0031210483525615424 0.10060166897831115 71.642857142857153 13.357303825878732 34.550000000000004
decision_type=2 2 2 2 2 2 2 2 2 2 2 2 2 2 2 2 2 2 2 2 2 2 2 2 2 2 2 2 2 2
left_child=2 23 11 4 8 6 -6 24 10 -10 -4 12 14 -14 18 20 -17 -18 -1 -7 21 -13 -16 -2 26 -22 -5 -15 -25 -30
right_child=1 -3 3 7 5 19 -8 -9 9 -11 -12 15 13 27 22 16 17 -19 -20 -21 25 -23 -24 28 -26 -27 -28 -29 29 -31
leaf_value=-0.0012230251889043884 1.8447982128513307e-05 0.00089230577422308422 0.00028440746121131955 -0.00084288019722327586 -0.00092468183105357796 8.302609332236416e-05 0.00011919893700072883 -0.0012427022252756523 -0.00025275348361996724 6.5522082495345828e-05 3.666103293476776e-05 -3.0483620660942945e-05 -5.4489855449127103e-05 0.00019284765332545719 -5.0825511933150861e-05 -0.00017801469114000294 -8.9695808126796182e-05 0.00013007034402432886 -7.940065954850673e-06 0.00046337619426695879 2.4472023542596602e-05 0.00010830816419114064 0.00021844124334203358 -0.00021614893990455083 0.00054307996669116876 -0.00013027170000075314 4.473453738576019e-06 -0.00047793260156699661 -0.0007389252464794977 0.0019597174982325387
leaf_weight=69 1419 56 1475 99 84 476 168 70 1475 2334 4067 8110 954 86 1793 977 1777 7551 71 1116 2395 4009 852 2213 55 5284 101 925 21 25
leaf_count=69 1419 56 1475 99 84 476 168 70 1475 2334 4067 8110 954 86 1793 977 1777 7551 71 1116 2395 4009 852 2213 55 5284 101 925 21 25
internal_value=1.52089e-06 -9.65997e-05 9.48826e-06 6.20556e-05 7.65089e-05 0.000271947 -0.000219183 -0.00042531 3.76232e-05 -5.69738e-05 0.000103179 -7.80208e-06 -9.99494e-05 -0.000243045 0 6.64117e-06 6.23631e-05 8.78778e-05 -0.000632507 0.00035166 -2.22126e-05 1.51867e-05 3.48259e-05 -0.00011271 -0.000185231 -8.16212e-05 -0.000402148 -0.000417775 -0.000196397 0.000674389
internal_weight=50107 3734 46373 11520 11195 1844 252 325 9351 3809 5542 34853 4750 1965 2785 30103 10305 9328 140 1592 19798 12119 2645 3678 255 7679 200 1011 2259 46
internal_count=50107 3734 46373 11520 11195 1844 252 325 9351 3809 5542 34853 4750 1965 2785 30103 10305 9328 140 1592 19798 12119 2645 3678 255 7679 200 1011 2259 46
is_linear=0
shrinkage=0.03


Tree=175
num_leaves=31
num_cat=0
split_feature=18 65 73 49 47 23 11 72 11 68 63 70 0 19 38 73 57 52 69 28 4 68 70 53 41 32 63 19 7 35
split_gain=0.0483261 0.0392963 0.0425578 0.0454095 0.048162 0.0476133 0.0556824 0.0529051 0.0419128 0.0359642 0.0856501 0.0602686 0.0436994 0.0825033 0.0689688 0.0332166 0.0267217 0.0464909 0.0187238 0.0220658 0.0186234 0.0156702 0.0139703 0.0125473 0.011143 0.0107352 0.00524616 0.00477776 0.00391506 0.00228674
threshold=0.40895763888888886 -0.0547083333333334 8.7327444275782273 3.0550504633038966 0.18277470669380477 0.073855010678231706 0.3464916666666667 -0.016363989843283907 0.026314583333333304 -2.9516695526292209 23.379999999999999 -0.73829900574246976 22.500000000000004 0.02552369315042469 3.3178571428571435 1.2785749347572113 196.85000000000005 87.178571428571431 -0.94130860066615785 -13.180828571012976 35.500000000000007 -0.78731048879738796 0.74982640120456845 2.5943726083138636 0.28122475433425115 8.8928571428571477 170.23000000000005 0.0021891197706773728 -24.881070544551488 6.2770929234636608
decision_type=2 2 2 2 2 2 2 2 2 2 2 2 2 2 2 2 2 2 2 2 2 2 2 2 2 2 2 2 2 2
left_child=1 2 3 5 -5 6 -1 -7 23 10 15 -12 14 -14 -11 -10 17 18 -2 -20 -6 26 -21 -3 -25 29 -18 -27 -26 -23
right_child=16 8 -4 4 20 7 -8 -9 9 12 11 -13 13 -15 -16 -17 21 -19 19 22 -22 25 -24 24 28 27 -28 -29 -30 -31
leaf_value=-0.0002002545579186455 0.00086627559666521833 -0.00083740450515012641 -0.0012325080124770892 0.0014872562343047724 0.00069205452188510794 -4.9646587655978626e-05 0.00056861990706039286 -0.0010432693673834458 1.058532044189411e-05 -5.5817259573456253e-05 1.2372799221664514e-05 -0.00037875786622017222 -4.7150747237004993e-05 0.00013977560138930453 8.0521893116886718e-05 -0.00012539305539924721 0 -0.0012372837024075645 -0.00062785417782142757 0.00053313389881097116 -0.00012224927162223485 0.0015019024808345168 -8.438123923607487e-05 0.00029232358208133115 -0.00047788809747858471 0.00072334810812026259 0.00045836476578905771 5.8018641679414623e-06 -0.00019547017523127662 0.00068547204100797253
leaf_weight=703 35 41 33 26 32 93 94 117 9716 4308 513 1050 13666 2511 14531 1933 38 20 29 73 96 28 46 26 98 23 36 27 208 30
leaf_count=703 35 41 33 26 32 93 94 117 9716 4308 513 1050 13666 2511 14531 1933 38 20 29 73 96 28 46 26 98 23 36 27 208 30
internal_value=-1.86659e-06 -4.51799e-06 -0.000174479 -0.000140789 0.000329907 -0.000216005 -0.000105213 -0.000619775 -2.77259e-07 2.11423e-06 -3.99885e-05 -0.000248539 1.80865e-05 -1.79437e-05 4.91841e-05 -1.17298e-05 0.000332411 7.77124e-05 0.000243675 7.1479e-05 6.18575e-05 0.000598127 0.000270717 -0.000316691 -0.000241055 0.000837868 0.000201729 0.000402408 -0.000296952 0.00114923
internal_weight=50180 49795 1194 1161 154 1007 797 210 48601 48228 13212 1563 35016 16177 18839 11649 385 203 183 148 128 182 119 373 332 108 74 50 306 58
internal_count=50180 49795 1194 1161 154 1007 797 210 48601 48228 13212 1563 35016 16177 18839 11649 385 203 183 148 128 182 119 373 332 108 74 50 306 58
is_linear=0
shrinkage=0.03


Tree=176
num_leaves=31
num_cat=0
split_feature=12 65 66 72 22 12 66 73 5 41 0 45 38 41 62 27 9 51 22 50 40 2 69 19 70 20 69 8 73 64
split_gain=0.0461076 0.0403377 0.0881308 0.0503609 0.064415 0.0491839 0.0469341 0.0552253 0.0497897 0.0546696 0.0475864 0.0901073 0.115971 0.0521012 0.0462892 0.0488329 0.0385819 0.036291 0.0337244 0.0322386 0.0289051 0.033078 0.0272935 0.0270327 0.0250072 0.0231031 0.0174792 0.0217918 0.0170637 0.0149881
threshold=0.42170625000000006 -0.0547083333333334 -0.01462499999999999 0.44100280628428484 0.23646279761904762 0.15051250000000002 -0.0085138257575757947 -48.542121986577165 -5.4517696197737457 0.22376032114448105 47.500000000000007 1.0000000180025095e-35 5.0878571428571435 0.96946980374972447 182.65500000000003 0.41801879701992284 0.23731249999999998 2.370453040885943 0.12736011904761904 85.642857142857153 6.8653571428571434 6.4650000000000007 -0.45972848220565504 8.3333332904496189e-05 -0.97502841500522164 0.33383630952380955 -0.81403855522663837 0.18118749999999997 -0.028093114444731167 796.50000000000011
decision_type=2 2 2 2 2 2 2 2 2 2 2 2 2 2 2 2 2 2 2 2 2 2 2 2 2 2 2 2 2 2
left_child=1 2 3 20 -5 26 7 22 9 -9 11 12 -8 -13 23 -16 -10 24 -19 25 21 -1 -3 -12 -7 -2 -4 -28 -21 -22
right_child=19 6 5 4 -6 17 10 8 16 -11 14 13 -14 -15 15 -17 -18 18 -20 28 29 -23 -24 -25 -26 -27 27 -29 -30 -31
leaf_value=0.00016958477298586246 -0.00059904973208904264 -0.00084528089111951066 -0.00086973049624689989 -1.598711847743418e-05 -0.0019377131692890541 0 0.00039353884006816989 4.6111694071355815e-05 0.00091604832924534077 -8.840541083941871e-05 -8.543763321006514e-05 3.1229289983284959e-05 3.7378073813102617e-05 -0.00019402263366176539 0.0013612086814801141 0.00010238981246348164 0.00013589981633985992 -0.0010471618700652351 7.9664825015764135e-05 0.0016900089668730894 0.00029825990498293103 -0.00064516406835113849 0.00020408223187753363 5.3314872673122081e-06 -0.0009586355877939678 0.00039528424173090768 -0.00024940942290214529 0.00042017760558961587 0.00034078394365496937 0.0013889734744280575
leaf_weight=439 23 112 20 55 23 21 1428 3729 66 9807 5336 18209 1990 970 42 96 521 30 88 26 40 48 22 6482 226 112 94 78 23 24
leaf_count=439 23 112 20 55 23 21 1428 3729 66 9807 5336 18209 1990 970 42 96 521 30 88 26 40 48 22 6482 226 112 94 78 23 24
internal_value=-1.80909e-06 -3.61784e-06 -0.000176422 6.27887e-05 -0.00063798 -0.000451558 5.23074e-07 -4.52091e-05 -3.92076e-05 -5.11253e-05 1.94803e-05 4.51401e-05 0.000187127 1.9671e-05 -2.87658e-05 0.000514128 0.000230127 -0.000656299 -0.000187999 0.000470805 0.000168401 8.19759e-05 -0.00065054 -3.5402e-05 -0.000866264 0.000200661 -4.54104e-05 3.7573e-05 0.00113618 0.000768508
internal_weight=50180 49996 1186 629 78 557 48810 14257 14123 13536 34553 22597 3418 19179 11956 138 587 365 118 184 551 487 134 11818 247 135 192 172 49 64
internal_count=50180 49996 1186 629 78 557 48810 14257 14123 13536 34553 22597 3418 19179 11956 138 587 365 118 184 551 487 134 11818 247 135 192 172 49 64
is_linear=0
shrinkage=0.03


Tree=177
num_leaves=31
num_cat=0
split_feature=18 66 2 10 10 41 2 40 16 65 66 12 11 11 23 39 66 18 51 57 36 69 10 16 6 61 23 69 41 53
split_gain=0.0446149 0.0349454 0.06832 0.114535 0.0963481 0.0952517 0.0820581 0.0558792 0.0465791 0.0345062 0.0899917 0.0461319 0.043528 0.0400991 0.0410765 0.151489 0.0664515 0.0392713 0.0338469 0.0251422 0.0238754 0.0233515 0.01946 0.0163289 0.017424 0.0159421 0.0163617 0.0151956 0.0150203 0.0117205
threshold=0.40895763888888886 -0.24892708333333333 5.9450000000000012 0.29780769230769238 0.25612083333333335 0.20542103640523868 5.6450000000000005 6.5560714285714292 -843.02157623369442 -0.0547083333333334 -0.01462499999999999 0.15051250000000002 0.11363749999999996 0.026314583333333304 0.040394414871022501 5.0888246878867606e-08 -0.0085138257575757947 0.33850000000000002 2.370453040885943 196.85000000000005 2.8366666666666691 -0.84293373149377071 0.16400208333333333 -8.3844577409937369 -4.0769476399516025 29.875000000000007 0.013950045030793905 0.76665171983724034 0.20879823583971205 2.5943726083138636
decision_type=2 2 2 2 2 2 2 2 2 2 2 2 2 2 2 2 2 2 2 2 2 2 2 2 2 2 2 2 2 2
left_child=1 2 5 4 27 6 -1 -5 -7 10 12 22 -3 29 16 -16 -15 -14 -13 20 -2 -22 -12 -21 25 -25 -27 -4 -23 -11
right_child=19 9 3 7 -6 8 -8 -9 -10 13 11 18 17 14 15 -17 -18 -19 -20 23 21 28 -24 24 -26 26 -28 -29 -30 -31
leaf_value=0.0011082582753509857 -0.00081448210931747505 0.0013719794659510902 -0.00039164986880496145 0.0023146939293035994 -0.0023662917017936705 -0.0028538163840197599 -0.0013500105949199716 4.6624218832458481e-05 -0.00063703489237065824 -0.00081269342226109324 -0.00031153304195000609 -0.00083737867141328755 -5.3557569801804626e-05 -7.3192600188923395e-05 -5.6371457256155573e-05 0.00018502347549942245 1.4408790559868328e-05 0.00071736058168836046 -0.00018184637430636606 0.0011486559272175882 0.000730771679299409 -0.00073160957266703579 0.00029235785484477811 0.00062507633811149466 0.00070466544602182683 0.00013068405631929634 -0.00093871298338386356 0.00069354790375967114 0.00012644289950989701 -0.00023461572168109653
leaf_weight=25 22 22 23 22 20 25 22 22 20 41 112 249 502 10792 4821 4521 27940 66 118 40 52 21 80 25 74 23 20 20 108 332
leaf_count=25 22 22 23 22 20 25 22 22 20 41 112 249 502 10792 4821 4521 27940 66 118 40 52 21 80 25 74 23 20 20 108 332
internal_value=-1.74032e-06 -4.29022e-06 -0.000400147 9.05843e-05 -0.000695738 -0.000997984 0 0.00127356 -0.00196906 -2.63335e-06 -0.000165067 -0.000438405 8.91358e-05 1.16044e-06 3.62936e-06 6.01363e-05 -9.92362e-06 3.18518e-05 -0.000635827 0.000319443 7.19837e-05 0.000200098 -4.41567e-05 0.00057716 0.000388289 0 -0.000308558 4.92025e-05 0 -0.000308182
internal_weight=50180 49795 199 107 63 92 47 44 45 49596 1149 559 590 48447 48074 9342 38732 568 367 385 203 181 192 182 142 68 43 43 129 373
internal_count=50180 49795 199 107 63 92 47 44 45 49596 1149 559 590 48447 48074 9342 38732 568 367 385 203 181 192 182 142 68 43 43 129 373
is_linear=0
shrinkage=0.03


Tree=178
num_leaves=31
num_cat=0
split_feature=18 68 35 33 63 7 7 70 7 51 23 48 38 6 27 47 69 70 12 23 43 47 47 6 69 7 35 46 57 36
split_gain=0.0421257 0.0348029 0.0756126 0.0407701 0.0746075 0.0615661 0.0531606 0.080939 0.0457012 0.038954 0.169361 0.117946 0.0915276 0.0836642 0.0736432 0.0727253 0.0686443 0.0646446 0.0725763 0.0600674 0.0839906 0.0570854 0.0442297 0.0377826 0.0448731 0.0455619 0.0358157 0.031318 0.0237814 0.022526
threshold=0.40895763888888886 -2.9516695526292209 6.9629967716945655 5.3032784079767046 15.424999999999997 -9.8619401758437384 -1500.0000000000005 0.081673369964559248 -1500.0000000000143 2.1380899352994027 0.051889621045792936 46.833333333333336 5.9792857142857159 -674.94689993322118 1.6822385944372327 0.04972451581399407 0.6583954877256819 -0.77759714697362681 0.39531250000000001 0.082055656401641711 0.057735026918963019 4.8392261512681356e-07 0.18708286933869747 -770.11356103578669 0.99166813670569354 -15.20290527478671 9.0968899407108772 20.603571428571435 196.85000000000005 2.8366666666666691
decision_type=2 2 2 2 2 2 2 2 2 2 2 2 2 2 2 2 2 2 2 2 2 2 2 2 2 2 2 2 2 2
left_child=1 2 3 4 8 -6 27 -8 -1 17 14 12 -12 -13 15 -11 -16 19 21 26 -21 -19 -20 -4 25 -25 -3 -5 29 -2
right_child=28 9 23 6 5 -7 7 -9 -10 10 11 13 -14 -15 16 -17 -18 18 22 20 -22 -23 -24 24 -26 -27 -28 -29 -30 -31
leaf_value=0.00057613472286685932 -0.00079111000929918624 8.7431554118346555e-05 -0.00093488549684367036 -0.00071284421809293598 -0.00039576939712428536 0.00016381728327217196 0.00058828761818076412 -9.9315582946990613e-05 -2.4300480435067636e-05 0.0011095803663897096 0.0016786504692136079 -0.00027525012656418686 0.00054337148316294592 0.00040489115203191158 3.6188466225266902e-05 -3.6108735980034939e-05 0.00028063943022565079 6.9402032811908014e-05 -5.1944205482190436e-05 -0.00067285577362452293 0.00072286521854681611 -6.8131860321063754e-05 -0.0012049927559251395 -5.9247705255125936e-05 0.00094490175253639989 -0.00056543863520816062 0.00056158351465143783 7.6050156059985361e-05 0.00056110237632495477 0.00019411538320703551
leaf_weight=114 22 4570 86 80 854 214 376 249 10825 49 95 229 239 528 3265 9191 1537 3446 58 189 46 12544 77 355 25 315 150 89 182 181
leaf_count=114 22 4570 86 80 854 214 376 249 10825 49 95 229 239 528 3265 9191 1537 3446 58 189 46 12544 77 355 25 315 150 89 182 181
internal_value=-1.68956e-06 -4.16899e-06 -4.5164e-05 -2.74117e-05 -4.13877e-05 -0.000280788 0.000179949 0.000309833 -1.77168e-05 1.11245e-05 4.78936e-05 0.000407912 0.000879282 0.000195092 1.96812e-05 -2.95891e-05 0.000115098 -1.51302e-05 -4.43718e-05 7.9415e-05 -0.000385034 -3.83019e-05 -0.000735692 -0.000331891 -0.000251729 -0.000302192 0.000103251 -0.00028174 0.000310402 6.92817e-05
internal_weight=50180 49795 13582 12801 12007 1068 794 625 10939 36213 15133 1091 334 757 14042 9240 4802 21080 16125 4955 235 15990 135 781 695 670 4720 169 385 203
internal_count=50180 49795 13582 12801 12007 1068 794 625 10939 36213 15133 1091 334 757 14042 9240 4802 21080 16125 4955 235 15990 135 781 695 670 4720 169 385 203
is_linear=0
shrinkage=0.03


Tree=179
num_leaves=31
num_cat=0
split_feature=5 66 65 23 39 21 2 66 39 10 21 46 70 70 52 23 66 23 46 0 35 5 62 73 63 20 28 51 3 35
split_gain=0.040855 0.0339777 0.0964227 0.0590292 0.171243 0.127969 0.112374 0.164751 0.11492 0.105432 0.0548533 0.0537249 0.208886 0.111012 0.100097 0.0950794 0.094382 0.0494965 0.0482487 0.0610516 0.069973 0.0460087 0.0429867 0.0425634 0.037042 0.0340222 0.0497606 0.0321979 0.0238746 0.0490259
threshold=-3.1331713933842975 -0.0085138257575757947 -0.0547083333333334 0.044561479065545549 5.4177531919797329e-09 0.028406294422710057 5.8950000000000005 -0.21127916666666668 0.069075493621284997 0.053981250000000008 0.01191083252796323 22.246428571428577 -0.9668120007078248 -0.30081980763566762 74.607142857142875 0.027618668813989018 -0.078999999999999931 0.020091247104599957 16.93928571428572 47.500000000000007 5.8349858988080658 -7.5873211998452588 182.65500000000003 -0.53193762509622011 -23.774999999999988 0.23666130952380951 -10.32732374955371 2.236067977500023 16.450000000000003 3.9184404824549142
decision_type=2 2 2 2 2 2 2 2 2 2 2 2 2 2 2 2 2 2 2 2 2 2 2 2 2 2 2 2 2 2
left_child=1 3 25 11 5 10 7 -6 -8 -7 -5 12 17 15 -14 -13 -15 -1 21 20 -20 23 -21 -4 -23 26 -3 -27 29 -2
right_child=28 2 18 4 6 9 8 -9 -10 -11 -12 13 14 16 -16 -17 -18 -19 19 22 -22 24 -24 -25 -26 27 -28 -29 -30 -31
leaf_value=-0.00035140566671347745 -0.0002501526882033795 -0.00037337403244703155 -2.193523079766443e-05 0.00013937721447034751 -0.001044831249145791 -0.001474218049171296 0.0015130022201670468 0.00021500016372354532 0.00038797696642911203 -0.00023131964202798206 0.0010808279671662209 -0.00010838375685634274 0.00027239080223964924 -0.0010523470330431803 -5.323873756152861e-05 0.00021474177196376655 -0.00021231300923916629 -0.0010566621004499642 8.2756269967313904e-05 -3.2549033860785394e-05 -7.4051673590311892e-05 0.00082369291654559875 0.00049703251282063069 -0.00040789432745227803 -1.8267678109584885e-05 -0.0013425843725744329 0.00083694327015655288 -5.8906447565691033e-05 8.8019207049575075e-05 0.00079741753816191382
leaf_weight=272 49 376 450 271 99 65 111 1319 355 1226 73 2739 1546 126 1858 1167 3472 151 17116 11837 2991 48 138 658 1086 60 31 32 308 150
leaf_count=272 49 376 450 271 99 65 111 1319 355 1226 73 2739 1546 126 1858 1167 3472 151 17116 11837 2991 48 138 658 1086 60 31 32 308 150
internal_value=-1.63008e-06 -4.42685e-06 1.17085e-05 -4.24642e-05 6.43913e-05 -0.000159068 0.00025989 0.000124254 0.000665045 -0.000297312 0.000350411 -7.59171e-05 1.48567e-05 -0.000122607 9.38084e-05 -1.10451e-05 -0.000242848 -0.000612138 1.78167e-05 2.72963e-05 5.92787e-05 -0.000116447 -2.61546e-05 -0.000254008 1.5422e-05 -0.000401643 -0.000272009 -0.00093378 0.000265946 0.000524512
internal_weight=50180 49673 34823 14850 3519 1635 1884 1418 466 1291 344 11331 3827 7504 3404 3906 3598 423 34324 32082 20107 2242 11975 1108 1134 499 407 92 507 199
internal_count=50180 49673 34823 14850 3519 1635 1884 1418 466 1291 344 11331 3827 7504 3404 3906 3598 423 34324 32082 20107 2242 11975 1108 1134 499 407 92 507 199
is_linear=0
shrinkage=0.03


Tree=180
num_leaves=31
num_cat=0
split_feature=71 62 73 23 39 41 24 7 12 3 21 38 6 41 12 10 69 65 70 52 73 70 0 12 70 12 69 21 11 10
split_gain=0.0528734 0.0669733 0.0520422 0.0482587 0.117753 0.148301 0.0994254 0.0947731 0.0840195 0.0720015 0.0716989 0.0780018 0.0699333 0.06957 0.0478823 0.0409072 0.0407482 0.0406539 0.0572685 0.0521752 0.039718 0.0441237 0.0482038 0.05829 0.0447702 0.0441085 0.042729 0.0636577 0.0395726 0.060046
threshold=-0.5342403773301444 16.075000000000021 0.085857443018376514 0.035392939981101344 5.0888246878867606e-08 0.55006892669188912 -1499.999999999997 -593.70596315930413 0.042506250000000009 26.950000000000003 0.011369789526999996 5.4107142857142874 -1409.1341275784612 0.025419556372091263 0.29787083333333336 0.40760208333333331 -0.92913280730858783 -0.0033333333333332711 -0.99049576193482802 75.321428571428598 0.03448741692790059 0.83824865459667641 15.000000000000002 0.17187499999999997 -0.46734190575957718 0.37408749999999996 0.30081702196488996 0.015622290764089285 0.049297916666666608 0.15817424242424236
decision_type=2 2 2 2 2 2 2 2 2 2 2 2 2 2 2 2 2 2 2 2 2 2 2 2 2 2 2 2 2 2
left_child=1 15 16 20 5 6 -5 14 28 -9 11 -10 -8 -12 -7 17 -3 18 -1 -20 25 22 23 -22 -24 -2 -23 -28 -6 -30
right_child=3 2 -4 4 8 7 12 9 10 -11 13 -13 -14 -15 -16 -17 -18 -19 19 -21 21 26 24 -25 -26 -27 27 -29 29 -31
leaf_value=-0.00092726551150198924 -3.6615037975436097e-05 -0.00071648527163662942 -0.00064410256748973849 -0.00090259667672216884 0.0012248117221095186 -0.00099786745427494355 -0.00087634737161932047 -0.00055486218049279805 0.00063268352676429515 0.0010355609823769379 0.0010640476947814663 -6.5578889513768606e-05 5.2330951233500878e-05 9.1450292604866647e-05 -0.0026950819459743793 0.00085321087851882602 -5.8939121481660505e-05 -2.4627293935955022e-06 0 -0.00029439817850277606 0.00035082621009894149 -1.8525255006529171e-05 -6.3402433055303762e-05 6.9449553577661377e-05 9.6022746709379872e-05 0.00015481947086975727 -0.00035098303135752278 -0.0021548068385039056 0.00077860850253600171 -0.0010616289739097866
leaf_weight=81 16879 99 267 103 100 81 73 130 509 30 67 190 4235 4084 23 46 663 9027 1379 875 1020 426 3028 1995 3305 1152 172 20 58 20
leaf_count=81 16879 99 267 103 100 81 73 130 509 30 67 190 4235 4084 23 46 663 9027 1379 875 1020 426 3028 1995 3305 1152 172 20 58 20
internal_value=4.58583e-06 -4.89745e-05 -0.000280974 2.23354e-05 7.99964e-05 -2.78309e-05 1.29089e-05 -0.000717327 0.000180836 -0.000233444 0.000156478 0.000438776 3.56984e-05 0.000108124 -0.00142388 -2.77624e-05 -0.000149127 -3.16678e-05 -0.00014324 -0.000113336 2.24244e-06 5.04002e-05 6.68756e-05 0.000165721 1.93251e-05 -2.421e-05 -0.000193669 -0.000564617 0.000823183 0.000261313
internal_weight=50137 12437 1029 37700 9703 4675 4411 264 5028 160 4850 699 4308 4151 104 11408 762 11362 2335 2254 27997 9966 9348 3015 6333 18031 618 192 178 78
internal_count=50137 12437 1029 37700 9703 4675 4411 264 5028 160 4850 699 4308 4151 104 11408 762 11362 2335 2254 27997 9966 9348 3015 6333 18031 618 192 178 78
is_linear=0
shrinkage=0.03


Tree=181
num_leaves=31
num_cat=0
split_feature=71 63 70 57 23 45 41 6 53 12 10 24 2 12 39 48 51 7 70 73 70 0 12 70 12 69 44 65 73 70
split_gain=0.0497775 0.0857109 0.0740689 0.0708162 0.0453929 0.113127 0.109608 0.0958508 0.11166 0.0812447 0.0956003 0.08099 0.0740805 0.105857 0.0657248 0.0637663 0.0634017 0.0746336 0.0489453 0.0373406 0.0416641 0.0453729 0.0548167 0.0421289 0.0415082 0.040298 0.044805 0.0369953 0.0562799 0.0569836
threshold=-0.5342403773301444 23.379999999999999 -0.73829900574246976 178.45000000000005 0.035392939981101344 0.053452248382483851 0.5569145770707099 -1409.1341275784612 1.5137074434804572e-06 0.11985416666666666 0.077520833333333317 -1499.999999999997 7.0950000000000006 0.25619791666666669 0.19242809417694509 29.166666666666668 2.236067977500023 -593.70596315930413 -0.9523422988233432 0.03448741692790059 0.83824865459667641 15.000000000000002 0.17187499999999997 -0.46734190575957718 0.37408749999999996 0.30081702196488996 18.821428571428577 -0.0033333333333332711 8.7327444275782273 -0.99049576193482802
decision_type=2 2 2 2 2 2 2 2 2 2 2 2 2 2 2 2 2 2 2 2 2 2 2 2 2 2 2 2 2 2
left_child=1 27 -3 -4 19 6 7 8 -6 10 14 -9 15 -14 -7 -11 17 -8 -12 24 21 22 -21 -23 -2 -22 -27 28 29 -1
right_child=4 2 3 -5 5 9 16 11 -10 12 18 -13 13 -15 -16 -17 -18 -19 -20 20 25 23 -24 -25 -26 26 -28 -29 -30 -31
leaf_value=-0.00087672052362759126 -3.5516651669389184e-05 4.1593139981305803e-05 -0.00084566544668748822 -0.00022239390323314627 0.00089480607584118842 0.0016038423251593485 -0.0013680695888625533 -0.00065325819498440556 -0.0015383283437138224 0.00066238842804047565 0.0014989779937081037 5.6493746232124768e-05 -7.3200504624468897e-05 -0.0017764985575340687 0.00034553159022703765 0.00011559076968476702 0.0009498873267854964 -0.00030392248584406873 0.00024142208353456889 0.00034031173039728306 -1.7970798545586822e-05 -6.1500987462723383e-05 6.7367112126641462e-05 9.3142935762986558e-05 0.00015017891535806173 0.00022537524523479237 -0.00080563725192670877 3.9055437844598039e-06 -0.0006777507975079198 -5.6576465593940377e-05
leaf_weight=79 16879 354 290 420 20 95 100 148 69 207 29 4571 171 41 74 3128 20 170 860 1020 426 3028 1995 3305 1152 45 147 9056 158 2080
leaf_count=79 16879 354 290 420 20 95 100 148 69 207 29 4571 171 41 74 3128 20 170 860 1020 426 3028 1995 3305 1152 45 147 9056 158 2080
internal_value=4.43348e-06 -4.75329e-05 -0.000305118 -0.00048202 2.16572e-05 7.75802e-05 -1.92462e-05 1.4361e-05 -0.000954356 0.000185405 0.000417108 3.34648e-05 0.000115349 -0.00042349 0.00107579 0.000150618 -0.000584873 -0.000712715 0.000287454 2.16664e-06 4.88639e-05 6.48804e-05 0.000160783 1.87313e-05 -2.34785e-05 -0.000188272 -0.000548534 -2.3146e-05 -0.000130128 -8.83673e-05
internal_weight=50137 12437 1064 710 37700 9703 5098 4808 89 4605 1058 4719 3547 212 169 3335 290 270 889 27997 9966 9348 3015 6333 18031 618 192 11373 2317 2159
internal_count=50137 12437 1064 710 37700 9703 5098 4808 89 4605 1058 4719 3547 212 169 3335 290 270 889 27997 9966 9348 3015 6333 18031 618 192 11373 2317 2159
is_linear=0
shrinkage=0.03


Tree=182
num_leaves=31
num_cat=0
split_feature=71 35 0 52 22 23 45 41 6 53 24 41 51 10 0 8 72 27 22 63 70 57 33 23 18 19 0 13 46 70
split_gain=0.0468762 0.0948248 0.0783831 0.0557059 0.050307 0.0427301 0.10655 0.103151 0.0900368 0.105412 0.0762391 0.0718578 0.0599012 0.0589045 0.0729546 0.0593069 0.0419326 0.0396712 0.0500492 0.0439883 0.0602598 0.0614775 0.0551667 0.0417244 0.040229 0.0375185 0.0367883 0.0362987 0.0428845 0.0772264
threshold=-0.5342403773301444 6.3487343934723404 15.000000000000002 87.607142857142875 0.28429166666666666 0.035392939981101344 0.053452248382483851 0.5569145770707099 -1409.1341275784612 1.5137074434804572e-06 -1499.999999999997 1.0160839402121884 2.236067977500023 0.074529166666666619 15.000000000000002 0.16552083333333331 -0.21459159641583 45.618691138900182 0.32314648033126298 21.195000000000004 -0.74979862697202038 178.45000000000005 5.7117672997491207 0.028866750852047731 0.070270138888888875 0.0052442649451391434 15.000000000000002 -3.1328984155049047 16.317857142857147 -0.69014782361074123
decision_type=2 2 2 2 2 2 2 2 2 2 2 2 2 2 2 2 2 2 2 2 2 2 2 2 2 2 2 2 2 2
left_child=1 17 3 4 16 27 7 8 9 -7 -10 13 26 14 -8 -15 -3 19 23 -1 22 -22 -21 -19 -25 -13 -9 28 29 -2
right_child=5 2 -4 -5 -6 6 11 12 10 -11 -12 25 -14 15 -16 -17 -18 18 -20 20 21 -23 -24 24 -26 -27 -28 -29 -30 -31
leaf_value=1.733755775711458e-05 -0.00044897683061323327 -0.00090818570198301799 -0.00013203936013182725 0.00065887971083533809 -0.0019260942367120431 0.00086924018085535084 0.0012316555355618884 -0.0013932947597370066 -0.00063379197811470325 -0.0014928377969703954 5.4799303445606548e-05 -0.0012481944460698679 0.00092274767559553895 2.117191844103305e-05 0.0002448746943707341 0.0002606269845972365 0 -0.00010335590706041596 0.00055553674984566237 -8.5860990870704126e-06 -0.00078306231059775797 -7.0576373327051913e-05 0.0014312977719192321 0.00052394141335389581 -0.0005437505192180497 -0.00015352758609784629 -0.00048448814775290999 0.00025997644402328063 6.8137814812267032e-06 -1.9611564795014555e-06
leaf_weight=9130 530 176 511 20 38 20 110 57 148 69 4571 36 20 1493 200 2605 53 1277 82 256 230 226 25 31 382 161 213 482 25937 1048
leaf_count=9130 530 176 511 20 38 20 110 57 148 69 4571 36 20 1493 200 2605 53 1277 82 256 230 226 25 31 382 161 213 482 25937 1048
internal_value=4.29926e-06 -4.61277e-05 -0.000362547 -0.000760663 -0.000880252 2.10152e-05 7.52734e-05 -1.86803e-05 1.39037e-05 -0.00092494 3.2438e-05 0.000179918 -0.000567402 0.000205434 0.000607503 0.000174146 -0.000686043 -2.41462e-05 -0.000154805 -3.63992e-07 -0.000223443 -0.000437436 0.0001135 -0.000191354 -0.000455291 -0.000374013 -0.000691851 2.1016e-06 -2.31604e-06 -0.000154189
internal_weight=50137 12437 798 287 267 37700 9703 5098 4808 89 4719 4605 290 4408 310 4098 229 11639 1772 9867 737 456 281 1690 413 197 270 27997 27515 1578
internal_count=50137 12437 798 287 267 37700 9703 5098 4808 89 4719 4605 290 4408 310 4098 229 11639 1772 9867 737 456 281 1690 413 197 270 27997 27515 1578
is_linear=0
shrinkage=0.03


Tree=183
num_leaves=31
num_cat=0
split_feature=71 35 6 7 70 41 19 73 47 53 72 51 10 73 41 66 22 34 70 10 63 70 35 22 23 44 19 52 29 10
split_gain=0.0441187 0.0892612 0.054628 0.0540709 0.0644638 0.0533758 0.0409006 0.088043 0.074574 0.0616634 0.064203 0.0486721 0.0390416 0.0385427 0.0785046 0.047826 0.0390929 0.0390348 0.0378408 0.0362133 0.0336277 0.0575099 0.0428256 0.0686605 0.0569989 0.0523323 0.0426418 0.0390891 0.0354666 0.0352344
threshold=-0.5342403773301444 6.3487343934723404 -767.76716847197395 -15.20290527478671 0.1159303052754759 0.7990316935560855 0.098686000387358461 0.31298391309112455 0.61826591953038668 7.4258236676382916 -0.37249753625372856 1.4142135623730951 0.031020833333333303 0.020961870946699438 1.0160839402121884 -0.21127916666666668 0.28429166666666666 14.539285714285716 -0.21772323039653199 0.39902083333333344 21.195000000000004 -0.74979862697202038 1.6910884706475724 0.21726747448979591 0.035392939981101344 21.292857142857148 0.0014005413623581328 75.964285714285737 11.064523008116076 0.40760208333333331
decision_type=2 2 2 2 2 2 2 2 2 2 2 2 2 2 2 2 2 2 2 2 2 2 2 2 2 2 2 2 2 2
left_child=1 20 18 -4 5 -5 12 8 9 10 -8 -10 -2 17 15 -15 -16 19 -3 -14 22 -22 29 24 -24 -25 28 -28 -23 -1
right_child=6 2 3 4 -6 -7 7 -9 11 -11 -12 -13 13 14 16 -17 -18 -19 -20 -21 21 26 23 25 -26 -27 27 -29 -30 -31
leaf_value=-5.6834259437680715e-05 -0.00022955484713756136 -0.00041682307605172831 0 0.00021309926116681218 -0.0011156271679016452 -0.001117386808793526 0.0016061976636449493 -0.0012503053502772343 -0.0014628152952275491 -0.00077507072708436428 0.00039549585477807785 0.00023310978850349783 -1.7151182147255821e-05 -0.0012051114679242556 -0.00020101809589743004 7.6295208574453472e-05 -0.0010028170827047333 0.00019015666256261946 -0.0013987228419763318 0.00026413401542856583 0.00010992759649277703 0.00017277063322471248 4.2593303761203904e-05 0.00011894812475803783 -0.00033982927165865969 0.00052447712009231519 0.00024524261843180285 -0.00075431998535494351 -0.0011283462009054016 0.00098579085827002239
leaf_weight=7224 571 101 384 103 107 35 44 32 32 34 548 23 21622 25 363 13024 68 896 68 418 281 130 1694 1115 439 400 35 272 21 28
leaf_count=7224 571 101 384 103 107 35 44 32 32 34 548 23 21622 25 363 13024 68 896 68 418 281 130 1694 1115 439 400 35 272 21 28
internal_value=4.16471e-06 -4.47543e-05 -0.000351759 -0.000215917 -0.000563217 -0.000108371 2.03831e-05 0.000245575 0.000321995 0.000418307 0.000493096 -0.000708541 1.59545e-05 1.98926e-05 6.01622e-05 7.35182e-05 -0.000336493 -3.64552e-06 -0.000835458 -1.16686e-05 -2.34192e-05 -0.000219313 -9.84381e-06 7.36454e-05 -3.48309e-05 0.000228273 -0.00042765 -0.000630197 0 -5.22597e-05
internal_weight=50137 12437 798 629 245 138 37700 713 681 626 592 55 36987 36416 13480 13049 431 22936 169 22040 11639 739 10900 3648 2133 1515 458 307 151 7252
internal_count=50137 12437 798 629 245 138 37700 713 681 626 592 55 36987 36416 13480 13049 431 22936 169 22040 11639 739 10900 3648 2133 1515 458 307 151 7252
is_linear=0
shrinkage=0.03


Tree=184
num_leaves=31
num_cat=0
split_feature=68 23 20 10 6 24 23 37 68 61 6 46 24 26 41 10 69 70 3 46 41 67 37 46 70 70 28 15 51 70
split_gain=0.0432921 0.0637894 0.0694507 0.0759569 0.0475677 0.0463147 0.0438993 0.132844 0.139169 0.14657 0.0876739 0.0850813 0.0849799 0.0850007 0.0752258 0.0710555 0.0706219 0.0525476 0.0406044 0.0739651 0.0545976 0.0385309 0.0682173 0.0721214 0.146233 0.10652 0.0654268 0.0712009 0.0468842 0.051292
threshold=-79.433955151230748 0.026988690287599867 0.32519583333333335 0.17209374999999999 -594.18448634853621 -949.88540933981017 0.040394414871022501 0.0057735026918961357 -15.954900471429712 -42.904999999999994 -1409.1341275784612 23.817857142857147 -1499.999999999997 -436.34974333775295 0.030813155460785158 0.040752083333333307 -0.94697898371965705 -0.8140159405215136 25.650000000000002 20.403571428571432 0.16906335375352557 0.097860402609221367 0.011547005383792225 22.975000000000005 -0.46734190575957718 -0.19244445339415753 -11.682984447107762 -1500.000000000008 3.9096949095440343 -0.72658061058372014
decision_type=2 2 2 2 2 2 2 2 2 2 2 2 2 2 2 2 2 2 2 2 2 2 2 2 2 2 2 2 2 2
left_child=1 -1 3 18 -5 -4 21 10 9 -9 -8 17 14 -14 -12 -13 -11 -10 19 -3 -20 22 26 24 -24 -25 27 -2 -23 -30
right_child=6 2 5 4 -6 -7 7 8 11 16 12 15 13 -15 -16 -17 -18 -19 20 -21 -22 28 23 25 -26 -27 -28 -29 29 -31
leaf_value=-2.5662243224631044e-05 0.00037129728107784804 -0.00068598564667627217 0.0015038208721412552 -0.00095681453130038612 9.7151296148513202e-05 -0.00010527266070924021 -0.00067465766633942933 0.0012050309707052431 -0.00070401004803231134 0.00094570117547280259 0.0010938498721174571 0.0017787098736829451 0.00017195346671141666 -4.6019701551794103e-05 -0.00066162559296190733 0.0004189985349239418 -0.00061579708689660977 0.00014553851984852039 0.00044242924926120081 0.0013806396777240129 -0.00062029297672353207 3.3240518348352647e-06 -0.00017348844136920935 -6.3850810193750238e-07 0.00010241507413252725 -0.00022453198110854779 0.00022500974425592143 -1.2717308255847824e-05 -9.1298193150860695e-05 0.00020434644697815311
leaf_weight=1744 454 23 26 263 39 32 169 51 71 26 22 36 2578 4253 249 1597 328 670 57 38 150 7873 2725 3379 4725 4488 1380 9573 656 2462
leaf_count=1744 454 23 26 263 39 32 169 51 71 26 22 36 2578 4253 249 1597 328 670 57 38 150 7873 2725 3379 4725 4488 1380 9573 656 2462
internal_value=4.03153e-06 -0.000120938 -0.000380296 -0.000483949 -0.000810934 0.00057846 1.03027e-05 6.60331e-05 0.000242424 -0.000266999 -9.95527e-07 0.000330669 1.47054e-05 3.58168e-05 -0.000504588 0.00045188 -0.000490319 5.92556e-05 -0.000102684 0.000554537 -0.000312516 -4.46969e-06 -2.39878e-05 -6.54131e-05 1.08498e-06 -0.00012876 3.13748e-05 4.40614e-06 4.27125e-05 0.000141174
internal_weight=50137 2372 628 570 302 58 47765 10050 2779 405 7271 2374 7102 6831 271 1633 354 741 268 61 207 37715 26724 15317 7450 7867 11407 10027 10991 3118
internal_count=50137 2372 628 570 302 58 47765 10050 2779 405 7271 2374 7102 6831 271 1633 354 741 268 61 207 37715 26724 15317 7450 7867 11407 10027 10991 3118
is_linear=0
shrinkage=0.03


Tree=185
num_leaves=31
num_cat=0
split_feature=45 32 34 23 70 23 69 6 28 7 19 70 69 10 23 53 30 5 7 6 69 73 4 35 19 69 40 23 8 8
split_gain=0.0338046 0.0448719 0.0826396 0.0592819 0.0525717 0.048455 0.0510453 0.0438859 0.0359836 0.0838353 0.0789871 0.0902552 0.0900722 0.0846228 0.0970157 0.065366 0.0755577 0.0642179 0.0665504 0.101067 0.0710608 0.0532561 0.0493036 0.0487719 0.0475186 0.0469091 0.0448329 0.0416525 0.0415995 0.0391617
threshold=1.0783585409580019 5.1785714285714306 1.2892857142857148 0.058382189092235179 0.85651926849515192 0.028547442157069797 -0.8779519545588893 -21.066791284996288 -9.7643344874351019 -19.376677537754741 0.0023791642342855437 0.21771516573566849 0.69636977696931257 0.39902083333333344 0.083670862833367096 1.8985245861978546 14.1 -68.74657220984804 -1500.0000000000005 -212.85351373502399 0.7086201161944764 1.1910603747376352 63.500000000000007 5.31495918966879 0.083760790481104255 -0.79356426026969629 4.2046428571428587 0.082055656401641711 0.18883125000000003 0.16872916666666662
decision_type=2 2 2 2 2 2 2 2 2 2 2 2 2 2 2 2 2 2 2 2 2 2 2 2 2 2 2 2 2 2
left_child=8 2 -2 5 7 -4 -7 -3 9 17 13 22 -13 14 -11 16 26 23 20 -20 -19 29 -12 24 -1 -25 27 -10 -18 -17
right_child=1 4 3 -5 -6 6 -8 -9 15 10 11 12 -14 -15 -16 21 28 18 19 -21 -22 -23 -24 25 -26 -27 -28 -29 -30 -31
leaf_value=-2.8690933731884622e-05 -2.3615480211851407e-05 -0.00032696269720383051 0.00038422210921838622 -0.00094234834247353399 -0.0014847365415841338 0 0.0013832350443935373 0.00047779324864398963 0.00012425738124191216 2.7097219510116926e-05 0.00085599758100579485 -0.00041643347225207969 0.00086203775943489741 0.00094985685428214612 -0.00096360321040771409 -0.0001446859075952151 0.0016904094941176783 4.2937316502197368e-05 0.00023291968944627944 8.6216277770819556e-06 -0.00026505042780974978 -0.00076303116250201115 -0.00010580771885861133 0.00024086611408711178 0.00019917042329294706 -0.00077363757726302599 0.00062941706104353238 -0.00050698328300407441 0.00051554514181282392 4.9665623945035456e-05
leaf_weight=20917 464 170 317 21 24 32 110 93 1489 2662 47 1432 49 85 91 1125 35 2287 3493 3807 949 79 3634 51 854 145 150 98 200 5362
leaf_count=20917 464 170 317 21 24 32 110 93 1489 2662 47 1432 49 85 91 1125 35 2287 3493 3807 949 79 3634 51 854 145 150 98 200 5362
internal_value=-4.11182e-07 0.000154731 0.000255815 0.000531656 -0.000167071 0.000607517 0.00107885 -3.02957e-05 -4.36973e-06 -1.62249e-05 -0.000103234 -0.000173188 -0.000371557 2.29645e-05 -4.89891e-06 5.15132e-05 0.000202977 5.101e-06 6.6062e-05 0.000116375 -4.65114e-05 5.54255e-06 -9.24832e-05 -2.40027e-05 -1.96062e-05 -0.000494548 0.000132333 8.30933e-05 0.000709658 1.5481e-05
internal_weight=50272 1231 944 480 287 459 142 263 49041 40503 8000 5162 1481 2838 2753 8538 1972 32503 10536 7300 3236 6566 3681 21967 21771 196 1737 1587 235 6487
internal_count=50272 1231 944 480 287 459 142 263 49041 40503 8000 5162 1481 2838 2753 8538 1972 32503 10536 7300 3236 6566 3681 21967 21771 196 1737 1587 235 6487
is_linear=0
shrinkage=0.03


Tree=186
num_leaves=31
num_cat=0
split_feature=63 22 35 27 35 33 59 0 21 19 53 64 73 11 22 70 29 9 59 52 40 22 23 44 63 39 53 46 68 21
split_gain=0.0333478 0.0360241 0.035554 0.0602007 0.0583835 0.036966 0.0362552 0.0567443 0.08877 0.0886538 0.0403955 0.0817181 0.047839 0.033599 0.0302849 0.0373816 0.0427976 0.0217349 0.020613 0.0182107 0.0167432 0.0158728 0.024106 0.018931 0.0125262 0.0119 0.0098857 0.00753279 0.00140882 0.00105328
threshold=522.17500000000007 0.2718332761699998 18.142839837319773 1.1770907322137043 11.048465895885469 9.7293737286890742 25.885000000000005 22.500000000000004 0.034846411591348291 0.0022327553935718243 1.5137074434804572e-06 41.500000000000007 -0.011079402551074756 0.37427202380952385 0.17466815476190475 0.13300977955191609 1.206196276687941 0.16243333333333335 23.495000000000008 89.035714285714292 2.7082142857142864 0.079369196428571404 0.0067752446604365168 24.707142857142863 182.14500000000004 0.56235050917234741 2.9834709485932538 23.43214285714286 -0.19290894869829375 0.0087795317968219645
decision_type=2 2 2 2 2 2 2 2 2 2 2 2 2 2 2 2 2 2 2 2 2 2 2 2 2 2 2 2 2 2
left_child=2 20 4 17 6 -5 10 9 -9 -8 11 -1 -12 27 21 19 -17 26 25 -16 -2 22 -6 -23 -7 -19 -4 -3 -20 -29
right_child=1 13 3 5 14 24 7 8 -10 -11 12 -13 -14 -15 15 16 -18 18 28 -21 -22 23 -24 -25 -26 -27 -28 29 -30 -31
leaf_value=0.00025572886904290712 0.00030190677684731782 0.00042738036681168101 -0.0001011590423677262 0 -5.3784541787638955e-05 -0.0020542642257309384 0.00013442873569977356 -5.6986412739191213e-05 0.00011839632697998407 -4.9070902932238838e-06 -0.00012116500525852617 -0.00068941603437933422 -3.9420523365997161e-06 -3.7171077247694481e-05 0.00052607364450154583 0.00020647326253787467 -0.00061431791952511823 -0.0005485247366459054 0.00056586654239703066 6.044981615123106e-05 -0.00068905897219453678 9.3621115726621242e-05 0.0008905609884299337 -0.00063566047974391779 -0.00068095894820206532 0 -0.0011653421040948319 0.0014782495158724485 7.3531531677581354e-05 0.00075125681452724768
leaf_weight=764 23 38 23 21 105 27 6795 14772 3143 10298 6062 90 6598 39 455 299 69 50 46 109 32 45 29 73 20 135 22 31 24 35
leaf_count=764 23 38 23 21 105 27 6795 14772 3143 10298 6062 90 6598 39 455 299 69 50 46 109 32 45 29 73 20 135 22 31 24 35
internal_value=-3.88305e-07 0.000387121 -1.98818e-06 -0.000295383 1.29523e-07 -0.00109911 -4.89096e-06 1.11519e-05 -2.6045e-05 5.03124e-05 -4.66697e-05 0.000151925 -6.03141e-05 0.000642571 0.000208238 0.000287759 4.31971e-05 -0.000100193 0 0.000441662 -0.000223093 -7.39788e-05 0.000133449 -0.000333885 -0.00155874 -0.000157856 -0.000700667 0.000923972 0.000442733 0.00115447
internal_weight=50272 198 50074 368 49706 68 48522 35008 17915 17093 13514 854 12660 143 1184 932 368 300 255 564 55 252 134 118 47 185 45 104 70 66
internal_count=50272 198 50074 368 49706 68 48522 35008 17915 17093 13514 854 12660 143 1184 932 368 300 255 564 55 252 134 118 47 185 45 104 70 66
is_linear=0
shrinkage=0.03


Tree=187
num_leaves=31
num_cat=0
split_feature=27 20 69 3 8 50 20 20 7 66 49 21 67 70 69 72 70 46 66 22 41 63 35 27 35 46 7 11 63 23
split_gain=0.0330623 0.0605774 0.0502507 0.0923359 0.108439 0.05753 0.0517636 0.064475 0.0631344 0.0450152 0.0419061 0.0701469 0.0797499 0.0610571 0.0509388 0.0495874 0.0583752 0.0419496 0.0417495 0.0389258 0.0371868 0.0348645 0.0398454 0.0668538 0.0548486 0.0447813 0.0391983 0.0349217 0.034007 0.0329419
threshold=45.618691138900182 0.34891636904761908 0.7206604759859373 28.050000000000004 0.2199791666666667 67.071428571428584 0.083625892857142822 0.26259698498964806 -1499.999999999997 0.18221875000000001 5.1316014394469027 0.062611269488164187 -2.0823214960267946 -0.92260537345622995 0.92591620288614507 0.036862228094019407 0.74982640120456845 25.646428571428576 0.00013333333333331174 0.29777366071428574 0.98193909310826066 522.17500000000007 18.142839837319773 1.1770907322137043 11.048465895885469 16.93928571428572 -1500.0000000000005 0.17002083333333332 204.31000000000003 0.016550249426292078
decision_type=2 2 2 2 2 2 2 2 2 2 2 2 2 2 2 2 2 2 2 2 2 2 2 2 2 2 2 2 2 2
left_child=10 2 9 4 5 -4 8 -8 -5 20 21 13 18 17 -14 -15 -17 29 -13 -6 -2 22 24 -24 25 -1 -26 -23 -25 -12
right_child=1 -3 3 6 19 -7 7 -9 -10 -11 11 12 14 15 -16 16 -18 -19 -20 -21 -22 27 23 28 26 -27 -28 -29 -30 -31
leaf_value=-0.00014524025321280431 -0.00013138107644037632 0.00088809393733286666 0.0019054772918040937 -0.00010609058169777401 0.00031161921310144227 0.00014689307260038007 -0.00044259895049650696 0.00072272638127485168 0.00071415473987953681 -0.0013764697287697344 -0.00018294947145421666 0.00073296771270151321 0.001528691441415097 1.3508730393005593e-05 0 0.00031715694413256978 -0.00016535093028345339 0.00023798908107147446 -0.00081672957438874878 -0.0010677430750802158 -0.00078134001377371269 -0.0006741522355428474 -0.00012465456310027385 -0.0018941529064494022 -0.00043895457479811733 0 0.00027490263166123389 0.00054791892848202368 -0.00021732763573527336 -0.00083043273092707525
leaf_weight=2011 2666 55 64 215 78 28 351 46 133 27 207 25 84 2129 25 1337 262 105 36 23 83 21 271 33 71 38659 909 173 23 122
leaf_count=2011 2666 55 64 215 78 28 351 46 133 27 207 25 84 2129 25 1337 262 105 36 23 83 21 271 33 71 38659 909 173 23 122
internal_value=-3.7903e-07 -8.5881e-05 -0.000101347 8.63285e-05 0.00067066 0.00140985 -6.17232e-05 -0.00029856 0.000199946 -0.000165851 6.48796e-06 9.53502e-05 0.000692867 7.0063e-05 0.00117856 0.000109853 0.000236168 -0.000264299 -0.000131642 0 -0.000152373 -2.57129e-06 -4.501e-06 -0.000333912 -1.83476e-06 -7.25275e-06 0.000219732 0.000397469 -0.00127398 -0.000433929
internal_weight=50272 3769 3714 938 193 92 745 397 348 2776 46503 4332 170 4162 109 3728 1599 434 61 101 2749 42171 41977 327 41650 40670 980 194 56 329
internal_count=50272 3769 3714 938 193 92 745 397 348 2776 46503 4332 170 4162 109 3728 1599 434 61 101 2749 42171 41977 327 41650 40670 980 194 56 329
is_linear=0
shrinkage=0.03


Tree=188
num_leaves=31
num_cat=0
split_feature=65 11 73 47 10 24 39 66 6 41 41 64 63 41 35 14 16 63 66 57 29 22 22 35 22 20 45 38 1 6
split_gain=0.0329355 0.0390794 0.0703661 0.0382602 0.0393677 0.0540003 0.0376694 0.0336967 0.0796856 0.160617 0.147462 0.0983215 0.0769346 0.065986 0.0592282 0.0882994 0.0530295 0.0444642 0.0379847 0.0608704 0.0672418 0.058661 0.109783 0.0396957 0.0347608 0.0324257 0.0320157 0.0406447 0.0334526 0.031906
threshold=0.044620833333333394 0.3340833333333334 -1.0000000180025095e-35 6.9724412593888901e-08 0.15817424242424236 -1499.999999999997 0.1710471948239787 0.18221875000000001 -1294.7202682644925 0.19771218570529706 0.14477720663294938 554.50000000000011 -204.51499999999996 0.034807161067331387 0.3797049172401184 -477.67543441950056 -8.5643194373574243 -190.77499999999995 0.15039255952380962 22.450000000000006 1.2399527896072935 0.12270684523809523 0.17793601190476191 2.980605808833515 0.23293491200828159 0.40362408252774801 1.1088389466121407 3.0421428571428577 10.850000000000003 -11.400192997516903
decision_type=2 2 2 2 2 2 2 2 2 2 2 2 2 2 2 2 2 2 2 2 2 2 2 2 2 2 2 2 2 2
left_child=7 3 6 -2 5 -5 -3 18 10 11 12 13 -9 -10 15 -11 -16 -12 25 21 23 -20 -23 -21 -13 26 28 -28 -1 -22
right_child=1 2 -4 4 -6 -7 -8 8 9 14 17 24 -14 -15 16 -17 -18 -19 19 20 29 22 -24 -25 -26 -27 27 -29 -30 -31
leaf_value=-1.9026847115224424e-05 -0.0004307573642581701 -0.001075934812840488 0.0010496198558269771 -0.00084798093070941299 0.00023986967598728219 3.1175672084949758e-05 0.00039490062710555163 -0.0004384847117158083 0.0013725959463918114 -0.00067052273463744376 -0.00051382912281486715 0.002733470552346923 -0.0027580923439594557 -0.00016196393918415362 -0.0014813466364411211 0.0013930741055653644 0.00010434595282588685 0.0012463367004757343 -0.00051289061052458619 -3.1711775613458532e-05 -0.00080575360673811687 0.0017697376549729836 0.00028977222832097475 0.0010828862744942306 0.00077714486964658132 0.00027037955591236628 -0.0005936101453222918 0.00020713206276530067 7.5459711058026285e-05 0.00027617893441181097
leaf_weight=42353 120 26 102 69 969 574 33 25 31 64 26 21 38 109 82 25 20 22 34 56 100 68 151 49 24 379 58 963 3654 27
leaf_count=42353 120 26 102 69 969 574 33 25 31 64 26 21 38 109 82 25 20 22 34 56 100 68 151 49 24 379 58 963 3654 27
internal_value=-3.73688e-07 0.000122284 0.000570909 7.85455e-05 0.000118562 -5.9678e-05 -0.000210394 -5.23756e-06 -0.000253333 -3.56831e-05 -0.000956909 0.000584258 -0.00190572 0.00016388 -0.00065169 -4.84895e-05 -0.00114331 0.00024066 -2.64687e-06 0.0002611 -7.85895e-05 0.000583489 0.000768897 0.000465441 0.00179489 -5.41388e-06 -7.706e-06 0.000158173 -1.14558e-05 -0.000551938
internal_weight=50272 1893 161 1732 1612 643 59 48379 487 376 111 185 63 140 191 89 102 48 47892 485 232 253 219 105 45 47407 47028 1021 46007 127
internal_count=50272 1893 161 1732 1612 643 59 48379 487 376 111 185 63 140 191 89 102 48 47892 485 232 253 219 105 45 47407 47028 1021 46007 127
is_linear=0
shrinkage=0.03


Tree=189
num_leaves=31
num_cat=0
split_feature=65 11 73 47 10 24 66 6 41 41 64 63 41 4 44 6 63 66 64 69 22 22 2 35 22 73 46 40 42 53
split_gain=0.0309801 0.0367681 0.0662336 0.036027 0.0370408 0.0508639 0.0316322 0.0753603 0.151347 0.139138 0.0929563 0.0721281 0.0622288 0.0558359 0.0636949 0.0519197 0.0419891 0.0357746 0.0570388 0.0951102 0.0536108 0.101655 0.040183 0.0392022 0.0324724 0.0319753 0.0618208 0.0982071 0.0747631 0.0496644
threshold=0.044620833333333394 0.3340833333333334 -1.0000000180025095e-35 6.9724412593888901e-08 0.15817424242424236 -1499.999999999997 0.18221875000000001 -1294.7202682644925 0.19771218570529706 0.14477720663294938 554.50000000000011 -204.51499999999996 0.034807161067331387 45.500000000000007 26.650000000000002 -847.90357303282269 -190.77499999999995 0.15039255952380962 47.500000000000007 0.42888796625999276 0.19618965888987175 0.12270684523809523 4.7950000000000008 7.4601523821289986 0.23293491200828159 3.9280730791643212 20.067857142857147 4.9710714285714293 24.300000000000008 11.982702708122728
decision_type=2 2 2 2 2 2 2 2 2 2 2 2 2 2 2 2 2 2 2 2 2 2 2 2 2 2 2 2 2 2
left_child=6 3 -3 -2 5 -5 17 9 10 11 12 -8 -9 14 -10 -15 -11 25 19 23 21 -20 -22 -19 -12 29 27 -27 -28 -1
right_child=1 2 -4 4 -6 -7 7 8 13 16 24 -13 -14 15 -16 -17 -18 18 20 -21 22 -23 -24 -25 -26 26 28 -29 -30 -31
leaf_value=-1.6668861566110498e-06 -0.00041794143384707362 -0.00020292235659435392 0.0010184369774725178 -0.00082290491951363424 0.00023268100363180782 3.0242032742222046e-05 -0.00042583609422525533 0.0013327048842766088 -0.00081380877000364392 -0.00049898516966236962 0.0026551939042454412 -0.0026774711549425352 -0.0001571492147462612 -0.0019427008108856775 0.001410912677321745 -0.00055184581417492336 0.0012105722518070885 5.3844158752606467e-05 -0.00047012147713791234 -0.0011450938775950784 0.001027682971768081 0.0013722743009015161 -0.00022965080446295399 0.0014178292665063686 0.00075476308081531894 6.3331966339747473e-05 -0.00052902788246919792 0.0016805202169343828 -9.0617932809487547e-05 0.00033083019334502326
leaf_weight=43782 120 59 102 69 969 574 25 31 21 26 21 38 109 35 22 113 22 142 32 57 29 112 91 22 24 662 427 35 2094 407
leaf_count=43782 120 59 102 69 969 574 25 31 21 26 21 38 109 35 22 113 22 142 32 57 29 112 91 22 24 662 427 35 2094 407
internal_value=-3.53543e-07 0.000118606 0.00055385 7.61197e-05 0.000114995 -5.7786e-05 -5.07261e-06 -0.00024545 -3.35729e-05 -0.000929666 0.000567976 -0.00185145 0.000158583 -0.000631773 0.000262436 -0.000911729 0.000232052 -2.56057e-06 0.000253395 -9.0566e-05 0.000551908 0.000941745 5.53935e-05 0.000262484 0.00174529 -5.24771e-06 -9.65457e-05 0.000151129 -0.000166244 1.33509e-06
internal_weight=50272 1893 161 1732 1612 643 48379 487 376 111 185 63 140 191 43 148 48 47892 485 221 264 144 120 164 45 47407 3218 697 2521 44189
internal_count=50272 1893 161 1732 1612 643 48379 487 376 111 185 63 140 191 43 148 48 47892 485 221 264 144 120 164 45 47407 3218 697 2521 44189
is_linear=0
shrinkage=0.03


Tree=190
num_leaves=31
num_cat=0
split_feature=66 47 2 47 61 2 66 42 46 6 48 48 6 41 52 63 65 73 25 71 0 7 0 21 66 43 15 15 41 21
split_gain=0.052219 0.123627 0.0631596 0.105479 0.148411 0.0776135 0.0493427 0.116191 0.0957083 0.0926945 0.106986 0.13361 0.0960669 0.136642 0.0708225 0.108531 0.0395021 0.0549097 0.0742514 0.0482772 0.0428926 0.0417972 0.0414874 0.081932 0.0894675 0.0818004 0.0711039 0.119317 0.0404293 0.0397238
threshold=-0.24892708333333333 0.44653734938480988 6.6350000000000007 0.1406421692815448 -41.175000000000004 5.8650000000000011 0.18221875000000001 26.466666666666679 26.275000000000006 -892.7935761708186 46.833333333333336 38.166666666666679 -798.70629481811704 0.26459641659634142 26.892857142857146 -167.26999999999995 -0.0024166666666666082 3.9280730791643212 4.5176506008208568 0.29139416530729628 15.000000000000002 -19.065795315971855 22.500000000000004 0.034846411591348291 -0.068062499999999984 0.23094010767584847 -1499.999999999997 -1499.9999999999936 0.059614143907685359 0.091608245019516019
decision_type=2 2 2 2 2 2 2 2 2 2 2 2 2 2 2 2 2 2 2 2 2 2 2 2 2 2 2 2 2 2
left_child=1 2 3 4 -1 -5 16 8 14 10 11 -9 13 -11 -8 -16 17 19 -19 28 -20 -21 26 24 -24 -25 29 -28 -2 -18
right_child=6 -3 -4 5 -6 -7 7 9 -10 12 -12 -13 -14 -15 15 -17 22 18 20 21 -22 -23 23 25 -26 -27 27 -29 -30 -31
leaf_value=-0.003037999934853158 0.00025420856126394674 -0.0021129725795771392 0.00098477655670472543 -0.00053694013925269246 2.7290180739429257e-05 0.0013669503222812304 0.00078914958890928923 -0.00055876412655226889 -0.0024378239661455151 0.0021234617347845102 -0.001738693078539743 0.0015511738787833097 -0.00012143976311417648 -0.00039464975148439409 -0.0022884939346994671 -0.0003788253705025297 -0.00010460174126517615 0.00021508646310888121 -0.00076541972588335249 0.00015967244819596623 -0.00017035457076243301 -0.00012457810949450233 -0.0009118717768614483 8.6039910424197234e-05 -3.6020004451266433e-05 0.00077824771973058766 0.00041747000389687449 4.9612710643341128e-05 -7.9074609820195489e-05 -0.00091223773270331576
leaf_weight=26 337 34 34 43 26 32 28 99 28 57 40 36 79 26 34 144 1672 167 265 1820 212 613 105 3232 15848 162 837 16130 7876 57
leaf_count=26 337 34 34 43 26 32 28 99 28 57 40 36 79 26 34 144 1672 167 265 1820 212 613 105 3232 15848 162 837 16130 7876 57
internal_value=-2.55134e-06 -0.000491286 -0.00011937 -0.00044379 -0.00147715 0.00024321 -5.7169e-07 -0.000277654 -0.000790802 7.1067e-05 -0.000396417 0 0.000593804 0.00130363 -0.000541747 -0.0007711 2.58012e-06 -4.66237e-05 -0.000315896 -3.00249e-05 -0.000508132 8.68006e-05 1.7262e-05 -1.34132e-05 -4.20296e-05 0.000120183 4.91648e-05 6.79598e-05 -6.50047e-05 -0.000133473
internal_weight=50099 195 161 127 52 75 49904 571 234 337 175 135 162 83 206 178 49333 11290 644 10646 477 2433 38043 19347 15953 3394 18696 16967 8213 1729
internal_count=50099 195 161 127 52 75 49904 571 234 337 175 135 162 83 206 178 49333 11290 644 10646 477 2433 38043 19347 15953 3394 18696 16967 8213 1729
is_linear=0
shrinkage=0.03


Tree=191
num_leaves=31
num_cat=0
split_feature=65 11 63 38 22 35 27 35 33 0 72 30 30 23 15 6 22 18 17 23 37 19 8 1 3 28 34 6 47 22
split_gain=0.0372763 0.0376425 0.0301124 0.0462388 0.0387432 0.0320148 0.0526747 0.0370974 0.0314636 0.031121 0.0283288 0.038893 0.0452636 0.0422748 0.0386916 0.0376872 0.0644693 0.039321 0.0346514 0.0278485 0.0909364 0.0711436 0.0261755 0.0261115 0.0208082 0.0207742 0.0182873 0.018005 0.0220409 0.0168411
threshold=-0.0547083333333334 0.028979166666666657 522.17500000000007 3.8150000000000008 0.2757510416666667 18.142839837319773 1.1921568907625126 12.139370375941139 10.003856395189475 22.500000000000004 1.0000000180025095e-35 1.0333333333333343 0.26666666666666 0.066237767824749869 -15.517201300728617 -11.251739909859294 0.21367559523809523 0.335175 -7.5053315728214054 0.078161557674125678 0.01732050807568879 0.075097633451779791 0.16872916666666662 3.0500000000000003 24.350000000000005 -7.7146421904837634 2.5892857142857149 -812.82747153872674 0.39026618135289187 0.055093452380952347
decision_type=2 2 2 2 2 2 2 2 2 2 2 2 2 2 2 2 2 2 2 2 2 2 2 2 2 2 2 2 2 2
left_child=10 29 5 4 -4 7 22 9 -8 -3 15 12 27 14 26 17 -17 19 -18 21 -21 -1 -7 -15 -6 -9 -13 -12 -29 -2
right_child=1 2 3 -5 24 6 8 25 -10 -11 11 13 -14 23 -16 16 18 -19 -20 20 -22 -23 -24 -25 -26 -27 -28 28 -30 -31
leaf_value=-0.00030378630101130796 -0.0001467228243679574 2.4269539989319326e-05 -6.9442718888499893e-05 -0.00057868488281466338 0.00053320016154409326 -0.00068793753808978086 -2.6085381181910626e-05 0.0003833170060466836 -0.001515311387415171 -2.4715554795353626e-05 0.00013632196680243524 -0.0012820235979588079 0.00050199556349776677 -0.002324374527803489 1.5329876986562433e-06 0.0018037584038637577 0.00049249891548138944 0.00074151380193818877 -0.0009999756463138121 -0.0014977376420835132 4.7348498653333917e-05 0.00042126656008304326 2.6498455793904256e-05 -0.0006941023872932419 0.0015060851123237695 5.7405924271941077e-05 -9.7100542550906534e-05 -0.0013589296413870947 -9.0509717698178946e-05 -0.00056461116848513483
leaf_weight=434 460 25391 48 34 78 54 24 352 43 21588 20 44 74 20 88 24 41 41 20 56 77 166 247 31 38 403 24 30 30 119
leaf_count=434 460 25391 48 34 78 54 24 352 43 21588 20 44 74 20 88 24 41 41 20 56 77 166 247 31 38 403 24 30 30 119
internal_value=-2.48672e-06 1.54237e-06 4.48818e-06 0.000372882 0.000590651 2.90169e-06 -0.000275314 5.11513e-06 -0.0010342 1.69579e-06 -0.000166237 -0.000390678 -9.16253e-06 -0.000658679 -0.000382052 -6.80818e-05 0.000520691 -0.0001372 0 -0.000191381 -0.000587148 -9.78295e-05 -9.35925e-05 -0.00142352 0.000887693 0.000213628 -0.000914762 -0.000519381 -0.000785781 -0.000238608
internal_weight=50099 48879 48300 198 164 48102 368 47734 67 46979 1220 361 154 207 156 859 85 774 61 733 133 600 301 51 116 755 68 80 60 579
internal_count=50099 48879 48300 198 164 48102 368 47734 67 46979 1220 361 154 207 156 859 85 774 61 733 133 600 301 51 116 755 68 80 60 579
is_linear=0
shrinkage=0.03


Tree=192
num_leaves=31
num_cat=0
split_feature=66 47 2 47 2 2 66 42 44 47 53 53 7 51 0 44 7 73 65 67 66 50 8 22 41 3 73 40 53 69
split_gain=0.0489687 0.116057 0.0592522 0.0988636 0.110058 0.0731113 0.0463827 0.109367 0.0923789 0.089182 0.121849 0.0865219 0.0661592 0.060884 0.0605189 0.0596936 0.0531008 0.0429245 0.0370357 0.0561969 0.048505 0.0494627 0.0390665 0.116448 0.0710831 0.0536824 0.0362491 0.034163 0.031606 0.0314743
threshold=-0.24892708333333333 0.44653734938480988 6.6350000000000007 0.1406421692815448 5.8650000000000011 5.8650000000000011 0.18221875000000001 26.466666666666679 25.892857142857149 0.099449031619777778 1.0271051820262118 3.7504578475079637 -362.35468912043603 0.97590007294850956 92.500000000000014 25.350000000000009 -610.1242659854953 0.026625000192506357 -0.0024166666666666082 -0.48233244794697988 -0.12635208333333339 81.357142857142875 0.23593749999999999 0.17167872023809524 0.32636778883177853 29.550000000000004 -48.542121986577165 3.6182142857142865 1.5406577730392796 -0.80392051724781066
decision_type=2 2 2 2 2 2 2 2 2 2 2 2 2 2 2 2 2 2 2 2 2 2 2 2 2 2 2 2 2 2
left_child=1 2 3 4 -1 28 18 8 15 13 16 -12 -10 14 -9 17 -11 -8 19 20 27 -22 29 24 -24 -25 -21 -2 -5 -20
right_child=6 -3 -4 5 -6 -7 7 9 12 10 11 -13 -14 -15 -16 -17 -18 -19 22 26 21 -23 23 25 -26 -27 -28 -29 -30 -31
leaf_value=0 0.0015575619717331035 -0.0020470974223954336 0.00095391288068411592 -0.0013453051485121251 -0.0027220024824741161 0.0013260366171598433 -0.0010045424987520991 0.0015724165679254357 -0.0024387138893091397 -5.0130227411335088e-06 0.00082258768531429604 -0.0005274749440254598 -0.00045863208733499053 -0.00059454126496400156 -0.00014305208928205748 0.00088339059473946683 -0.0020045803537858385 6.1531094055681013e-05 6.7506909868091949e-05 -0.00078998475238680832 -6.7436576281497859e-05 -0.00027458603288435491 0.0012439699989915708 4.0241516822467916e-05 -0.00015255555140405392 0.0004220919995472524 1.9963524046628139e-05 0.00017764083025977016 0.0001592258427939985 -1.6872571645837153e-05
leaf_weight=25 22 34 34 21 27 32 87 67 42 21 86 81 31 20 21 27 41 47 4822 49 3236 1568 118 10052 40 344 6336 79 22 22667
leaf_count=25 22 34 34 21 27 32 87 67 42 21 86 81 31 20 21 27 41 47 4822 49 3236 1568 118 10052 40 344 6336 79 22 22667
internal_value=-2.41906e-06 -0.000475698 -0.000114743 -0.000429495 -0.00143019 0.000234535 -5.00111e-07 -0.000269145 -0.000767031 6.89389e-05 -0.00025648 0.000150668 -0.00165596 0.000782494 0.00113233 -0.000337724 -0.00138576 -0.000610713 2.55387e-06 -4.50866e-05 -0.000121501 -0.000135716 1.67718e-05 6.58406e-05 0.000872815 5.32047e-05 1.31553e-05 0.000519953 -0.000521239 -1.96004e-06
internal_weight=50099 195 161 127 52 75 49904 571 234 337 229 167 73 108 88 161 62 134 49333 11290 4905 4804 38043 10554 158 10396 6385 101 43 27489
internal_count=50099 195 161 127 52 75 49904 571 234 337 229 167 73 108 88 161 62 134 49333 11290 4905 4804 38043 10554 158 10396 6385 101 43 27489
is_linear=0
shrinkage=0.03


Tree=193
num_leaves=31
num_cat=0
split_feature=65 11 24 57 22 46 35 17 21 72 30 30 23 15 47 7 21 18 0 1 23 34 53 22 20 7 11 22 70 10
split_gain=0.0347378 0.0354436 0.0288117 0.028981 0.0392905 0.0466412 0.029193 0.0455402 0.0270809 0.0269036 0.0366237 0.0425927 0.0398685 0.036546 0.0355593 0.0449146 0.0389489 0.0316431 0.0371758 0.0242264 0.0203559 0.0170341 0.0168166 0.0164929 0.0239205 0.0210709 0.0219281 0.0153422 0.0136977 0.0131504
threshold=-0.0547083333333334 0.028979166666666657 -3.6541680160736907 583.30000000000007 0.27405803571428577 24.453571428571433 26.607748400156037 -6.7263975828600495 0.078543534342812957 1.0000000180025095e-35 1.0333333333333343 0.26666666666666 0.066237767824749869 -15.517201300728617 0.48107023544279182 -11.201268674378861 0.065499159896060546 0.335175 35.000000000000007 3.0500000000000003 0.012669763180605373 2.5892857142857149 2.1989008243126671 0.20154427406832295 0.32940089285714286 -42.996218812858899 0.13316874999999997 0.40903701321108155 0.87377473702374975 0.25081250000000005
decision_type=2 2 2 2 2 2 2 2 2 2 2 2 2 2 2 2 2 2 2 2 2 2 2 2 2 2 2 2 2 2
left_child=9 22 3 6 -5 -6 8 -8 -3 14 11 -11 13 21 15 17 -17 18 -1 -14 27 -12 -2 25 29 26 -16 -4 -22 -25
right_child=1 2 20 4 5 -7 7 -9 -10 10 12 -13 19 -15 23 16 -18 -19 -20 -21 28 -23 -24 24 -26 -27 -28 -29 -30 -31
leaf_value=1.1968580266644382e-05 -0.00080858322875574219 6.4249828256828993e-06 -2.629170652145458e-06 -0.00024634756200365488 0.00023762349569401319 0.0013514369698480004 -0.00015184245291220577 -0.0017188342583619733 -9.5618804840425905e-05 -0.00050385739501453586 -0.0012425733893799285 0.00048690272505860777 -0.00225377326511911 2.0451612431775716e-06 -0.00064128431336887707 0 0.0016513033237175216 0.00089763781500439488 -0.00067462823902279497 -0.00067387823620811106 0.00049183194866403456 -9.327366060577333e-05 -0.00017701171973574185 -0.00035111389219831757 0 0.00062888994932820252 0.00012071082559850765 0.00054604288086514271 -0.00010527036890016461 -0.0015750704066362232
leaf_weight=472 44 44791 357 72 137 49 95 21 2468 80 44 74 20 88 83 27 27 30 81 31 229 24 535 22 20 21 47 50 31 29
leaf_count=472 44 44791 357 72 137 49 95 21 2468 80 44 74 20 88 83 27 27 30 81 31 229 24 535 22 20 21 47 50 31 29
internal_value=-2.3512e-06 1.5362e-06 4.39647e-06 1.58908e-06 0.000318072 0.000552748 -7.78079e-08 -0.000473429 1.03058e-06 -0.000160429 -0.000379154 -8.35319e-06 -0.000639226 -0.000369845 -6.46868e-05 4.51827e-05 0.000866513 -2.71089e-05 -8.42209e-05 -0.00138256 0.000200089 -0.000887647 -0.000231491 -0.000392185 -0.000780821 -0.000185778 -0.000344075 5.85955e-05 0.000409014 -0.00112169
internal_weight=50099 48879 48300 47633 258 186 47375 116 47259 1220 361 154 207 156 859 637 54 583 553 51 667 68 579 222 71 151 130 407 260 51
internal_count=50099 48879 48300 47633 258 186 47375 116 47259 1220 361 154 207 156 859 637 54 583 553 51 667 68 579 222 71 151 130 407 260 51
is_linear=0
shrinkage=0.03


Tree=194
num_leaves=31
num_cat=0
split_feature=65 11 51 50 59 0 29 12 11 65 37 10 41 45 52 12 2 10 49 7 32 46 69 69 29 29 53 8 15 12
split_gain=0.0327197 0.0334082 0.028943 0.0278821 0.0468303 0.0561244 0.0415833 0.0256078 0.0478899 0.0431133 0.061743 0.0353074 0.0331392 0.0573937 0.0306459 0.0301038 0.0382281 0.0492094 0.0330257 0.0241746 0.0265475 0.021344 0.0203313 0.0511831 0.0354738 0.0345584 0.0158073 0.0142499 0.0136317 0.010801
threshold=-0.0547083333333334 0.028979166666666657 13.211643380065164 89.642857142857153 22.305000000000007 22.500000000000004 0.9727857558140085 0.15272916666666667 0.082608333333333325 -0.18299305555555556 0.040414518843273413 0.34377083333333336 0.0053452248382483839 2.2432596839671443e-07 31.535714285714288 0.13449999999999998 6.0750000000000011 0.27283974358974361 1.1547005383792521 -14.013313474564411 18.56428571428572 25.346428571428579 0.97310932590074095 0.69636977696931257 105.50220993557808 4.5954242580354974 2.1989008243126671 0.17193333333333335 -8.39102318759379 0.14356249999999998
decision_type=2 2 2 2 2 2 2 2 2 2 2 2 2 2 2 2 2 2 2 2 2 2 2 2 2 2 2 2 2 2
left_child=7 26 3 4 6 -6 -3 15 -9 10 14 -12 -11 -14 -10 16 17 21 -18 28 -21 -1 23 25 -25 -4 -2 -20 -5 -17
right_child=1 2 22 19 5 -7 -8 8 9 12 11 -13 13 -15 -16 29 18 -19 27 20 -22 -23 -24 24 -26 -27 -28 -29 -30 -31
leaf_value=0.00068353278145918419 -0.0007848647846685101 7.3318351028364276e-06 0.00069537550992681641 0.00055768464295866908 4.1429080789481434e-05 -2.8041828152477975e-05 -0.00017269257825926063 -0.0011693128361461721 0.00066578296970190673 0.00024776393029190202 0.0020087907388806341 0.00011476317899567738 -0.0011640496626346864 -0.00024979527517174295 -0.00047803543121221332 0.001220769753679633 0 -0.001271911653349749 0.00026925576313144777 6.656387897669776e-06 0.00034595621162331817 -0.00022749476511172746 -0.00029557282491199052 0.00036260227505893755 0.0019085240797590342 -0.00020623120861339638 -0.00017171127739740443 0.0016073662553998554 0 0.00017731051911712333
leaf_weight=26 44 2041 59 164 22012 19914 2569 48 28 83 23 20 73 508 69 23 72 38 21 1034 265 139 35 35 30 98 535 21 44 28
leaf_count=26 44 2041 59 164 22012 19914 2569 48 28 83 23 20 73 508 69 23 72 38 21 1034 265 139 35 35 30 98 535 21 44 28
internal_value=-2.28866e-06 1.48233e-06 4.26104e-06 2.49625e-06 -1.5541e-06 8.36037e-06 -9.23549e-05 -0.000155707 -0.000246546 -0.000186344 0.000279902 0.00121866 -0.000289434 -0.000371625 -0.000113824 4.65722e-05 -5.42621e-05 -0.000308816 0.000371679 0.000129478 7.83952e-05 -6.26137e-05 0.000321252 0.000432841 0.00113967 0.000115858 -0.000224752 0.0010299 0.000432244 0.000720009
internal_weight=50099 48879 48300 48043 46536 41926 4610 1220 852 804 140 43 664 581 97 368 317 203 114 1507 1299 165 257 222 65 157 579 42 208 51
internal_count=50099 48879 48300 48043 46536 41926 4610 1220 852 804 140 43 664 581 97 368 317 203 114 1507 1299 165 257 222 65 157 579 42 208 51
is_linear=0
shrinkage=0.03


Tree=195
num_leaves=31
num_cat=0
split_feature=66 2 2 73 68 3 50 2 39 11 40 11 10 39 2 42 2 22 57 46 52 22 12 6 3 61 40 12 22 41
split_gain=0.0351764 0.109107 0.114717 0.0857997 0.134976 0.0733276 0.116487 0.0655075 0.0506077 0.03252 0.0535783 0.0826198 0.0711572 0.110533 0.0704769 0.0652125 0.0588869 0.0971634 0.0528466 0.0882642 0.0760548 0.0482175 0.0481424 0.0660211 0.061296 0.0721981 0.0475045 0.0356682 0.0896095 0.0575398
threshold=-0.20334999999999989 6.6350000000000007 6.4650000000000007 0.01577329107196546 15.38105444470874 27.750000000000004 19.785714285714288 6.2250000000000005 0.032071349029490458 0.21964583333333332 6.8153571428571444 0.25624374999999999 0.11539583333333332 0.085523597412001176 4.8950000000000005 26.583333333333339 7.4750000000000005 0.30591517857142864 15.450000000000005 31.289285714285722 74.392857142857153 0.26866102484472054 0.20234166666666667 -6.5838114821198515 31.150000000000002 -41.175000000000004 7.0532142857142874 0.19432916666666669 0.09962053571428571 1.0000000180025095e-35
decision_type=2 2 2 2 2 2 2 2 2 2 2 2 2 2 2 2 2 2 2 2 2 2 2 2 2 2 2 2 2 2
left_child=1 2 3 4 7 -3 -7 -1 -8 22 12 26 13 14 -11 -15 17 -13 19 -14 -20 -18 27 24 25 -24 -12 -2 -29 -30
right_child=9 5 -4 -5 -6 6 8 -9 -10 10 11 16 18 15 -16 -17 21 -19 20 -21 -22 -23 23 -25 -26 -27 -28 28 29 -31
leaf_value=-0.000491278546389795 -1.0062725996147608e-05 0.0014604800170946351 -0.0019887791875658964 -0.0013435035352824163 0.0017033327342095698 -0.0017968536419793962 -7.8301081247627734e-05 0.00070329067948462544 0.0015070892874391574 -0.00070550722452103118 -0.00031867656666401996 -0.00059323422024848264 -0.00010296559013095706 0.00030784672224245055 0.00028171075778312283 0.0014196578551117067 -0.00044613754144950729 -0.0027003570501692594 0.00018407793715650994 -0.0018411752032245403 1.3495145789147621e-05 0.0011379028055816887 -0.0004591332906829466 0.00080798472848761331 0.00086651935581625857 -8.9443712127157892e-05 0.0010994150194746906 0.0017685795819627178 0.00055093958919345354 -2.7720677950718384e-06
leaf_weight=271 25095 46 40 60 32 23 34 46 31 84 33 169 1630 98 272 111 45 23 2882 26 13056 26 546 68 54 4017 47 30 214 739
leaf_count=271 25095 46 40 60 32 23 34 46 31 84 33 169 1630 98 272 111 45 23 2882 26 13056 26 546 68 54 4017 47 30 214 739
internal_value=-2.87127e-06 -0.000234336 -0.000461904 -0.000300773 -0.000109609 0.000503736 0 -0.000306834 0.000643732 -6.65275e-08 3.13004e-05 -0.000338722 3.84731e-05 0.000369995 3.90446e-05 0.000916564 -0.000600217 -0.000873878 2.76359e-05 -0.000133162 4.45387e-05 0.000100015 -1.90297e-05 -0.00010758 -0.000121887 -0.000134428 0.000480703 -3.0027e-06 0.000174011 0.000118869
internal_weight=49848 583 449 409 349 134 88 317 65 49265 18502 343 18159 565 356 209 263 192 17594 1656 15938 71 30763 4685 4617 4563 80 26078 983 953
internal_count=49848 583 449 409 349 134 88 317 65 49265 18502 343 18159 565 356 209 263 192 17594 1656 15938 71 30763 4685 4617 4563 80 26078 983 953
is_linear=0
shrinkage=0.03


Tree=196
num_leaves=31
num_cat=0
split_feature=66 2 2 73 68 3 48 2 45 11 40 11 64 22 73 53 23 63 12 6 44 61 0 64 69 66 40 70 62 7
split_gain=0.0331025 0.102634 0.108081 0.0808592 0.127179 0.069194 0.0890769 0.061986 0.0394331 0.0305795 0.0505345 0.07778 0.0565744 0.0755283 0.0465506 0.065921 0.047857 0.0457975 0.0452753 0.0621876 0.0583483 0.0690953 0.0564076 0.106389 0.0762742 0.0532053 0.0448506 0.0446672 0.0433483 0.0378606
threshold=-0.20334999999999989 6.6350000000000007 6.4650000000000007 0.01577329107196546 15.38105444470874 27.750000000000004 18.833333333333339 6.0750000000000011 0.037796447300918815 0.21964583333333332 6.8153571428571444 0.25624374999999999 699.50000000000011 0.3036875 32.971440920350695 2.7932414507517591 0.033354212225394149 -201.25499999999997 0.20234166666666667 -6.5838114821198515 31.107142857142858 -41.175000000000004 15.000000000000002 1000.5000000000001 0.98521098335796142 -0.0085138257575757947 7.0532142857142874 0.25118075958286767 -101.72499999999998 -1500.0000000000043
decision_type=2 2 2 2 2 2 2 2 2 2 2 2 2 2 2 2 2 2 2 2 2 2 2 2 2 2 2 2 2 2
left_child=1 2 3 4 7 -3 -7 -1 -8 18 14 26 28 -14 17 -16 -17 -11 22 20 21 -20 23 24 -2 27 -12 -24 -13 -19
right_child=9 5 -4 -5 -6 6 8 -9 -10 10 11 12 13 -15 15 16 -18 29 19 -21 -22 -23 25 -25 -26 -27 -28 -29 -30 -31
leaf_value=-0.00053802692273839507 8.2708928180892383e-05 0.0014175978378848507 -0.0019305710051117874 -0.0013038591679536784 0.0016537812272594732 -0.0014887114875018594 0 0.0004240644985682167 0.0014940421484912244 0.00081153000538656389 -0.00030939745409962015 0.00070604699390629916 -0.00060280634073133117 -0.0024515421614237126 -0.00069787821356814155 0.00045474705739567673 0.0018630587695960829 0.00047489258067837093 -0.00044824606111741171 0.0007840964946106238 0.00083721963668774272 -8.6549709333556412e-05 -8.2541575056120962e-05 0.00087891612512958723 -0.00034438124892933954 -8.2887368281058648e-06 0.0010671197008778107 -0.00037341606036451444 -0.00067314100987907199 2.5186614699817586e-05
leaf_weight=241 5883 46 40 60 32 25 38 76 25 67 33 44 159 24 27 89 33 170 546 68 55 4016 2083 144 399 16936 47 633 36 17773
leaf_count=241 5883 46 40 60 32 25 38 76 25 67 33 44 159 24 27 89 33 170 546 68 55 4016 2083 144 399 16936 47 633 36 17773
internal_value=-2.78462e-06 -0.000227323 -0.000448141 -0.000291488 -0.000105642 0.0004882 0 -0.000297326 0.000593538 -6.19929e-08 3.03528e-05 -0.000328981 -0.000582847 -0.000873574 3.73231e-05 0.000564871 0.000872124 3.2761e-05 -1.84525e-05 -0.000104326 -0.000118228 -0.000130585 -2.90652e-06 7.4117e-05 5.50544e-05 -2.82475e-05 0.00046546 -0.00015155 4.77271e-05 2.96407e-05
internal_weight=49848 583 449 409 349 134 88 317 63 49265 18502 343 263 183 18159 149 122 18010 30763 4685 4617 4562 26078 6426 6282 19652 80 2716 80 17943
internal_count=49848 583 449 409 349 134 88 317 63 49265 18502 343 263 183 18159 149 122 18010 30763 4685 4617 4562 26078 6426 6282 19652 80 2716 80 17943
is_linear=0
shrinkage=0.03


Tree=197
num_leaves=31
num_cat=0
split_feature=25 10 11 66 41 65 18 14 22 64 12 1 19 72 53 5 64 44 52 17 47 21 47 18 66 53 21 51 45 29
split_gain=0.0438048 0.0369298 0.0988251 0.0364011 0.0311 0.0310514 0.0370902 0.0720615 0.0472583 0.0547256 0.0495355 0.0405239 0.0447719 0.0306511 0.0593917 0.0617105 0.0528193 0.0446122 0.0423346 0.0428768 0.0331632 0.0783844 0.0663772 0.0607722 0.0550622 0.0863256 0.0412667 0.0299791 0.0286051 0.0256895
threshold=80.184021059893681 0.29843750000000002 0.3025916666666667 0.16520416666666668 0.31326708051800006 -0.049916666666666644 0.335175 -8.3010109626427084 0.21488333333333332 675.50000000000011 0.15477708333333332 6.4500000000000011 0.11436106019585678 4.7450500199386108 2.1290765681315968 -46.742416713515951 183.50000000000003 30.700000000000006 78.035714285714292 -219.82107238695289 4.8392261512681356e-07 0.0045204175090873691 6.9724412593888901e-08 0.37092952898550718 0.18221875000000001 0.49724515809885589 0.0077906652017464299 2.8850651664719623e-06 0.097590007294852857 133.83300629766694
decision_type=2 2 2 2 2 2 2 2 2 2 2 2 2 2 2 2 2 2 2 2 2 2 2 2 2 2 2 2 2 2
left_child=5 2 3 29 -3 6 8 28 9 10 -1 12 -10 20 18 16 -16 -17 19 -15 21 23 -23 -7 26 -26 -22 -11 -8 -2
right_child=1 4 -4 -5 -6 13 7 -9 11 27 -12 -13 -14 14 15 17 -18 -19 -20 -21 24 22 -24 -25 25 -27 -28 -29 -30 -31
leaf_value=0.00013711058290336064 -0.00040223376105844586 0.0009670701166932384 -0.0021395636019296942 -0.0014362756895965763 -3.3374718140943775e-05 -0.00011351255379346603 0 -0.0010664332426385955 -0.00086570065233681126 0 -0.00035735314039047808 0.00022605888538160607 -7.8308622430389127e-05 -0.00022608800756210447 1.2796643984426041e-05 0.00060114786146622551 0.00048689331115640594 -0.00049078081549241146 -0.00077018314202515674 0.00033204388039095124 2.6548899634163434e-05 0.00010822148075728115 0.00053321329920857799 0.0011090450917144079 -0.0011925013382951247 -0.00012631412907185321 -3.5158467562154343e-05 0.0016046515776274295 0.0011404423465020954 -7.0160212266112584e-05
leaf_weight=327 289 43 23 20 62 1779 34 23 210 23 394 56 107 379 1234 396 258 33 83 181 18749 3028 377 36 86 363 20290 25 59 881
leaf_count=327 289 43 23 20 62 1779 34 23 210 23 394 56 107 379 1234 396 258 33 83 181 18749 3028 377 36 86 363 20290 25 59 881
internal_value=-2.69881e-06 -0.000173307 -0.000221615 -0.000180261 0.000353288 1.8763e-06 -0.000145074 0.000354836 -0.000198743 -5.9648e-05 -0.000129061 -0.000476564 -0.000610441 5.85338e-06 0.000106706 0.000190884 9.70591e-05 0.000509231 -0.000140026 -4.00739e-05 1.17613e-10 7.11243e-05 0.0001563 -8.70141e-05 -9.32752e-06 -0.000339391 -5.44592e-06 0.000903128 0.000745853 -0.000155021
internal_weight=49848 1318 1213 1190 105 48530 1258 116 1142 769 721 373 317 47272 2564 1921 1492 429 643 560 44708 5220 3405 1815 39488 449 39039 48 93 1170
internal_count=49848 1318 1213 1190 105 48530 1258 116 1142 769 721 373 317 47272 2564 1921 1492 429 643 560 44708 5220 3405 1815 39488 449 39039 48 93 1170
is_linear=0
shrinkage=0.03


Tree=198
num_leaves=31
num_cat=0
split_feature=25 23 27 17 49 69 42 58 22 18 10 11 53 47 21 66 12 7 53 53 21 23 41 65 23 0 19 23 71 22
split_gain=0.0413518 0.0495138 0.0778601 0.0397887 0.0343162 0.0467225 0.0607265 0.0594846 0.0426476 0.0382114 0.0372322 0.0379468 0.0338667 0.0330313 0.0607674 0.0691469 0.0499687 0.0417646 0.0930067 0.0517247 0.0406431 0.197318 0.0691576 0.0618935 0.0567551 0.0566575 0.0319458 0.0281494 0.0277032 0.0276512
threshold=80.184021059893681 0.096095801051490085 280.73943551658687 -757.32101657043381 5.033222956847184 -0.69016699705532225 26.300000000000008 11.445000000000006 0.12489434523809521 0.20358333333333331 0.26785416666666667 0.2106875 5.7440843913111168 0.042581531362635573 0.0090213911114128426 0.071910416666666699 0.34406249999999999 -206.93736515404581 0.72627303919902164 1.3259870882634732 0.0077906652017464299 0.038709107139234984 1.6126339592443037e-08 0.017293750000000014 0.033762951966537384 15.000000000000002 0.043301270189221981 0.083670862833367096 -2.8257828213865213 0.15231086309523811
decision_type=2 2 2 2 2 2 2 2 2 2 2 2 2 2 2 2 2 2 2 2 2 2 2 2 2 2 2 2 2 2
left_child=4 27 -3 -4 13 6 8 12 -6 -10 11 -9 26 14 15 16 -1 19 -19 -16 21 24 -22 -24 -15 -23 -7 -2 -12 -8
right_child=1 2 3 -5 5 7 29 10 9 -11 28 -13 -14 20 17 -17 -18 18 -20 -21 22 25 23 -25 -26 -27 -28 -29 -30 -31
leaf_value=-5.6675876927326411e-05 -0.0001424028064974035 -0.0020801305782290236 -0.00087990938763375334 0.0008098543792201036 -0.00012311981575313343 -3.0448862074918955e-05 -7.0297656031308075e-05 0.00011438185008409265 0.00064761879468770321 0.00023781448177865683 -0.00051650046137427638 0.00048518099940662873 -0.0002870493431267385 2.523187372426286e-06 0.00011726638588311195 -0.00075914738135331346 0.00031326505484118738 0.00018877692483472856 0.0010193101137168318 -0.0004219472086766325 -0.0012368589208569822 0.0010083553352408477 -6.5425751609099589e-05 8.3138766229899166e-05 -0.00061728901186707745 0.00034640350193845105 0.0010208327205230793 0.00082320409940762657 1.1856475903241346e-05 -0.0011718036404727691
leaf_weight=2537 1214 30 27 21 200 683 66 1122 286 898 104 333 679 16568 1911 114 376 899 143 172 43 182 17154 2942 133 391 26 26 534 34
leaf_count=2537 1214 30 27 21 200 683 66 1122 286 898 104 333 679 16568 1911 114 376 899 143 172 43 182 17154 2942 133 391 26 26 534 34
internal_value=-2.6202e-06 -0.000168383 -0.000902591 -7.79728e-05 1.82324e-06 7.65899e-05 0.000217637 1.55525e-05 0.000270697 0.000339799 0.000117293 0.000201581 -0.000135679 -6.63045e-06 5.76714e-05 -3.7333e-05 -7.80455e-06 0.000150639 0.0003065 7.11211e-05 -1.72853e-05 1.63479e-05 -4.62822e-05 -4.3524e-05 -2.26979e-06 0.000563274 5.26121e-06 -0.000119092 -7.02493e-05 -0.000482407
internal_weight=49848 1318 78 48 48530 4965 1484 3481 1384 1184 2093 1455 1388 43565 6152 3027 2913 3125 1042 2083 37413 17274 20139 20096 16701 573 709 1240 638 100
internal_count=49848 1318 78 48 48530 4965 1484 3481 1384 1184 2093 1455 1388 43565 6152 3027 2913 3125 1042 2083 37413 17274 20139 20096 16701 573 709 1240 638 100
is_linear=0
shrinkage=0.03


Tree=199
num_leaves=31
num_cat=0
split_feature=25 10 11 8 20 72 19 3 12 22 11 29 20 46 5 68 21 41 9 62 21 53 29 11 44 39 22 22 39 2
split_gain=0.0389251 0.0344826 0.0909074 0.030553 0.0570308 0.0366341 0.0536948 0.0467551 0.0714288 0.0466602 0.0460431 0.0375053 0.0709888 0.0475009 0.0428972 0.0332163 0.0363984 0.0292772 0.0289836 0.0320209 0.0285426 0.0238595 0.0227435 0.0246763 0.0219079 0.0181839 0.103871 0.066058 0.0342179 0.0179023
threshold=80.184021059893681 0.29843750000000002 0.3025916666666667 0.043356250000000006 0.12884821428571433 -3.5906441262082462 0.0075389144696349896 25.750000000000004 0.19432916666666669 0.21012559523809524 0.17393749999999999 27.590498130421263 0.21376130952380948 17.325000000000006 -46.742416713515951 35.253285532485322 0.1284246851649663 0.31326708051800006 0.23041250000000002 -78.47499999999998 1.6747983773674415e-09 5.1355259101309549 117.97802297693515 0.2328397435897436 19.76428571428572 0.0053452248386557473 0.075384077380952361 0.11242559523809524 0.026726124191283247 6.0550000000000006
decision_type=2 2 2 2 2 2 2 2 2 2 2 2 2 2 2 2 2 2 2 2 2 2 2 2 2 2 2 2 2 2
left_child=3 2 18 4 25 6 7 20 -9 21 -11 15 14 -14 -13 16 -7 -3 22 -20 -5 -8 -2 -24 -17 26 29 28 -27 -1
right_child=1 17 -4 5 -6 11 9 8 -10 10 -12 12 13 -15 -16 24 -18 -19 19 -21 -22 -23 23 -25 -26 27 -28 -29 -30 -31
leaf_value=0.00079351002381008583 -0.00038355622837576135 0.00094071975172052818 -0.0020499288489809258 0.0012007659835862401 -0.0012151417753591043 1.1653572064100626e-05 2.6928055710955862e-05 -1.636595929282938e-05 -0.00048790951166071116 -0.0017739868317148645 -0.00041838380732247063 -1.3790005686823671e-05 -0.00037813395776014372 0.00038535418795234691 0.00031732566091943428 0.00029111197475807177 -0.00049663235230268691 -2.8395978944553501e-05 -0.0013148582234907035 -0.00028172166810685692 0.00011554881564038385 -0.00033424535480645271 -7.8982387064080017e-05 0.00055553678555169404 -0.00032866428036214712 0.00079848966021090731 -0.0011794708341952751 0.001287493600425395 -8.2491637882974625e-05 -8.3877883565972595e-05
leaf_weight=21 211 43 23 22 40 37182 437 1683 352 25 383 2603 75 914 404 53 126 62 38 133 1116 251 750 58 398 39 87 32 1935 352
leaf_count=21 211 43 23 22 40 37182 437 1683 352 25 383 2603 75 914 404 53 126 62 38 133 1116 251 750 58 398 39 87 32 1935 352
internal_value=-2.53872e-06 -0.000163365 -0.000210117 1.77054e-06 -0.000100137 7.38662e-06 -7.61885e-05 -1.2636e-05 -9.96033e-05 -0.000257264 -0.000512917 1.60047e-05 0.000103445 0.000324102 2.97898e-05 6.66911e-06 9.84327e-06 0.000345309 -0.000170347 -0.000535059 0.000140198 -0.000100777 -0.000105738 -2.90965e-05 -0.00024871 -8.03494e-05 -0.000251508 -3.95002e-05 -6.31718e-05 -2.44697e-05
internal_weight=49848 1318 1213 48530 2506 46024 4269 3173 2035 1096 408 41755 3996 989 3007 37759 37308 105 1190 171 1138 688 1019 808 451 2466 460 2006 1974 373
internal_count=49848 1318 1213 48530 2506 46024 4269 3173 2035 1096 408 41755 3996 989 3007 37759 37308 105 1190 171 1138 688 1019 808 451 2466 460 2006 1974 373
is_linear=0
shrinkage=0.03


Tree=200
num_leaves=31
num_cat=0
split_feature=13 44 70 29 46 23 1 41 19 0 18 68 63 12 70 47 66 7 36 7 46 44 1 7 68 40 9 22 51 11
split_gain=0.0348418 0.0338454 0.0573487 0.0911153 0.0675207 0.0327831 0.0302627 0.0391105 0.0304107 0.184232 0.0798027 0.049015 0.0606082 0.0463665 0.0369079 0.0267073 0.0259793 0.0246958 0.0225348 0.0221605 0.0207311 0.0219528 0.017288 0.0171611 0.0179725 0.0171225 0.0168957 0.0164498 0.0122592 0.0116329
threshold=-3.1328984155049047 16.26428571428572 -0.92910699518418138 2.9454711657809742 14.503571428571432 0.042784659478514196 27.050000000000004 0.6161257897987068 0.0023791642342855437 22.500000000000004 0.18064384920634916 -2.307825667066417 48.965000000000011 0.33739583333333339 -0.76107606668641947 0.50535592940481189 -0.0065833333333333568 -46.656753210724986 3.5466666666666682 -8.0782210811815798 13.457142857142859 16.06428571428572 28.300000000000001 -9.0481707070149735 -1.9940700706673267 3.4767857142857141 0.24517499999999998 0.29330873917748918 5.8797473220733432 0.22625543478260862
decision_type=2 2 2 2 2 2 2 2 2 2 2 2 2 2 2 2 2 2 2 2 2 2 2 2 2 2 2 2 2 2
left_child=1 2 3 4 -1 15 8 18 9 10 -3 12 -10 -11 -13 16 -4 -2 25 -17 -19 -22 -20 29 -25 -8 -5 -6 -28 -9
right_child=17 6 5 26 27 -7 7 23 11 13 -12 14 -14 -15 -16 19 -18 20 22 -21 21 -23 -24 24 -26 -27 28 -29 -30 -31
leaf_value=6.9438246819416557e-05 0.00098176655533898142 6.5808886426953463e-05 0.00044716927523768385 -0.00012336756279304002 -0.00071044218009795124 0.00083758150223997953 0.00035081874537256193 0 -4.8999364092587117e-05 -2.912331632025693e-05 0.00025514400749965379 7.9022709458102526e-05 -0.00028746729201652388 -0.00024664161416093139 -1.999806967859642e-05 -0.00024895799861140516 -1.2343335809289598e-05 -0.0004172168844696981 -0.00061973425288710539 1.3201668484573004e-05 0.00060917863637012873 0.00010414432742261593 0.00040315994545471766 -0.0011121480688876049 -9.6315639303859582e-05 0.00094557511299153902 0.0001297248727234546 -0.0013294105223885322 0.0010628054259078843 0.00058781874268814649
leaf_weight=66 39 5879 158 143 139 37 136 85 6460 11952 3090 4603 1138 958 12769 639 326 43 26 493 113 310 31 21 87 90 59 93 20 41
leaf_count=66 39 5879 158 143 139 37 136 85 6460 11952 3090 4603 1138 958 12769 639 326 43 26 493 113 310 31 21 87 90 59 93 20 41
internal_value=7.95019e-07 -1.67464e-06 -0.000117459 -0.000392393 -0.000735031 -2.8972e-05 3.57622e-06 0.000231648 9.90419e-07 2.68723e-05 0.000131394 -2.15676e-05 -8.51441e-05 -4.55147e-05 6.06949e-06 -5.11737e-05 0.00013209 0.000248515 0.000469288 -0.000132226 0.000178753 0.000247253 -1.43398e-05 -4.37624e-05 -0.000329753 0.000604007 5.5325e-05 -0.000976079 0.00041378 0.000178416
internal_weight=50044 49539 2173 520 298 1653 47366 517 46849 21879 8969 24970 7598 12910 17372 1616 484 505 283 1132 466 423 57 234 108 226 222 232 79 126
internal_count=50044 49539 2173 520 298 1653 47366 517 46849 21879 8969 24970 7598 12910 17372 1616 484 505 283 1132 466 423 57 234 108 226 222 232 79 126
is_linear=0
shrinkage=0.03


Tree=201
num_leaves=31
num_cat=0
split_feature=24 44 70 19 47 72 17 69 53 8 44 57 70 46 35 7 7 64 66 47 57 35 66 6 72 6 35 46 22 46
split_gain=0.0308204 0.034235 0.0406489 0.0629329 0.0351106 0.0331123 0.0709694 0.0661313 0.0906192 0.0738759 0.0312949 0.0300476 0.120461 0.132894 0.0833142 0.0719428 0.0648446 0.0474532 0.0257712 0.0246768 0.0240836 0.0219858 0.021489 0.02141 0.0313018 0.0175838 0.0142646 0.023956 0.02408 0.0142304
threshold=-3.6541680160736907 16.06428571428572 -0.9668120007078248 0.0024811208389646441 0.49561261204550516 -3.4172934223420302 -33.638223954920612 0.98521098335796142 13.357303825878732 0.055164583333333309 17.864285714285717 108.45000000000002 0.18399153619612912 24.546428571428578 0.59025976773502442 -1500.0000000000005 -24.465805922450574 70.500000000000014 -0.0065833333333333568 0.45482758476974511 117.75000000000001 3.728697726391736 -0.023250000000000073 -7.2868853523902741 -0.68216938008180861 -11.0061506998306 3.7943603228779037 16.13928571428572 0.24045892857142856 13.457142857142859
decision_type=2 2 2 2 2 2 2 2 2 2 2 2 2 2 2 2 2 2 2 2 2 2 2 2 2 2 2 2 2 2
left_child=1 2 3 25 18 6 7 8 -3 -9 -8 14 15 -14 17 -13 -16 -7 21 -5 -12 -4 -2 24 -6 -1 29 -28 -29 -24
right_child=22 5 4 19 23 11 10 9 -10 -11 20 12 13 -15 16 -17 -18 -19 -20 -21 -22 -23 26 -25 -26 -27 27 28 -30 -31
leaf_value=6.1713765371374999e-05 0.00072255012611233019 -1.7149571926072847e-05 0.00020716442964349472 -0.00026773705314262771 2.9450197250974805e-05 -0.00010877474889457518 0.0002795500153482988 0.00028339486764780589 0.0013215954853677311 -0.00052206138207969881 -0.00082365251262766137 -0.00019826676918958665 -5.8497068039926895e-05 -0.00047776822677219618 0.00014727770355909257 4.8622990939724499e-05 -1.5923342116998071e-05 1.4990133879834875e-05 0 -0.0013155125393532216 0.00012984567043498494 0.0010532010165664057 -0.00054977014523987871 1.5698616300140927e-05 -0.00037860130343125322 -0.00054861422847515265 0.00051165928858750288 0.00083080370400354933 -1.3352486223873642e-05 0.00011398228827343021
leaf_weight=143 66 4172 108 39 233 3488 28 126 45 458 185 1180 2351 969 7199 10342 3104 13783 286 77 21 44 48 414 511 56 161 32 317 58
leaf_count=143 66 4172 108 39 233 3488 28 126 45 458 185 1180 2351 969 7199 10342 3104 13783 286 77 21 44 48 414 511 56 161 32 317 58
internal_value=7.72734e-07 -1.93637e-06 -0.000126435 -0.000438936 -6.2642e-05 3.0169e-06 -6.96272e-05 -4.40247e-05 -1.84253e-06 -0.000342966 -0.000579727 1.17123e-05 -2.25875e-05 -0.000181879 3.02835e-05 2.3063e-05 9.7822e-05 -9.83621e-06 0.000162639 -0.000994183 -0.000711801 0.000476961 0.000200961 -0.000150507 -0.000246916 -9.69211e-05 0.000139134 0.000207552 5.76298e-05 -0.000160876
internal_weight=50044 49362 1911 315 1596 47451 5035 4801 4217 584 234 42416 14842 3320 27574 11522 10303 17271 438 116 206 152 682 1158 744 199 616 510 349 106
internal_count=50044 49362 1911 315 1596 47451 5035 4801 4217 584 234 42416 14842 3320 27574 11522 10303 17271 438 116 206 152 682 1158 744 199 616 510 349 106
is_linear=0
shrinkage=0.03


Tree=202
num_leaves=31
num_cat=0
split_feature=24 44 70 29 44 72 19 70 17 47 57 70 44 35 7 7 12 22 12 23 47 69 8 32 23 65 19 65 47 22
split_gain=0.0290588 0.0321837 0.0388842 0.0850382 0.065651 0.0311193 0.0700037 0.0676309 0.0504985 0.0447015 0.0282787 0.113373 0.121127 0.0783761 0.0676984 0.0610318 0.0468632 0.0279768 0.0255864 0.0217311 0.0203346 0.0211053 0.0244562 0.0162203 0.0166228 0.013935 0.0135738 0.0119312 0.0118145 0.0115962
threshold=-3.6541680160736907 16.06428571428572 -0.91583036384466876 3.4207300500375797 14.235714285714289 -3.4172934223420302 0.0032716515254078891 -0.97502841500522164 -33.638223954920612 1.38823547189921 108.45000000000002 0.18399153619612912 24.392857142857149 0.59025976773502442 -1500.0000000000005 -24.465805922450574 0.38447708333333336 0.29777366071428574 0.37408749999999996 0.014143591316600718 0.55830394652310489 -0.66484924122790601 0.17610416666666662 7.0928571428571434 0.0016555520534570483 -0.0019625000000000506 0.0075389144696349896 -0.0094583333333333724 0.6944442002441461 0.40903701321108155
decision_type=2 2 2 2 2 2 2 2 2 2 2 2 2 2 2 2 2 2 2 2 2 2 2 2 2 2 2 2 2 2
left_child=1 2 3 4 -1 6 9 -8 -9 18 13 14 -13 16 -12 -15 -7 -6 -3 29 21 22 -4 24 -22 -5 -25 -21 -29 -2
right_child=19 5 20 25 17 10 7 8 -10 -11 11 12 -14 15 -16 -17 -18 -19 -20 27 23 -23 -24 26 -26 -27 -28 28 -30 -31
leaf_value=5.7964046938120839e-05 0 1.8803011428186921e-05 -0.00010384499141980276 0.00085957236933921065 -0.00063902505009381721 -4.8280624736194878e-06 -0.0010043046532138701 -0.00011618390177550587 -0.00067669801007206036 0.0012850100029679014 -0.00019232380432897625 -5.2253392156929823e-05 -0.0004444181391155899 0.00014285998512872272 4.7164442053058957e-05 -1.5445795373695592e-05 -0.00054866179954357597 -0.0014188871534250966 -0.00087540471052815171 -0.00016259329797633525 -0.00011040551570199642 0 0.00072088100658107448 -8.7613419469594391e-06 -0.00048639930383514556 2.0224088743649793e-05 0.00074580944965229083 0.00065534244423552819 0.0001215110843010431 0.0004470741949082337
leaf_weight=78 384 3030 42 20 156 17128 92 1700 161 24 1180 2277 1043 7199 10342 3104 143 76 28 20 365 492 86 226 169 179 22 147 71 60
leaf_count=78 384 3030 42 20 156 17128 92 1700 161 24 1180 2277 1043 7199 10342 3104 143 76 28 20 365 492 86 226 169 179 22 147 71 60
internal_value=7.5069e-07 -1.8781e-06 -0.00012259 -0.000347668 -0.000659171 2.9226e-06 -6.74988e-05 -0.000208114 -0.000166624 2.06716e-05 1.13541e-05 -2.19173e-05 -0.000176455 2.93717e-05 2.23629e-05 9.48789e-05 -9.53608e-06 -0.000912366 9.35116e-06 0.000195135 -3.8547e-05 8.6715e-05 0.000428305 -0.000141675 -0.000235694 0.000123457 4.88546e-05 0.000428138 0.000496527 6.28137e-05
internal_weight=50044 49362 1911 509 310 47451 5035 1953 1861 3082 42416 14842 3320 27574 11522 10303 17271 232 3058 682 1402 620 128 782 534 199 248 238 218 444
internal_count=50044 49362 1911 509 310 47451 5035 1953 1861 3082 42416 14842 3320 27574 11522 10303 17271 232 3058 682 1402 620 128 782 534 199 248 238 218 444
is_linear=0
shrinkage=0.03


Tree=203
num_leaves=31
num_cat=0
split_feature=41 8 47 45 30 41 29 51 21 21 56 32 73 28 29 11 49 64 64 2 23 52 46 64 21 73 38 21 40 66
split_gain=0.031627 0.0425868 0.0417984 0.0359658 0.0410171 0.0497183 0.0398845 0.054867 0.0392261 0.036574 0.0358302 0.0495399 0.0419041 0.0335633 0.036269 0.043988 0.0322987 0.0314009 0.031462 0.0309354 0.074213 0.0668158 0.0561753 0.177322 0.0542305 0.0459615 0.0293647 0.0280124 0.0269199 0.0262623
threshold=0.98193909310826066 0.34127083333333341 1.3094437053257217 1.0783585409580019 12.850000000000003 0.7934290577664258 0.77175961853904396 3.3380918415845096 0.025934723214649333 0.032178363664113176 12.200000000000006 4.950000000000002 2.2652080626594437 -7.8205614753619264 49.105908193629439 0.19897708333333333 2.000000000000024 120.50000000000001 132.50000000000003 4.0850000000000009 0.082055656401641711 59.464285714285722 19.053571428571434 96.500000000000014 0.091608245019516019 -47.270730598664038 5.9207142857142872 0.004278535252309955 4.298928571428573 0.11381250000000002
decision_type=2 2 2 2 2 2 2 2 2 2 2 2 2 2 2 2 2 2 2 2 2 2 2 2 2 2 2 2 2 2
left_child=3 2 13 4 19 9 8 -8 -7 27 17 12 28 14 15 -2 -3 -5 -19 20 24 -22 23 -21 -1 -24 -16 -6 -12 -11
right_child=1 16 -4 10 5 6 7 -9 -10 29 11 -13 -14 -15 26 -17 -18 18 -20 22 21 -23 25 -25 -26 -27 -28 -29 -30 -31
leaf_value=-2.8658923337212514e-05 -5.7639014138214066e-05 -0.0014931315329458031 -0.0003813265331432905 -0.00029593498013976371 0.00032374687808941013 -0.00013512848752434366 -0.0010722959674694939 -5.728389771078902e-05 0.00096595399199258072 0.00053564669918198615 0.00038333926376974342 -0.00011486109045948437 -2.8751746253895592e-05 -0.00048449069061335791 -0.00055566024054297327 0.0003490881972362614 -0.00025737117564488872 0.0013803355197555252 6.7877726089994567e-05 0.0001374880164231621 -0.0016446705877504032 -0.00029156350091076052 -0.00033783005304102644 0.002510863641084268 0.0010125670582676928 8.1795668055332633e-06 0.00011782434163765647 3.6175760362634711e-05 0.0009984596165999466 -1.0983102242043763e-05
leaf_weight=16448 515 34 343 190 415 89 82 130 40 355 157 140 85 120 145 430 60 20 105 1744 36 456 349 28 44 25903 86 1261 146 88
leaf_count=16448 515 34 343 190 415 89 82 130 40 355 157 140 85 120 145 430 60 20 105 1744 36 456 349 28 44 25903 86 1261 146 88
internal_value=7.15905e-07 -0.000125098 -8.71708e-05 5.29365e-06 1.77832e-06 0.000121082 -0.000210708 -0.000467158 0.00018802 0.000175965 0.000199445 0.000350989 0.000526654 -6.77237e-06 3.97958e-05 0.000124435 -0.000746939 -4.53845e-05 0.000310969 -4.67835e-06 -3.6676e-05 -0.000399792 1.46075e-05 0.000178078 -2.56379e-05 3.45267e-06 -0.000292568 0.000109322 0.000691912 0.000420524
internal_weight=50044 1733 1639 48311 47468 2460 341 212 129 2119 843 528 388 1296 1176 945 94 315 125 45008 16984 492 28024 1772 16492 26252 231 1676 303 443
internal_count=50044 1733 1639 48311 47468 2460 341 212 129 2119 843 528 388 1296 1176 945 94 315 125 45008 16984 492 28024 1772 16492 26252 231 1676 303 443
is_linear=0
shrinkage=0.03


Tree=204
num_leaves=31
num_cat=0
split_feature=13 42 70 19 66 6 72 72 17 23 19 7 12 64 25 23 41 29 5 23 47 7 52 46 42 29 41 44 16 18
split_gain=0.029905 0.0294955 0.0801788 0.0796495 0.0359437 0.0316331 0.0568723 0.0292865 0.0672186 0.0503943 0.0498438 0.0645959 0.0486143 0.0421393 0.0358006 0.0630622 0.0524649 0.0444265 0.0631194 0.0418497 0.0261012 0.022284 0.0202112 0.0182802 0.0219442 0.0176708 0.0174014 0.0145374 0.0132769 0.00771884
threshold=-3.1328984155049047 16.650000000000006 -0.9668120007078248 0.0030425227105877329 0.11381250000000002 -7.4480886603904191 -0.61471143835589792 -3.4172934223420302 -37.389688579768567 0.011140908370635699 0.024008148693801981 -670.3948323260496 0.37408749999999996 19.500000000000004 97.47667288522247 0.098054483150480418 0.093397413899298856 96.755019254487451 -49.767260403353724 0.099847358532316674 0.41463607769106497 -46.656753210724986 72.607142857142875 13.457142857142859 14.983333333333333 2.4172998840983042 0.07500915695015932 14.235714285714289 -6.7386941773602169 0.23943749999999997
decision_type=2 2 2 2 2 2 2 2 2 2 2 2 2 2 2 2 2 2 2 2 2 2 2 2 2 2 2 2 2 2
left_child=1 2 3 25 5 6 -4 8 10 -10 12 -12 -3 -11 17 26 -17 19 -19 -9 -5 -2 -7 -23 -25 27 -16 -1 -22 -27
right_child=21 7 4 20 -6 22 -8 14 9 13 11 -13 -14 -15 15 16 -18 18 -20 -21 28 23 -24 24 -26 29 -28 -29 -30 -31
leaf_value=0 0.00092694453496806081 7.5557371519047194e-06 0.00015251509926384187 -0.00020811631476259974 0.0011210675451438874 0.00089991664388475731 -0.00027346907282892955 4.8543386018083117e-06 0.00014848975634779526 -0.00089422152755064515 -0.00059972055595099182 9.3525448465693275e-05 -0.0010995215111858365 8.9987818579471043e-05 0.00022791485834809742 -0.00012332319605427429 -0.0023632787340743971 0.00010633975234553796 0.00074774983902601959 0.00019248250701822225 -0.0014640472137794733 -0.00039491840264897543 5.6627632094055854e-05 0.00063359208302426844 0.00010015454587747242 -9.41896570625862e-05 -0.00019923169087410737 -0.00077419821307477021 -0.00056169457780197256 0.00033389407014592195
leaf_weight=29 39 4154 399 37 23 26 905 38853 76 195 297 192 35 42 97 22 21 1084 161 1101 86 43 972 95 328 94 493 53 35 57
leaf_count=29 39 4154 399 37 23 26 905 38853 76 195 297 192 35 42 97 22 21 1084 161 1101 86 43 972 95 328 94 493 53 35 57
internal_value=6.88181e-07 -1.59542e-06 -9.77345e-05 -0.000495127 -2.94303e-05 -4.27097e-05 -0.00014081 3.91909e-06 -6.46673e-05 -0.000490332 -3.54467e-05 -0.000321768 -1.23835e-06 -0.000707554 1.21752e-05 -0.00021122 -0.00131429 1.56854e-05 0.000192226 1.01045e-05 -0.00101573 0.000230192 8.24789e-05 0.000163596 0.000228245 -0.000126446 -0.000123663 -0.000482002 -0.00123437 4.88016e-05
internal_weight=50044 49539 2716 391 2325 2302 1304 46823 4991 313 4678 489 4189 237 41832 633 43 41199 1245 39954 158 505 998 466 423 233 590 82 121 151
internal_count=50044 49539 2716 391 2325 2302 1304 46823 4991 313 4678 489 4189 237 41832 633 43 41199 1245 39954 158 505 998 466 423 233 590 82 121 151
is_linear=0
shrinkage=0.03


Tree=205
num_leaves=31
num_cat=0
split_feature=29 14 40 67 23 41 12 41 6 12 73 51 23 29 47 7 52 70 57 36 23 43 9 19 14 26 12 0 46 34
split_gain=0.0378248 0.0320816 0.0350866 0.027031 0.0588536 0.0591973 0.0678419 0.0717753 0.0461322 0.125667 0.084344 0.0431769 0.146607 0.0868844 0.076293 0.0602576 0.0766877 0.056631 0.0551032 0.0516084 0.0430414 0.0601812 0.0368317 0.0571239 0.0336448 0.0308262 0.0276715 0.0232023 0.0549618 0.0807
threshold=580.16988088614028 -359.64685731578885 4.2717857142857154 -0.76649321451144281 0.0065433775423889727 0.21565132623170735 0.25661041666666667 0.12709778186044721 -382.00692136171932 0.33739583333333339 -0.20533139194360214 2.1380899352994027 0.05399966404244691 3.7521824340848942 0.051887452166289788 -794.88285242179109 81.892857142857153 -0.77759714697362681 22.450000000000006 5.700000000000002 0.082055656401641711 0.057735026918963019 0.13138333333333332 0.029703501856169816 -397.57484708225644 -7.0720737154424018 0.34173333333333339 15.000000000000002 27.817857142857147 0.64642857142857124
decision_type=2 2 2 2 2 2 2 2 2 2 2 2 2 2 2 2 2 2 2 2 2 2 2 2 2 2 2 2 2 2
left_child=3 2 -2 4 27 6 24 -8 9 -7 -10 17 13 14 -13 19 -17 20 -15 -14 25 -22 26 -24 -6 -5 -19 28 -1 -30
right_child=1 -3 -4 11 5 8 7 -9 10 -11 -12 12 15 18 -16 16 -18 22 -20 -21 21 -23 23 -25 -26 -27 -28 -29 29 -31
leaf_value=3.0394605117731456e-05 5.5277048078809257e-05 0 -0.00067387427912247414 9.7533435466990758e-05 0.0002408193612148146 -1.0265248399241566e-05 0.00012627868962398759 0.00087678734848116251 -0.00035214255398075103 -0.00080944017051165376 -5.899286413582667e-05 0.0010781912980509284 0.00034838509913205569 -3.6160705891406979e-05 -2.1931115474474049e-05 0.000760573581375397 0.00013463017832947188 1.4619508876368309e-05 0.00022467614697967403 -0.00062660737796843937 -0.00054193585349685241 0.00066789993038401008 -4.4374762282346266e-05 -0.00026055392062200301 -7.600602480751992e-05 0.00071484200172984092 -0.00040339008170292421 2.6008391383052007e-05 0.00017634951187783178 0.0013036686966290951
leaf_weight=600 73 230 205 3939 356 4372 439 161 1589 184 2056 56 116 967 9472 492 295 7644 2742 82 191 43 5517 1391 1885 75 144 4327 187 87
leaf_count=600 73 230 205 3939 356 4372 439 161 1589 184 2056 56 116 967 9472 492 295 7644 2742 82 191 43 5517 1391 1885 75 144 4327 187 87
internal_value=1.34289e-06 -0.000255857 -0.000472142 4.05314e-06 -2.75767e-05 -6.68898e-05 5.03967e-05 0.000333781 -0.000107887 -4.33698e-05 -0.000187673 1.96346e-05 5.91684e-05 3.26323e-05 -1.50379e-05 0.000412339 0.00053022 -9.88814e-06 0.000155871 -4.1444e-05 8.63605e-05 -0.000304954 -3.79177e-05 -8.83704e-05 -2.42528e-05 0.00010999 6.45456e-06 5.53072e-05 0.000196736 0.000548642
internal_weight=49917 508 278 49409 16243 11042 2841 600 8201 4556 3645 33166 14222 13237 9528 985 787 18944 3709 198 4248 234 14696 6908 2241 4014 7788 5201 874 274
internal_count=49917 508 278 49409 16243 11042 2841 600 8201 4556 3645 33166 14222 13237 9528 985 787 18944 3709 198 4248 234 14696 6908 2241 4014 7788 5201 874 274
is_linear=0
shrinkage=0.03


Tree=206
num_leaves=31
num_cat=0
split_feature=7 69 0 7 10 23 31 7 49 23 20 5 57 6 35 64 70 12 47 52 70 23 69 44 40 70 21 26 46 52
split_gain=0.0284193 0.0607816 0.0827991 0.0551601 0.0962263 0.097621 0.08763 0.0989385 0.0796433 0.114582 0.105236 0.0581783 0.0805136 0.0754016 0.084299 0.0737141 0.0715678 0.155911 0.0773469 0.0698737 0.0796287 0.0586982 0.0554596 0.0550695 0.0517124 0.0601498 0.0487784 0.0474813 0.0450767 0.0434882
threshold=-9.5005617402429028 0.30081702196488996 35.000000000000007 -19.065795315971855 0.39902083333333344 0.082055656401641711 0.057735026918949724 -17.166832003786737 0.5773502691896284 0.062338628414972751 0.35557767857142863 -36.826706620196994 101.25000000000001 -467.94065218876148 7.1643921957739458 13.500000000000002 0.030119189164198128 0.059677083333333304 1.4866161139961813 65.035714285714292 0.16704543776228128 0.0015161248475906977 0.7086201161944764 23.792857142857144 3.3789285714285722 0.82392300575755406 0.010138763159251695 -10.823716252701562 19.675000000000004 87.321428571428598
decision_type=2 2 2 2 2 2 2 2 2 2 2 2 2 2 2 2 2 2 2 2 2 2 2 2 2 2 2 2 2 2
left_child=3 -2 24 11 5 8 7 -7 10 -10 -5 13 16 14 15 -1 18 -18 -13 -14 -21 22 -15 -6 26 -26 -3 -25 -27 -8
right_child=1 2 -4 4 23 6 29 -9 9 -11 -12 12 19 21 -16 -17 17 -19 -20 20 -22 -23 -24 27 25 28 -28 -29 -30 -31
leaf_value=0.00012252978864075884 0.00012779331662810775 -9.0242799050260889e-05 -0.0013374963483580833 8.6703149028829275e-05 -0.00048284390907910832 0.0010544631017837675 0.00070603783866706284 -0.0010386147627548781 -0.00018959095935166078 0.00080056195413241173 -0.00033737186537544106 0.00010281805419090864 0.0012778539458216216 0 -0.00076174203110679697 -1.925427161737126e-05 0.001783346002328802 0.00027625283474008798 -0.0013527526360174471 5.8560646947736466e-05 -0.00019915466525740304 -0.00029048453189268271 0.0011299492070140937 0.0010600524797813374 0.00016452877885899742 -5.2529829222923858e-05 -0.00064750458221842953 0 -0.0017844388175010679 -0.00070447027946855616
leaf_weight=3959 4092 647 45 3527 36 20 58 239 3999 106 617 2815 37 279 129 19759 65 1278 32 3855 1495 1397 44 131 921 38 187 59 24 27
leaf_count=3959 4092 647 45 3527 36 20 58 239 3999 106 617 2815 37 279 129 19759 65 1278 32 3855 1495 1397 44 131 921 38 187 59 24 27
internal_value=1.31069e-06 6.2865e-05 -7.82057e-05 -6.95873e-06 -7.40761e-05 -9.04705e-05 -0.000586066 -0.000862015 -6.9371e-05 -0.000163104 2.27727e-05 9.7999e-06 7.29125e-05 -1.37257e-05 0 4.28996e-06 0.00017154 0.0003527 8.4935e-05 -3.26041e-06 -1.29182e-05 -0.0002055 0.000152567 0.000533711 -4.46492e-05 0.000100646 -0.000219411 0.000743547 -0.000788248 0.000220129
internal_weight=49917 5954 1862 43963 8819 8593 344 259 8249 4105 4144 35144 9577 25567 23847 23718 4190 1343 2847 5387 5350 1720 323 226 1817 983 834 190 62 85
internal_count=49917 5954 1862 43963 8819 8593 344 259 8249 4105 4144 35144 9577 25567 23847 23718 4190 1343 2847 5387 5350 1720 323 226 1817 983 834 190 62 85
is_linear=0
shrinkage=0.03


Tree=207
num_leaves=31
num_cat=0
split_feature=29 69 23 35 27 56 70 33 20 22 23 53 45 38 33 56 15 53 70 11 3 43 10 6 11 25 25 35 39 20
split_gain=0.0351876 0.0337006 0.0353984 0.0264806 0.0552635 0.0358879 0.0511792 0.0304942 0.0295023 0.0289756 0.0321973 0.0286202 0.0285902 0.0563366 0.0445481 0.0235827 0.0230795 0.0254501 0.0238659 0.0225748 0.0210936 0.0247415 0.0176876 0.018794 0.0157793 0.0139179 0.0134308 0.00985682 0.00910875 0.00885664
threshold=580.16988088614028 0.69636977696931257 0.019069981291569529 18.142839837319773 1.1921568907625126 203.55000000000004 -0.92260537345622995 9.7293737286890742 0.40362408252774801 0.19618965888987175 0.07584776394466157 0.79312413313598074 0.47409060817728116 3.116428571428572 1.7765000355929701 251.60000000000002 -8.5714335764667009 3.1527068432635388 0.42887605137607676 0.11816874999999996 26.650000000000002 0.057735026918962123 0.16137980769230767 -10.172160140220862 0.29874166666666674 670.14541084671214 0.70125184187945433 2.697802064245909e-08 0.92661313644273158 0.24449166666666669
decision_type=2 2 2 2 2 2 2 2 2 2 2 2 2 2 2 2 2 2 2 2 2 2 2 2 2 2 2 2 2 2
left_child=3 2 -2 5 22 8 11 -6 12 19 -11 24 14 -14 -1 -9 18 -18 -10 -8 -4 -22 28 -24 -7 27 -25 -3 -5 -13
right_child=1 25 20 4 7 6 9 15 16 10 -12 29 13 -15 -16 -17 17 -19 -20 -21 21 -23 23 26 -26 -27 -28 -29 -30 -31
leaf_value=2.36750367154685e-06 -0.00017417036566089855 9.4884485045533477e-05 -0.0014399258823771224 -0.00091689902495127173 0 -0.00022621454386535333 0 -0.0019441173822889403 0.0010773207565745045 0.00012383252349127717 0.0012865820265091632 0.0012991297440603374 -0.00012236838065851532 5.7784307318553622e-05 -8.3933325636793217e-05 -0.00036697392938991213 -0.00086046868948531994 0.00021664198484005291 1.9255150763246296e-05 -0.00082210266930336242 0.00028291282721835633 -0.00079450738997686467 0.00034759746612552636 -0.00029206814530868916 0.00062204272433253303 -0.00035396352217471959 0.00036025302411508167 0.00088230945644900203 0 0.00047693590049554282
leaf_weight=26522 288 48 37 29 23 35 88 30 56 633 22 57 1772 12693 6734 20 20 217 38 48 22 62 105 142 36 22 31 29 23 35
leaf_count=26522 288 48 37 29 23 35 88 30 56 633 22 57 1772 12693 6734 20 20 217 38 48 22 62 105 142 36 22 31 29 23 35
internal_value=1.26785e-06 -0.000246801 -0.000369755 3.88404e-06 -0.000237823 5.93774e-06 0.000188081 -0.000981768 2.25529e-06 8.36187e-05 0.000169362 0.000673116 2.317e-07 3.55008e-05 -1.50193e-05 -0.00139165 0.000284085 0.000109908 0.000685876 -0.000305658 -0.000805444 -0.000477023 -6.17205e-05 2.36835e-05 0.000164887 0.000229775 -0.000156538 0.000437418 -0.000566739 0.00102709
internal_weight=49917 508 409 49409 403 49006 954 73 48052 791 655 163 47721 14465 33256 50 331 237 94 136 121 84 330 278 71 99 173 77 52 92
internal_count=49917 508 409 49409 403 49006 954 73 48052 791 655 163 47721 14465 33256 50 331 237 94 136 121 84 330 278 71 99 173 77 52 92
is_linear=0
shrinkage=0.03


Tree=208
num_leaves=31
num_cat=0
split_feature=29 69 23 65 41 7 7 21 45 69 69 60 40 69 23 32 22 18 65 23 69 46 51 44 7 41 30 3 43 7
split_gain=0.0331324 0.0318168 0.0332874 0.0260725 0.0465929 0.0272323 0.0492016 0.0881966 0.119856 0.0616325 0.0496943 0.109346 0.0438361 0.0359741 0.0404567 0.0346574 0.0355847 0.0336612 0.0320709 0.0222586 0.0214515 0.0351899 0.0646993 0.0295278 0.0310913 0.0310448 0.0279212 0.0198028 0.0234019 0.0178165
threshold=580.16988088614028 0.69636977696931257 0.019069981291569529 0.013083333333333296 1.6126339592443037e-08 -9.5005617402429028 -19.065795315971855 0.0079151183669110298 0.16035674514747852 0.85654306401281499 -0.89391031859722869 70.105000000000018 3.2332142857142858 -0.34156760613242332 0.0098260407505442824 1.4000000000000001 0.26184523809523813 0.36425625 -0.0547083333333334 0.047470216113083032 -0.8779519545588893 25.01071428571429 1.6035674514745131 19.864285714285717 -1500.0000000000014 0.7990316935560855 2.0666666666666722 26.650000000000002 0.057735026918962123 -8.5219441537202538
decision_type=2 2 2 2 2 2 2 2 2 2 2 2 2 2 2 2 2 2 2 2 2 2 2 2 2 2 2 2 2 2
left_child=3 2 -2 5 19 6 10 8 -8 -9 11 -1 13 17 -15 29 -17 -7 -12 -5 21 26 -23 25 -25 -22 -6 -4 -29 -14
right_child=1 -3 27 4 20 12 7 9 -10 -11 18 -13 15 14 -16 16 -18 -19 -20 -21 23 22 -24 24 -26 -27 -28 28 -30 -31
leaf_value=0.0002440681126418717 -0.00016896333778840988 0.00022306835612645955 -0.0013978649172931908 0.00036003364847972993 -0.00045328174367369645 0.00014861994905693255 0.00030113424291287872 -0.00018129385195582459 -8.3157752597521728e-05 0.00055802619922050163 -0.00019145448808701707 -0.00010039235506434835 0 -1.058690107274553e-05 -0.00040558336833489806 0.00026554098801180359 3.2261501109325139e-05 -0.00025158806012625116 -2.252154723947807e-06 -0.00055054262120707732 5.302422362604122e-05 0.0001979396132435829 -0.00076096670961510579 -4.6433810502249551e-05 0.00021128562097979839 -0.00049330716151078902 0.0002251271345911226 0.00027479444197176585 -0.00077105050556184273 0.00057354738952017218
leaf_weight=2161 288 99 37 24 62 937 1065 4471 2304 101 831 1330 71 576 411 824 2190 232 27565 147 337 106 142 491 2345 125 338 22 62 223
leaf_count=2161 288 99 37 24 62 937 1065 4471 2304 101 831 1330 71 576 411 824 2190 232 27565 147 337 106 142 491 2345 125 338 22 62 223
internal_value=1.22738e-06 -0.000239486 -0.000359037 3.76779e-06 7.60659e-05 -2.73933e-06 -1.14192e-05 -7.82545e-05 3.74868e-05 -0.000164187 5.13297e-06 0.000111985 5.99715e-05 -4.4239e-05 -0.000178349 0.000128791 9.70999e-05 6.64833e-05 -7.90129e-06 -0.00040395 9.77245e-05 -5.68218e-05 -0.000339914 0.000129008 0.000165608 -8.90594e-05 0.000111624 -0.00078176 -0.000461834 0.000442073
internal_weight=49917 508 409 49409 4117 45292 39828 7941 3369 4572 31887 3491 5464 2156 987 3308 3014 1169 28396 171 3946 648 248 3298 2836 462 400 121 84 294
internal_count=49917 508 409 49409 4117 45292 39828 7941 3369 4572 31887 3491 5464 2156 987 3308 3014 1169 28396 171 3946 648 248 3298 2836 462 400 121 84 294
is_linear=0
shrinkage=0.03


Tree=209
num_leaves=31
num_cat=0
split_feature=29 69 1 41 10 47 44 46 49 57 69 24 35 7 28 10 59 8 28 48 52 36 12 5 24 24 2 35 21 8
split_gain=0.0312025 0.0300288 0.0256301 0.0313929 0.0258451 0.0435318 0.0490225 0.0542646 0.0285069 0.0283804 0.0802869 0.0735734 0.0636813 0.0716169 0.0422756 0.0280562 0.0239272 0.0263039 0.0237741 0.0242533 0.022738 0.0157924 0.0140345 0.0132517 0.0156657 0.0132412 0.0126083 0.011548 0.0141099 0.0112192
threshold=580.16988088614028 0.69636977696931257 26.850000000000005 0.3012200463456372 0.40760208333333331 0.61626310921571259 26.157142857142862 24.06071428571429 1.5275252316519474 102.45000000000003 0.9927395293426734 -11.209559357646212 1.3033873800785722 -28.931311450730146 -9.7643344874351019 0.14412499999999998 31.575000000000006 0.095020833333333318 -9.6293993223511674 88.833333333333357 86.464285714285737 2.7333333333333338 0.29787083333333336 -1500.0000000000043 -185.04902660389487 -263.32021338275871 3.4850000000000008 18.142839837319773 0.019262257315181313 0.072466666666666665
decision_type=2 2 2 2 2 2 2 2 2 2 2 2 2 2 2 2 2 2 2 2 2 2 2 2 2 2 2 2 2 2
left_child=2 16 4 18 9 6 7 -6 20 12 11 -11 14 -14 -1 -12 -2 -18 19 -4 -7 22 -5 -19 -25 -3 -20 28 -23 -27
right_child=1 25 3 21 5 8 -8 -9 -10 10 15 -13 13 -15 -16 -17 17 23 26 -21 -22 27 -24 24 -26 29 -28 -29 -30 -31
leaf_value=-1.5405019369447262e-05 -3.80457928739867e-05 -0.0002314500975953706 -0.00037655797827119389 0 0.00011346674498663807 -3.4628285206854337e-05 -0.00098161522840911706 0.00084584894856418354 7.7850440473086358e-05 -0.00011633725591482147 0 1.3849595632632703e-05 0.00014012473047337676 -3.8629833243575726e-05 0.00040208951714463821 0.00062081583710488653 -0.00017283805643965024 -8.0794343414405975e-05 0.0014446850475427265 0.00072209157680186464 -0.0014600136714199414 0.00015398625217801987 -0.00063438631148601419 -0.0011787457996480432 -0.00012312393327010794 0 0.00032908986752852798 -0.00032853093086224465 0.00074151284715424893 0.00074513115553806225
leaf_weight=22809 158 31 31 129 221 24 21 169 66 6961 105 8823 6206 2954 219 222 119 26 36 36 25 212 39 83 23 24 24 26 51 44
leaf_count=22809 158 31 31 129 221 24 21 169 66 6961 105 8823 6206 2954 219 222 119 26 36 36 25 212 39 83 23 24 24 26 51 44
internal_value=1.18499e-06 -0.00023241 3.65207e-06 0.000201078 1.22514e-06 0.000210206 0.000357739 0.000439857 -0.000289742 -9.92955e-07 -3.35547e-05 -4.33786e-05 1.52125e-05 8.21529e-05 -1.1287e-05 0.000430174 -0.000348636 -0.000531316 0.000619907 0.000171581 -0.000836521 7.70356e-05 -0.000143226 -0.000828204 -0.000981025 0.000216443 0.00106034 0.000215474 0.000281658 0.000464503
internal_weight=49917 508 49409 584 48825 526 411 390 115 48299 16111 15784 32188 9160 23028 327 409 251 127 67 49 457 168 132 106 99 60 289 263 68
internal_count=49917 508 49409 584 48825 526 411 390 115 48299 16111 15784 32188 9160 23028 327 409 251 127 67 49 457 168 132 106 99 60 289 263 68
is_linear=0
shrinkage=0.03


Tree=210
num_leaves=31
num_cat=0
split_feature=52 40 0 70 70 70 11 69 0 19 70 34 9 37 7 22 53 21 10 66 11 47 47 73 41 39 24 11 11 69
split_gain=0.0275611 0.0768706 0.0460656 0.039665 0.0434513 0.0413702 0.0375829 0.0363537 0.0360834 0.0987547 0.0910222 0.115697 0.0779333 0.100663 0.0730047 0.0728326 0.0786999 0.0770155 0.06928 0.17714 0.0689309 0.0683063 0.0372521 0.0336185 0.0278284 0.0272469 0.0250673 0.0236872 0.04091 0.0304244
threshold=88.607142857142875 2.8025000000000007 22.500000000000004 -0.9975933521984367 -0.78295110140207613 -0.8140159405215136 0.26824166666666677 -0.13301347478292289 22.500000000000004 0.0023791642342855437 0.1159303052754759 4.3678571428571447 0.16134791666666667 0.0057735026918961357 -296.49996067919852 0.35223214285714283 1.9889806323953383 0.014815921020777594 0.28419583333333337 -0.074993749999999984 0.25775833333333337 1.3094437053257217 0.14525460784051222 -0.13584763792205742 0.80520456754021785 0.34209090964841543 -10.152773365663645 0.14906249999999996 0.16702083333333331 -0.413274780713969
decision_type=2 2 2 2 2 2 2 2 2 2 2 2 2 2 2 2 2 2 2 2 2 2 2 2 2 2 2 2 2 2
left_child=1 2 27 26 5 6 -5 -4 9 12 21 -12 14 -14 -3 18 17 -17 20 -20 -10 -11 -18 -6 -25 -26 -2 -1 -29 -30
right_child=3 8 7 4 23 -7 -8 -9 15 10 11 -13 13 -15 -16 16 22 -19 19 -21 -22 -23 -24 24 25 -27 -28 28 29 -31
leaf_value=-3.206820100456536e-05 -0.00099231221917864807 0.00014660948305885699 -0.00014991174175132374 9.5168538732445069e-05 -0.00034016828687839903 0.0014422934497415553 0.00067002159990240914 0.00064257759160924854 -1.9691842124854586e-05 5.4807001042037224e-05 -2.5996557248295213e-05 -0.00029712925683034695 0.00050129062426918912 0.00012324541958653456 -6.1562075789117255e-05 -0.00020721313367788556 -0.0018002378564893398 0.00088735176498691234 -0.001843603915391633 0.00019259397076908455 -0.00026553905045243495 -0.00048532508607618079 -0.00057024467543242247 0.00015568014275853251 -0.00083984163415516374 -1.0207108755404238e-05 0 -0.0015186613504325837 -5.4322637759025562e-05 -0.000572754227470723
leaf_weight=142 45 2754 179 322 171 31 161 71 16836 8788 5108 1975 819 2974 3349 636 27 62 38 1955 1096 214 256 1265 47 169 52 34 163 349
leaf_count=142 45 2754 179 322 171 31 161 71 16836 8788 5108 1975 819 2974 3349 636 27 62 38 1955 1096 214 256 1265 47 169 52 34 163 349
internal_value=3.29902e-08 -4.74881e-06 -0.000273515 0.000102371 0.00013012 0.000371721 0.000293973 6.48664e-05 5.69737e-07 2.42398e-05 -2.14839e-05 -0.000102053 9.88572e-05 0.000205776 3.18932e-05 -2.87026e-05 -0.000281111 -0.000104566 -1.61113e-05 0.000151361 -3.48992e-05 4.1581e-05 -0.000704083 5.29549e-05 0.000100569 -0.000207593 -0.000481652 -0.000400743 -0.000490907 -0.000413982
internal_weight=50088 47825 938 2263 2166 514 483 250 46887 25981 16085 7083 9896 3793 6103 20906 981 698 19925 1993 17932 9002 283 1652 1481 216 97 688 546 512
internal_count=50088 47825 938 2263 2166 514 483 250 46887 25981 16085 7083 9896 3793 6103 20906 981 698 19925 1993 17932 9002 283 1652 1481 216 97 688 546 512
is_linear=0
shrinkage=0.03


Tree=211
num_leaves=31
num_cat=0
split_feature=66 65 73 53 69 12 1 52 28 5 7 23 23 42 22 66 69 66 46 10 46 11 7 17 64 57 7 28 64 46
split_gain=0.0270034 0.0629078 0.0519151 0.077907 0.0697636 0.0488927 0.0467069 0.0606887 0.0983748 0.0674156 0.0434629 0.063532 0.0425736 0.0363492 0.0362467 0.0372736 0.0334139 0.0309513 0.0308743 0.0273987 0.0642788 0.0391422 0.0380248 0.0322823 0.0312289 0.0469145 0.0334501 0.0295894 0.0257903 0.0241502
threshold=-0.0097499999999999098 -0.049916666666666644 10.079143066830797 13.357303825878732 0.94417876540878176 0.042506250000000009 12.550000000000002 75.535714285714292 -36.179759481718726 -15.555758172347886 -438.70155577100007 0.029875015166721523 0.080036198740053036 27.466666666666679 0.32522648809523813 0.0095833333333332858 0.4900241286343337 -0.18474166666666667 27.696428571428577 0.069406159420289812 32.660714285714299 0.063704166666666603 -1500.0000000000143 -179.77557612444153 1957.5000000000002 1.2000000000000024 -1500.0000000000025 -13.049657933453073 76.500000000000014 20.925000000000004
decision_type=2 2 2 2 2 2 2 2 2 2 2 2 2 2 2 2 2 2 2 2 2 2 2 2 2 2 2 2 2 2
left_child=2 5 3 6 -5 -2 7 8 -1 -9 17 -12 18 -13 15 -7 -17 -4 -8 21 24 29 -22 -24 26 -26 -21 -23 -19 -3
right_child=1 19 10 4 -6 14 12 9 -10 -11 11 13 -14 -15 -16 16 -18 28 -20 20 22 27 23 -25 25 -27 -28 -29 -30 -31
leaf_value=-2.8939422191101986e-05 0.00073150617367512478 -0.00012047380671800029 -0.0017452107571516533 0.00015433568301232299 0.0023105883104726668 -0.00043331039778804253 8.6377526136857338e-05 -0.00021527729492734046 0.00029321172664834895 -2.6359759782161756e-05 -0.00050170439452443629 7.3741890870643624e-05 0.00098547049008052912 0.001661729609593749 -0.0016025517283176833 0.00062371118663854532 -0.00060851683177881772 -0.0010223054013747189 0.001218929667673681 -7.9119608881256056e-05 0.0014264788234519749 -0.00023538174261485424 -2.1377156486139295e-05 0.00099378687569235519 -0.00070470667358131316 0 4.7176831087023423e-05 0.00085246571849777609 -0.00022604178245678812 1.6376031164764864e-05
leaf_weight=4892 36 1354 23 39 23 426 691 2877 1030 4259 92 38 57 23 21 62 26 62 22 2044 42 914 73 40 127 244 22369 21 123 8038
leaf_count=4892 36 1354 23 39 23 426 691 2877 1030 4259 92 38 57 23 21 62 26 62 22 2044 42 914 73 40 127 244 22369 21 123 8038
internal_value=1.17982e-08 1.39622e-05 -3.48574e-05 -2.53809e-05 0.00102583 -0.000297815 -3.0385e-05 -4.39666e-05 2.66251e-05 -0.000102965 -0.000390112 0 0.000195805 0.000738023 -0.00037391 -0.000314873 0.000223189 -0.000671385 0.000127183 1.91036e-05 3.61645e-05 -2.18063e-05 0.000644243 0.000317222 3.22147e-05 -0.000239529 3.64769e-05 -0.000206859 -0.000513088 -3.0443e-06
internal_weight=50088 35837 14251 13890 62 571 13828 13058 5922 7136 361 153 770 61 535 514 88 208 713 35266 24939 10327 155 113 24784 371 24413 935 185 9392
internal_count=50088 35837 14251 13890 62 571 13828 13058 5922 7136 361 153 770 61 535 514 88 208 713 35266 24939 10327 155 113 24784 371 24413 935 185 9392
is_linear=0
shrinkage=0.03


Tree=212
num_leaves=31
num_cat=0
split_feature=29 51 22 23 28 35 66 65 39 16 40 12 23 23 57 22 41 22 0 70 19 68 35 12 21 1 36 12 70 35
split_gain=0.0258182 0.025376 0.0462929 0.0469011 0.0323862 0.0323537 0.0249176 0.0582062 0.0514184 0.0554877 0.051105 0.046075 0.0452208 0.0360194 0.05304 0.0341997 0.0300322 0.0477543 0.0339663 0.018933 0.0264462 0.0186292 0.0177564 0.00878027 0.00768596 0.0070917 0.00673516 0.00533165 0.00505567 0.00448437
threshold=664.34278820053476 12.295953498649219 0.17466815476190475 0.031191801163719415 -328.6744114478891 0.25943726083138652 -0.0097499999999999098 -0.049916666666666644 0.7223012166736088 -7.5097215544334164 3.0632142857142863 0.042506250000000009 0.044561479065545549 0.080036198740053036 17.650000000000009 0.32522648809523813 0.96946980374972447 0.28429166666666666 47.500000000000007 0.098816478347602127 0.014564863353369133 -1.5827939902200414 4.4067879708218589 0.16106249999999997 0.0025590263913122572 1.2500000000000002 3.9766666666666679 0.064468115942028961 0.51972456038539816 3.6603346090945874
decision_type=2 2 2 2 2 2 2 2 2 2 2 2 2 2 2 2 2 2 2 2 2 2 2 2 2 2 2 2 2 2
left_child=1 6 4 21 5 27 8 11 9 12 -11 -8 -1 14 -10 -13 18 -18 -9 -2 23 26 -15 -21 -6 -5 -4 -3 -23 -26
right_child=19 2 3 25 24 -7 7 16 13 10 -12 15 -14 22 -16 -17 17 -19 -20 20 -22 28 -24 -25 29 -27 -28 -29 -30 -31
leaf_value=-0.00010902313496141082 4.4992796207980229e-05 0.00025063460032314261 0.00014773378059035165 0.0018486545334259667 -1.9836317691630836e-05 0.00098554164295185445 0.00071015408333088901 4.5417093578316668e-05 -0.00061288077967514368 -0.00036969184187850556 0.00025564996623153759 -0.00030458936600733107 2.3703994428415698e-05 0.00023143722396343943 0.0001450195647847818 -0.0015566604325378483 -5.6999851891377462e-05 -0.00064834333924784695 -1.7708577182100824e-05 -0.00033301924364059234 4.3985801939429203e-05 0.00014972860589270047 0.0016480784884520937 -0.0011795412309619844 -0.0001933854054659605 0.0007135931144584901 0.00093977244188093144 -0.00022980537860784069 -0.00036063422198111023 -0.0010448834876064211
leaf_weight=8465 52 27 29 26 28 36 36 21895 86 133 817 510 3130 23 1446 21 1108 140 11725 31 32 27 20 48 20 23 33 60 32 29
leaf_count=8465 52 27 29 26 28 36 36 21895 86 133 817 510 3130 23 1446 21 1108 140 11725 31 32 27 20 48 20 23 33 60 32 29
internal_value=1.26435e-08 1.30696e-06 0.000248511 0.000612372 -4.73541e-05 0.000237618 -4.83215e-07 1.2884e-05 -3.424e-05 -5.46939e-05 0.000164651 -0.000288056 -7.29366e-05 0.000126705 0.000100145 -0.000362578 1.78718e-05 -0.000126204 2.33129e-05 -0.000375719 -0.000598238 0.000259637 0.000981003 -0.000893177 -0.000538242 0.0014008 0.000625147 -4.54586e-05 -7.84755e-05 -0.000768152
internal_weight=50088 49925 370 170 200 123 49555 35435 14120 12545 950 567 11595 1575 1532 531 34868 1248 33620 163 111 121 43 79 77 49 62 87 59 49
internal_count=50088 49925 370 170 200 123 49555 35435 14120 12545 950 567 11595 1575 1532 531 34868 1248 33620 163 111 121 43 79 77 49 62 87 59 49
is_linear=0
shrinkage=0.03


end of trees

feature_importances:
soil_moisture_roll14d_mean=378
day_of_year_sin=305
soil_moisture_lag14d=301
depth_cm=277
soil_moisture_roll14d_std=277
day_of_year_cos=251
soil_moisture_roll7d_std=227
physics_prior_deep=200
days_since_rain_5mm=199
soil_moisture_trend7d=190
soil_moisture_lag3d=184
soil_moisture_diff1d=179
temperature_2m_roll14d_mean=175
soil_moisture_roll3d_mean=168
soil_moisture_roll7d_mean=155
physics_residual_roll14d=149
et0_mm_roll14d_std=147
physics_prior_root=133
physics_residual_roll30d=131
temperature_2m_roll14d_std=126
soil_moisture_lag1d=119
soil_moisture_lag7d=119
temperature_2m_roll7d_mean=96
relative_humidity_2m_roll14d_std=93
physics_prior_surface=90
precipitation_mm_roll14d_std=89
precip_cum30d=88
temperature_2m=83
soil_moisture_roll3d_std=83
et0_mm_roll7d_std=82
p_minus_et_cum30d=82
relative_humidity_2m_roll14d_mean=79
et0_mm_roll14d_mean=78
physics_prior_surface_trend7d=67
temperature_2m_roll3d_mean=62
relative_humidity_2m_roll7d_std=56
soil_moisture_lag2d=53
precipitation_mm_roll7d_std=53
temperature_2m_roll7d_std=50
et0_mm=48
physics_prior_surface_roll14d_std=47
physics_prior_surface_roll3d_mean=38
et0_mm_roll3d_std=37
precipitation_mm_roll14d_mean=33
et0_mm_roll7d_mean=33
physics_prior_surface_roll14d_mean=31
relative_humidity_2m_roll7d_mean=31
physics_prior_surface_lag14d=29
physics_prior_surface_roll7d_std=29
physics_prior_surface_roll7d_mean=24
p_minus_et_cum14d=24
physics_residual_roll7d=24
physics_prior_surface_lag3d=23
precipitation_mm_roll7d_mean=21
p_minus_et_cum7d=20
physics_prior_surface_roll3d_std=18
precipitation_mm=17
et0_mm_roll3d_mean=16
relative_humidity_2m_roll3d_mean=16
relative_humidity_2m_roll3d_std=16
physics_prior_surface_diff1d=16
relative_humidity_2m=15
physics_prior_surface_lag2d=14
temperature_2m_roll3d_std=14
physics_prior_surface_lag1d=12
et0_cum14d=12
physics_prior_surface_lag7d=9
precipitation_mm_roll3d_mean=9
et0_cum7d=9
precip_cum14d=8
et0_cum3d=8
precipitation_mm_roll3d_std=7
precip_cum7d=6
precip_cum3d=2

parameters:
[boosting: gbdt]
[objective: regression]
[metric: rmse]
[tree_learner: serial]
[device_type: cpu]
[data_sample_strategy: bagging]
[data: ]
[valid: ]
[num_iterations: 1000]
[learning_rate: 0.03]
[num_leaves: 31]
[num_threads: 0]
[seed: 42]
[deterministic: 0]
[force_col_wise: 0]
[force_row_wise: 0]
[histogram_pool_size: -1]
[max_depth: 6]
[min_data_in_leaf: 20]
[min_sum_hessian_in_leaf: 0.001]
[bagging_fraction: 0.8]
[pos_bagging_fraction: 1]
[neg_bagging_fraction: 1]
[bagging_freq: 5]
[bagging_seed: 400]
[bagging_by_query: 0]
[feature_fraction: 0.8]
[feature_fraction_bynode: 1]
[feature_fraction_seed: 30056]
[extra_trees: 0]
[extra_seed: 12879]
[early_stopping_round: 0]
[early_stopping_min_delta: 0]
[first_metric_only: 0]
[max_delta_step: 0]
[lambda_l1: 0.1]
[lambda_l2: 1]
[linear_lambda: 0]
[min_gain_to_split: 0]
[drop_rate: 0.1]
[max_drop: 50]
[skip_drop: 0.5]
[xgboost_dart_mode: 0]
[uniform_drop: 0]
[drop_seed: 17869]
[top_rate: 0.2]
[other_rate: 0.1]
[min_data_per_group: 100]
[max_cat_threshold: 32]
[cat_l2: 10]
[cat_smooth: 10]
[max_cat_to_onehot: 4]
[top_k: 20]
[monotone_constraints: ]
[monotone_constraints_method: basic]
[monotone_penalty: 0]
[feature_contri: ]
[forcedsplits_filename: ]
[refit_decay_rate: 0.9]
[cegb_tradeoff: 1]
[cegb_penalty_split: 0]
[cegb_penalty_feature_lazy: ]
[cegb_penalty_feature_coupled: ]
[path_smooth: 0]
[interaction_constraints: ]
[verbosity: -1]
[saved_feature_importance_type: 0]
[use_quantized_grad: 0]
[num_grad_quant_bins: 4]
[quant_train_renew_leaf: 0]
[stochastic_rounding: 1]
[linear_tree: 0]
[max_bin: 255]
[max_bin_by_feature: ]
[min_data_in_bin: 3]
[bin_construct_sample_cnt: 200000]
[data_random_seed: 175]
[is_enable_sparse: 1]
[enable_bundle: 1]
[use_missing: 1]
[zero_as_missing: 0]
[feature_pre_filter: 1]
[pre_partition: 0]
[two_round: 0]
[header: 0]
[label_column: ]
[weight_column: ]
[group_column: ]
[ignore_column: ]
[categorical_feature: ]
[forcedbins_filename: ]
[precise_float_parser: 0]
[parser_config_file: ]
[objective_seed: 16083]
[num_class: 1]
[is_unbalance: 0]
[scale_pos_weight: 1]
[sigmoid: 1]
[boost_from_average: 1]
[reg_sqrt: 0]
[alpha: 0.9]
[fair_c: 1]
[poisson_max_delta_step: 0.7]
[tweedie_variance_power: 1.5]
[lambdarank_truncation_level: 30]
[lambdarank_norm: 1]
[label_gain: ]
[lambdarank_position_bias_regularization: 0]
[eval_at: ]
[multi_error_top_k: 1]
[auc_mu_weights: ]
[num_machines: 1]
[local_listen_port: 12400]
[time_out: 120]
[machine_list_filename: ]
[machines: ]
[gpu_platform_id: -1]
[gpu_device_id: -1]
[gpu_use_dp: 0]
[num_gpu: 1]

end of parameters

pandas_categorical:null
