horizon,horizon_days,RMSE_mean,RMSE_std,KGE_mean,KGE_std,NSE_mean,R2_mean,n_observations
0h,0,0.12104836322543593,0.048573233139296554,-0.30222974204796094,1.9480570383629356,-42.13993429191223,0.15472317050768636,40
24h,1,0.1209301486308489,0.048613130857701754,-0.29948782649656264,1.9545752563230003,-42.365910224436675,0.1587884718321685,40
72h,3,0.12062669794987917,0.048686302608515725,-0.29330183090090856,1.9671911683930077,-42.78425024661284,0.1675428228016438,40
168h,7,0.11997608959107857,0.04882862543454794,-0.27950606874413164,1.9897632605156017,-43.531612897624015,0.1824152350728629,40
