horizon,horizon_days,RMSE_mean,RMSE_std,KGE_mean,KGE_std,NSE_mean,R2_mean,n_observations
0h,0,0.0816276748792596,0.0359554509527726,-1.9450230974850877,12.753917497287166,-1461.0882012782836,-1461.0882012782836,52
24h,1,0.08164702856112596,0.035912743532757085,-1.9526907138309881,12.815180279544839,-1464.9065568078522,-1464.9065568078522,52
72h,3,0.0819817014527562,0.03574513314077491,-1.9774335290664253,12.959014357178507,-1476.3549938060216,-1476.3549938060216,52
168h,7,0.08253071189498765,0.035461643727003556,-2.0112270346300485,13.132958535998384,-1478.6704145111603,-1478.6704145111603,52
