season,RMSE_mean,RMSE_std,KGE_mean,KGE_std,NSE_mean,n_observations,total_days
wet,0.07824883763329292,0.03851964087278971,-0.5667614775884307,3.030704650796961,-846.2672517211613,52,12552.0
dry,0.08335689700005017,0.036223063969649,-4.534466525267714,20.370735419469582,-9508.501137955473,52,16091.0
transition,0.07549378626686268,0.023251932558024546,-1.035253065794463,1.5764367759115876,-1882.202688227094,15,3604.0
